/*
 Navicat Premium Data Transfer

 Source Server         : myproject
 Source Server Type    : MySQL
 Source Server Version : 50636
 Source Host           : localhost:3306
 Source Schema         : ry-vue

 Target Server Type    : MySQL
 Target Server Version : 50636
 File Encoding         : 65001

 Date: 30/05/2023 19:13:29
*/

SET NAMES utf8mb4;
SET FOREIGN_KEY_CHECKS = 0;

-- ----------------------------
-- Table structure for act_evt_log
-- ----------------------------
DROP TABLE IF EXISTS `act_evt_log`;
CREATE TABLE `act_evt_log`  (
  `LOG_NR_` bigint(20) NOT NULL AUTO_INCREMENT,
  `TYPE_` varchar(64) CHARACTER SET utf8 COLLATE utf8_bin NULL DEFAULT NULL,
  `PROC_DEF_ID_` varchar(64) CHARACTER SET utf8 COLLATE utf8_bin NULL DEFAULT NULL,
  `PROC_INST_ID_` varchar(64) CHARACTER SET utf8 COLLATE utf8_bin NULL DEFAULT NULL,
  `EXECUTION_ID_` varchar(64) CHARACTER SET utf8 COLLATE utf8_bin NULL DEFAULT NULL,
  `TASK_ID_` varchar(64) CHARACTER SET utf8 COLLATE utf8_bin NULL DEFAULT NULL,
  `TIME_STAMP_` timestamp(3) NOT NULL DEFAULT CURRENT_TIMESTAMP(3) ON UPDATE CURRENT_TIMESTAMP(3),
  `USER_ID_` varchar(255) CHARACTER SET utf8 COLLATE utf8_bin NULL DEFAULT NULL,
  `DATA_` longblob NULL,
  `LOCK_OWNER_` varchar(255) CHARACTER SET utf8 COLLATE utf8_bin NULL DEFAULT NULL,
  `LOCK_TIME_` timestamp(3) NULL DEFAULT NULL,
  `IS_PROCESSED_` tinyint(4) NULL DEFAULT 0,
  PRIMARY KEY (`LOG_NR_`) USING BTREE
) ENGINE = InnoDB AUTO_INCREMENT = 1 CHARACTER SET = utf8 COLLATE = utf8_bin ROW_FORMAT = Compact;

-- ----------------------------
-- Records of act_evt_log
-- ----------------------------

-- ----------------------------
-- Table structure for act_ge_bytearray
-- ----------------------------
DROP TABLE IF EXISTS `act_ge_bytearray`;
CREATE TABLE `act_ge_bytearray`  (
  `ID_` varchar(64) CHARACTER SET utf8 COLLATE utf8_bin NOT NULL DEFAULT '',
  `REV_` int(11) NULL DEFAULT NULL,
  `NAME_` varchar(255) CHARACTER SET utf8 COLLATE utf8_bin NULL DEFAULT NULL,
  `DEPLOYMENT_ID_` varchar(64) CHARACTER SET utf8 COLLATE utf8_bin NULL DEFAULT NULL,
  `BYTES_` longblob NULL,
  `GENERATED_` tinyint(4) NULL DEFAULT NULL,
  PRIMARY KEY (`ID_`) USING BTREE,
  INDEX `ACT_FK_BYTEARR_DEPL`(`DEPLOYMENT_ID_`) USING BTREE,
  CONSTRAINT `ACT_FK_BYTEARR_DEPL` FOREIGN KEY (`DEPLOYMENT_ID_`) REFERENCES `act_re_deployment` (`ID_`) ON DELETE RESTRICT ON UPDATE RESTRICT
) ENGINE = InnoDB CHARACTER SET = utf8 COLLATE = utf8_bin ROW_FORMAT = Compact;

-- ----------------------------
-- Records of act_ge_bytearray
-- ----------------------------
INSERT INTO `act_ge_bytearray` VALUES ('22547', 1, 'bus_service_car_package4000.bpmn', '22546', 0x3C3F786D6C2076657273696F6E3D22312E302220656E636F64696E673D225554462D3822207374616E64616C6F6E653D22796573223F3E0D0A3C646566696E6974696F6E7320786D6C6E733D22687474703A2F2F7777772E6F6D672E6F72672F737065632F42504D4E2F32303130303532342F4D4F44454C2220786D6C6E733A61637469766974693D22687474703A2F2F61637469766974692E6F72672F62706D6E2220786D6C6E733A62706D6E64693D22687474703A2F2F7777772E6F6D672E6F72672F737065632F42504D4E2F32303130303532342F44492220786D6C6E733A6F6D6764633D22687474703A2F2F7777772E6F6D672E6F72672F737065632F44442F32303130303532342F44432220786D6C6E733A6F6D6764693D22687474703A2F2F7777772E6F6D672E6F72672F737065632F44442F32303130303532342F44492220786D6C6E733A746E733D22687474703A2F2F7777772E61637469766974692E6F72672F746573742220786D6C6E733A7873643D22687474703A2F2F7777772E77332E6F72672F323030312F584D4C536368656D612220786D6C6E733A7873693D22687474703A2F2F7777772E77332E6F72672F323030312F584D4C536368656D612D696E7374616E6365222065787072657373696F6E4C616E67756167653D22687474703A2F2F7777772E77332E6F72672F313939392F5850617468222069643D226D3136333334393336353330363222206E616D653D2222207461726765744E616D6573706163653D22687474703A2F2F7777772E61637469766974692E6F72672F746573742220747970654C616E67756167653D22687474703A2F2F7777772E77332E6F72672F323030312F584D4C536368656D61223E0D0A20203C70726F636573732069643D226275735F6361725F7061636B61676522206973436C6F7365643D2266616C73652220697345786563757461626C653D227472756522206E616D653D22E69C8DE58AA1E5A597E9A490E5AEA1E6A0B8E6B581E7A88B222070726F63657373547970653D224E6F6E65223E0D0A202020203C73746172744576656E742069643D225F3222206E616D653D2253746172744576656E74222F3E0D0A202020203C757365725461736B2061637469766974693A61737369676E65653D22247B73686F704F776E657249647D222061637469766974693A6578636C75736976653D2274727565222069643D2273686F704F776E657222206E616D653D22E5BA97E995BFE5AEA1E6A0B8222F3E0D0A202020203C6578636C7573697665476174657761792067617465776179446972656374696F6E3D22556E737065636966696564222069643D225F3422206E616D653D22E5AEA1E6A0B8E9809AE8BF87E4B88EE68B92E7BB9D222F3E0D0A202020203C6578636C7573697665476174657761792067617465776179446972656374696F6E3D22556E737065636966696564222069643D225F3522206E616D653D22E698AFE590A6E5A4A7E4BA8E34303030222F3E0D0A202020203C757365725461736B2061637469766974693A61737369676E65653D22247B66696E616E636549647D222061637469766974693A6578636C75736976653D2274727565222069643D2266696E616E6369616C22206E616D653D22E8B4A2E58AA1E5AEA1E6A0B8222F3E0D0A202020203C656E644576656E742069643D225F3722206E616D653D22456E644576656E74222F3E0D0A202020203C73657175656E6365466C6F772069643D225F382220736F757263655265663D225F3222207461726765745265663D2273686F704F776E6572222F3E0D0A202020203C73657175656E6365466C6F772069643D225F392220736F757263655265663D2273686F704F776E657222207461726765745265663D225F34222F3E0D0A202020203C73657175656E6365466C6F772069643D225F313022206E616D653D22E5AEA1E6A0B8E68B92E7BB9D2220736F757263655265663D225F3422207461726765745265663D225F37223E0D0A2020202020203C636F6E646974696F6E45787072657373696F6E207873693A747970653D2274466F726D616C45787072657373696F6E223E3C215B43444154415B247B2173686F704F776E65727D5D5D3E3C2F636F6E646974696F6E45787072657373696F6E3E0D0A202020203C2F73657175656E6365466C6F773E0D0A202020203C73657175656E6365466C6F772069643D225F313122206E616D653D22E5AEA1E6A0B8E9809AE8BF872220736F757263655265663D225F3422207461726765745265663D225F35223E0D0A2020202020203C636F6E646974696F6E45787072657373696F6E207873693A747970653D2274466F726D616C45787072657373696F6E223E3C215B43444154415B247B73686F704F776E65727D5D5D3E3C2F636F6E646974696F6E45787072657373696F6E3E0D0A202020203C2F73657175656E6365466C6F773E0D0A202020203C73657175656E6365466C6F772069643D225F313222206E616D653D22E68A98E689A3E4BBB72667743B3D343030302220736F757263655265663D225F3522207461726765745265663D2266696E616E6369616C223E0D0A2020202020203C636F6E646974696F6E45787072657373696F6E207873693A747970653D2274466F726D616C45787072657373696F6E223E3C215B43444154415B247B646973436F756E7450726963653E3D343030307D5D5D3E3C2F636F6E646974696F6E45787072657373696F6E3E0D0A202020203C2F73657175656E6365466C6F773E0D0A202020203C73657175656E6365466C6F772069643D225F313322206E616D653D22E68A98E689A3E4BBB7266C743B343030302220736F757263655265663D225F3522207461726765745265663D225F37223E0D0A2020202020203C636F6E646974696F6E45787072657373696F6E207873693A747970653D2274466F726D616C45787072657373696F6E223E3C215B43444154415B247B646973436F756E7450726963653C343030307D5D5D3E3C2F636F6E646974696F6E45787072657373696F6E3E0D0A202020203C2F73657175656E6365466C6F773E0D0A202020203C73657175656E6365466C6F772069643D225F31342220736F757263655265663D2266696E616E6369616C22207461726765745265663D225F37222F3E0D0A20203C2F70726F636573733E0D0A20203C62706D6E64693A42504D4E4469616772616D20646F63756D656E746174696F6E3D226261636B67726F756E643D234646464646463B636F756E743D313B686F72697A6F6E74616C636F756E743D313B6F7269656E746174696F6E3D303B77696474683D3834322E343B6865696768743D313139352E323B696D61676561626C6557696474683D3833322E343B696D61676561626C654865696768743D313138352E323B696D61676561626C65583D352E303B696D61676561626C65593D352E30222069643D224469616772616D2D5F3122206E616D653D224E6577204469616772616D223E0D0A202020203C62706D6E64693A42504D4E506C616E652062706D6E456C656D656E743D226275735F6361725F7061636B616765223E0D0A2020202020203C62706D6E64693A42504D4E53686170652062706D6E456C656D656E743D225F32222069643D2253686170652D5F32223E0D0A20202020202020203C6F6D6764633A426F756E6473206865696768743D2233322E30222077696474683D2233322E302220783D223131352E302220793D223330352E30222F3E0D0A20202020202020203C62706D6E64693A42504D4E4C6162656C3E0D0A202020202020202020203C6F6D6764633A426F756E6473206865696768743D2233322E30222077696474683D2233322E302220783D22302E302220793D22302E30222F3E0D0A20202020202020203C2F62706D6E64693A42504D4E4C6162656C3E0D0A2020202020203C2F62706D6E64693A42504D4E53686170653E0D0A2020202020203C62706D6E64693A42504D4E53686170652062706D6E456C656D656E743D2273686F704F776E6572222069643D2253686170652D73686F704F776E6572223E0D0A20202020202020203C6F6D6764633A426F756E6473206865696768743D2235352E30222077696474683D2238352E302220783D223237302E302220793D223239352E30222F3E0D0A20202020202020203C62706D6E64693A42504D4E4C6162656C3E0D0A202020202020202020203C6F6D6764633A426F756E6473206865696768743D2235352E30222077696474683D2238352E302220783D22302E302220793D22302E30222F3E0D0A20202020202020203C2F62706D6E64693A42504D4E4C6162656C3E0D0A2020202020203C2F62706D6E64693A42504D4E53686170653E0D0A2020202020203C62706D6E64693A42504D4E53686170652062706D6E456C656D656E743D225F34222069643D2253686170652D5F34222069734D61726B657256697369626C653D2266616C7365223E0D0A20202020202020203C6F6D6764633A426F756E6473206865696768743D2233322E30222077696474683D2233322E302220783D223435352E302220793D223330352E30222F3E0D0A20202020202020203C62706D6E64693A42504D4E4C6162656C3E0D0A202020202020202020203C6F6D6764633A426F756E6473206865696768743D2233322E30222077696474683D2233322E302220783D22302E302220793D22302E30222F3E0D0A20202020202020203C2F62706D6E64693A42504D4E4C6162656C3E0D0A2020202020203C2F62706D6E64693A42504D4E53686170653E0D0A2020202020203C62706D6E64693A42504D4E53686170652062706D6E456C656D656E743D225F35222069643D2253686170652D5F35222069734D61726B657256697369626C653D2266616C7365223E0D0A20202020202020203C6F6D6764633A426F756E6473206865696768743D2233322E30222077696474683D2233322E302220783D223633352E302220793D223138352E30222F3E0D0A20202020202020203C62706D6E64693A42504D4E4C6162656C3E0D0A202020202020202020203C6F6D6764633A426F756E6473206865696768743D2233322E30222077696474683D2233322E302220783D22302E302220793D22302E30222F3E0D0A20202020202020203C2F62706D6E64693A42504D4E4C6162656C3E0D0A2020202020203C2F62706D6E64693A42504D4E53686170653E0D0A2020202020203C62706D6E64693A42504D4E53686170652062706D6E456C656D656E743D2266696E616E6369616C222069643D2253686170652D66696E616E6369616C223E0D0A20202020202020203C6F6D6764633A426F756E6473206865696768743D2235352E30222077696474683D2238352E302220783D223837352E302220793D2236302E30222F3E0D0A20202020202020203C62706D6E64693A42504D4E4C6162656C3E0D0A202020202020202020203C6F6D6764633A426F756E6473206865696768743D2235352E30222077696474683D2238352E302220783D22302E302220793D22302E30222F3E0D0A20202020202020203C2F62706D6E64693A42504D4E4C6162656C3E0D0A2020202020203C2F62706D6E64693A42504D4E53686170653E0D0A2020202020203C62706D6E64693A42504D4E53686170652062706D6E456C656D656E743D225F37222069643D2253686170652D5F37223E0D0A20202020202020203C6F6D6764633A426F756E6473206865696768743D2233322E30222077696474683D2233322E302220783D223838302E302220793D223330352E30222F3E0D0A20202020202020203C62706D6E64693A42504D4E4C6162656C3E0D0A202020202020202020203C6F6D6764633A426F756E6473206865696768743D2233322E30222077696474683D2233322E302220783D22302E302220793D22302E30222F3E0D0A20202020202020203C2F62706D6E64693A42504D4E4C6162656C3E0D0A2020202020203C2F62706D6E64693A42504D4E53686170653E0D0A2020202020203C62706D6E64693A42504D4E456467652062706D6E456C656D656E743D225F3133222069643D2242504D4E456467655F5F31332220736F75726365456C656D656E743D225F352220746172676574456C656D656E743D225F37223E0D0A20202020202020203C6F6D6764693A776179706F696E7420783D223636372E302220793D223230312E30222F3E0D0A20202020202020203C6F6D6764693A776179706F696E7420783D223838302E302220793D223332312E30222F3E0D0A20202020202020203C62706D6E64693A42504D4E4C6162656C3E0D0A202020202020202020203C6F6D6764633A426F756E6473206865696768743D22302E30222077696474683D22302E302220783D22302E302220793D22302E30222F3E0D0A20202020202020203C2F62706D6E64693A42504D4E4C6162656C3E0D0A2020202020203C2F62706D6E64693A42504D4E456467653E0D0A2020202020203C62706D6E64693A42504D4E456467652062706D6E456C656D656E743D225F3132222069643D2242504D4E456467655F5F31322220736F75726365456C656D656E743D225F352220746172676574456C656D656E743D225F36223E0D0A20202020202020203C6F6D6764693A776179706F696E7420783D223636372E302220793D223230312E30222F3E0D0A20202020202020203C6F6D6764693A776179706F696E7420783D223837352E302220793D2238372E35222F3E0D0A20202020202020203C62706D6E64693A42504D4E4C6162656C3E0D0A202020202020202020203C6F6D6764633A426F756E6473206865696768743D22302E30222077696474683D22302E302220783D22302E302220793D22302E30222F3E0D0A20202020202020203C2F62706D6E64693A42504D4E4C6162656C3E0D0A2020202020203C2F62706D6E64693A42504D4E456467653E0D0A2020202020203C62706D6E64693A42504D4E456467652062706D6E456C656D656E743D225F3134222069643D2242504D4E456467655F5F31342220736F75726365456C656D656E743D225F362220746172676574456C656D656E743D225F37223E0D0A20202020202020203C6F6D6764693A776179706F696E7420783D223839362E302220793D223131352E30222F3E0D0A20202020202020203C6F6D6764693A776179706F696E7420783D223839362E302220793D223330352E30222F3E0D0A20202020202020203C62706D6E64693A42504D4E4C6162656C3E0D0A202020202020202020203C6F6D6764633A426F756E6473206865696768743D22302E30222077696474683D22302E302220783D22302E302220793D22302E30222F3E0D0A20202020202020203C2F62706D6E64693A42504D4E4C6162656C3E0D0A2020202020203C2F62706D6E64693A42504D4E456467653E0D0A2020202020203C62706D6E64693A42504D4E456467652062706D6E456C656D656E743D225F38222069643D2242504D4E456467655F5F382220736F75726365456C656D656E743D225F322220746172676574456C656D656E743D225F33223E0D0A20202020202020203C6F6D6764693A776179706F696E7420783D223134372E302220793D223332312E30222F3E0D0A20202020202020203C6F6D6764693A776179706F696E7420783D223237302E302220793D223332322E35222F3E0D0A20202020202020203C62706D6E64693A42504D4E4C6162656C3E0D0A202020202020202020203C6F6D6764633A426F756E6473206865696768743D22302E30222077696474683D22302E302220783D22302E302220793D22302E30222F3E0D0A20202020202020203C2F62706D6E64693A42504D4E4C6162656C3E0D0A2020202020203C2F62706D6E64693A42504D4E456467653E0D0A2020202020203C62706D6E64693A42504D4E456467652062706D6E456C656D656E743D225F39222069643D2242504D4E456467655F5F392220736F75726365456C656D656E743D225F332220746172676574456C656D656E743D225F34223E0D0A20202020202020203C6F6D6764693A776179706F696E7420783D223335352E302220793D223332322E35222F3E0D0A20202020202020203C6F6D6764693A776179706F696E7420783D223435352E302220793D223332312E30222F3E0D0A20202020202020203C62706D6E64693A42504D4E4C6162656C3E0D0A202020202020202020203C6F6D6764633A426F756E6473206865696768743D22302E30222077696474683D22302E302220783D22302E302220793D22302E30222F3E0D0A20202020202020203C2F62706D6E64693A42504D4E4C6162656C3E0D0A2020202020203C2F62706D6E64693A42504D4E456467653E0D0A2020202020203C62706D6E64693A42504D4E456467652062706D6E456C656D656E743D225F3131222069643D2242504D4E456467655F5F31312220736F75726365456C656D656E743D225F342220746172676574456C656D656E743D225F35223E0D0A20202020202020203C6F6D6764693A776179706F696E7420783D223438372E302220793D223332312E30222F3E0D0A20202020202020203C6F6D6764693A776179706F696E7420783D223633352E302220793D223230312E30222F3E0D0A20202020202020203C62706D6E64693A42504D4E4C6162656C3E0D0A202020202020202020203C6F6D6764633A426F756E6473206865696768743D22302E30222077696474683D22302E302220783D22302E302220793D22302E30222F3E0D0A20202020202020203C2F62706D6E64693A42504D4E4C6162656C3E0D0A2020202020203C2F62706D6E64693A42504D4E456467653E0D0A2020202020203C62706D6E64693A42504D4E456467652062706D6E456C656D656E743D225F3130222069643D2242504D4E456467655F5F31302220736F75726365456C656D656E743D225F342220746172676574456C656D656E743D225F37223E0D0A20202020202020203C6F6D6764693A776179706F696E7420783D223438372E302220793D223332312E30222F3E0D0A20202020202020203C6F6D6764693A776179706F696E7420783D223838302E302220793D223332312E30222F3E0D0A20202020202020203C62706D6E64693A42504D4E4C6162656C3E0D0A202020202020202020203C6F6D6764633A426F756E6473206865696768743D22302E30222077696474683D22302E302220783D22302E302220793D22302E30222F3E0D0A20202020202020203C2F62706D6E64693A42504D4E4C6162656C3E0D0A2020202020203C2F62706D6E64693A42504D4E456467653E0D0A202020203C2F62706D6E64693A42504D4E506C616E653E0D0A20203C2F62706D6E64693A42504D4E4469616772616D3E0D0A3C2F646566696E6974696F6E733E0D0A, 0);
INSERT INTO `act_ge_bytearray` VALUES ('22550', 1, 'bus_service_car_package.bpmn', '22549', 0x3C3F786D6C2076657273696F6E3D22312E302220656E636F64696E673D225554462D3822207374616E64616C6F6E653D22796573223F3E0D0A3C646566696E6974696F6E7320786D6C6E733D22687474703A2F2F7777772E6F6D672E6F72672F737065632F42504D4E2F32303130303532342F4D4F44454C2220786D6C6E733A61637469766974693D22687474703A2F2F61637469766974692E6F72672F62706D6E2220786D6C6E733A62706D6E64693D22687474703A2F2F7777772E6F6D672E6F72672F737065632F42504D4E2F32303130303532342F44492220786D6C6E733A6F6D6764633D22687474703A2F2F7777772E6F6D672E6F72672F737065632F44442F32303130303532342F44432220786D6C6E733A6F6D6764693D22687474703A2F2F7777772E6F6D672E6F72672F737065632F44442F32303130303532342F44492220786D6C6E733A746E733D22687474703A2F2F7777772E61637469766974692E6F72672F746573742220786D6C6E733A7873643D22687474703A2F2F7777772E77332E6F72672F323030312F584D4C536368656D612220786D6C6E733A7873693D22687474703A2F2F7777772E77332E6F72672F323030312F584D4C536368656D612D696E7374616E6365222065787072657373696F6E4C616E67756167653D22687474703A2F2F7777772E77332E6F72672F313939392F5850617468222069643D226D3136333334393336353330363222206E616D653D2222207461726765744E616D6573706163653D22687474703A2F2F7777772E61637469766974692E6F72672F746573742220747970654C616E67756167653D22687474703A2F2F7777772E77332E6F72672F323030312F584D4C536368656D61223E0D0A20203C70726F636573732069643D226275735F6361725F7061636B61676522206973436C6F7365643D2266616C73652220697345786563757461626C653D227472756522206E616D653D22E69C8DE58AA1E5A597E9A490E5AEA1E6A0B8E6B581E7A88B222070726F63657373547970653D224E6F6E65223E0D0A202020203C73746172744576656E742069643D225F3222206E616D653D2253746172744576656E74222F3E0D0A202020203C757365725461736B2061637469766974693A61737369676E65653D22247B73686F704F776E657249647D222061637469766974693A6578636C75736976653D2274727565222069643D2273686F704F776E657222206E616D653D22E5BA97E995BFE5AEA1E6A0B8222F3E0D0A202020203C6578636C7573697665476174657761792067617465776179446972656374696F6E3D22556E737065636966696564222069643D225F3422206E616D653D22E5AEA1E6A0B8E9809AE8BF87E4B88EE68B92E7BB9D222F3E0D0A202020203C6578636C7573697665476174657761792067617465776179446972656374696F6E3D22556E737065636966696564222069643D225F3522206E616D653D22E698AFE590A6E5A4A7E4BA8E33303030222F3E0D0A202020203C757365725461736B2061637469766974693A61737369676E65653D22247B66696E616E636549647D222061637469766974693A6578636C75736976653D2274727565222069643D2266696E616E6369616C22206E616D653D22E8B4A2E58AA1E5AEA1E6A0B8222F3E0D0A202020203C656E644576656E742069643D225F3722206E616D653D22456E644576656E74222F3E0D0A202020203C73657175656E6365466C6F772069643D225F382220736F757263655265663D225F3222207461726765745265663D2273686F704F776E6572222F3E0D0A202020203C73657175656E6365466C6F772069643D225F392220736F757263655265663D2273686F704F776E657222207461726765745265663D225F34222F3E0D0A202020203C73657175656E6365466C6F772069643D225F313022206E616D653D22E5AEA1E6A0B8E68B92E7BB9D2220736F757263655265663D225F3422207461726765745265663D225F37223E0D0A2020202020203C636F6E646974696F6E45787072657373696F6E207873693A747970653D2274466F726D616C45787072657373696F6E223E3C215B43444154415B247B2173686F704F776E65727D5D5D3E3C2F636F6E646974696F6E45787072657373696F6E3E0D0A202020203C2F73657175656E6365466C6F773E0D0A202020203C73657175656E6365466C6F772069643D225F313122206E616D653D22E5AEA1E6A0B8E9809AE8BF872220736F757263655265663D225F3422207461726765745265663D225F35223E0D0A2020202020203C636F6E646974696F6E45787072657373696F6E207873693A747970653D2274466F726D616C45787072657373696F6E223E3C215B43444154415B247B73686F704F776E65727D5D5D3E3C2F636F6E646974696F6E45787072657373696F6E3E0D0A202020203C2F73657175656E6365466C6F773E0D0A202020203C73657175656E6365466C6F772069643D225F313222206E616D653D22E68A98E689A3E4BBB72667743B3D333030302220736F757263655265663D225F3522207461726765745265663D2266696E616E6369616C223E0D0A2020202020203C636F6E646974696F6E45787072657373696F6E207873693A747970653D2274466F726D616C45787072657373696F6E223E3C215B43444154415B247B646973436F756E7450726963653E3D333030307D5D5D3E3C2F636F6E646974696F6E45787072657373696F6E3E0D0A202020203C2F73657175656E6365466C6F773E0D0A202020203C73657175656E6365466C6F772069643D225F313322206E616D653D22E68A98E689A3E4BBB7266C743B333030302220736F757263655265663D225F3522207461726765745265663D225F37223E0D0A2020202020203C636F6E646974696F6E45787072657373696F6E207873693A747970653D2274466F726D616C45787072657373696F6E223E3C215B43444154415B247B646973436F756E7450726963653C333030307D5D5D3E3C2F636F6E646974696F6E45787072657373696F6E3E0D0A202020203C2F73657175656E6365466C6F773E0D0A202020203C73657175656E6365466C6F772069643D225F31342220736F757263655265663D2266696E616E6369616C22207461726765745265663D225F37222F3E0D0A20203C2F70726F636573733E0D0A20203C62706D6E64693A42504D4E4469616772616D20646F63756D656E746174696F6E3D226261636B67726F756E643D234646464646463B636F756E743D313B686F72697A6F6E74616C636F756E743D313B6F7269656E746174696F6E3D303B77696474683D3834322E343B6865696768743D313139352E323B696D61676561626C6557696474683D3833322E343B696D61676561626C654865696768743D313138352E323B696D61676561626C65583D352E303B696D61676561626C65593D352E30222069643D224469616772616D2D5F3122206E616D653D224E6577204469616772616D223E0D0A202020203C62706D6E64693A42504D4E506C616E652062706D6E456C656D656E743D226275735F6361725F7061636B616765223E0D0A2020202020203C62706D6E64693A42504D4E53686170652062706D6E456C656D656E743D225F32222069643D2253686170652D5F32223E0D0A20202020202020203C6F6D6764633A426F756E6473206865696768743D2233322E30222077696474683D2233322E302220783D223131352E302220793D223330352E30222F3E0D0A20202020202020203C62706D6E64693A42504D4E4C6162656C3E0D0A202020202020202020203C6F6D6764633A426F756E6473206865696768743D2233322E30222077696474683D2233322E302220783D22302E302220793D22302E30222F3E0D0A20202020202020203C2F62706D6E64693A42504D4E4C6162656C3E0D0A2020202020203C2F62706D6E64693A42504D4E53686170653E0D0A2020202020203C62706D6E64693A42504D4E53686170652062706D6E456C656D656E743D2273686F704F776E6572222069643D2253686170652D73686F704F776E6572223E0D0A20202020202020203C6F6D6764633A426F756E6473206865696768743D2235352E30222077696474683D2238352E302220783D223237302E302220793D223239352E30222F3E0D0A20202020202020203C62706D6E64693A42504D4E4C6162656C3E0D0A202020202020202020203C6F6D6764633A426F756E6473206865696768743D2235352E30222077696474683D2238352E302220783D22302E302220793D22302E30222F3E0D0A20202020202020203C2F62706D6E64693A42504D4E4C6162656C3E0D0A2020202020203C2F62706D6E64693A42504D4E53686170653E0D0A2020202020203C62706D6E64693A42504D4E53686170652062706D6E456C656D656E743D225F34222069643D2253686170652D5F34222069734D61726B657256697369626C653D2266616C7365223E0D0A20202020202020203C6F6D6764633A426F756E6473206865696768743D2233322E30222077696474683D2233322E302220783D223435352E302220793D223330352E30222F3E0D0A20202020202020203C62706D6E64693A42504D4E4C6162656C3E0D0A202020202020202020203C6F6D6764633A426F756E6473206865696768743D2233322E30222077696474683D2233322E302220783D22302E302220793D22302E30222F3E0D0A20202020202020203C2F62706D6E64693A42504D4E4C6162656C3E0D0A2020202020203C2F62706D6E64693A42504D4E53686170653E0D0A2020202020203C62706D6E64693A42504D4E53686170652062706D6E456C656D656E743D225F35222069643D2253686170652D5F35222069734D61726B657256697369626C653D2266616C7365223E0D0A20202020202020203C6F6D6764633A426F756E6473206865696768743D2233322E30222077696474683D2233322E302220783D223633352E302220793D223138352E30222F3E0D0A20202020202020203C62706D6E64693A42504D4E4C6162656C3E0D0A202020202020202020203C6F6D6764633A426F756E6473206865696768743D2233322E30222077696474683D2233322E302220783D22302E302220793D22302E30222F3E0D0A20202020202020203C2F62706D6E64693A42504D4E4C6162656C3E0D0A2020202020203C2F62706D6E64693A42504D4E53686170653E0D0A2020202020203C62706D6E64693A42504D4E53686170652062706D6E456C656D656E743D2266696E616E6369616C222069643D2253686170652D66696E616E6369616C223E0D0A20202020202020203C6F6D6764633A426F756E6473206865696768743D2235352E30222077696474683D2238352E302220783D223837352E302220793D2236302E30222F3E0D0A20202020202020203C62706D6E64693A42504D4E4C6162656C3E0D0A202020202020202020203C6F6D6764633A426F756E6473206865696768743D2235352E30222077696474683D2238352E302220783D22302E302220793D22302E30222F3E0D0A20202020202020203C2F62706D6E64693A42504D4E4C6162656C3E0D0A2020202020203C2F62706D6E64693A42504D4E53686170653E0D0A2020202020203C62706D6E64693A42504D4E53686170652062706D6E456C656D656E743D225F37222069643D2253686170652D5F37223E0D0A20202020202020203C6F6D6764633A426F756E6473206865696768743D2233322E30222077696474683D2233322E302220783D223838302E302220793D223330352E30222F3E0D0A20202020202020203C62706D6E64693A42504D4E4C6162656C3E0D0A202020202020202020203C6F6D6764633A426F756E6473206865696768743D2233322E30222077696474683D2233322E302220783D22302E302220793D22302E30222F3E0D0A20202020202020203C2F62706D6E64693A42504D4E4C6162656C3E0D0A2020202020203C2F62706D6E64693A42504D4E53686170653E0D0A2020202020203C62706D6E64693A42504D4E456467652062706D6E456C656D656E743D225F3133222069643D2242504D4E456467655F5F31332220736F75726365456C656D656E743D225F352220746172676574456C656D656E743D225F37223E0D0A20202020202020203C6F6D6764693A776179706F696E7420783D223636372E302220793D223230312E30222F3E0D0A20202020202020203C6F6D6764693A776179706F696E7420783D223838302E302220793D223332312E30222F3E0D0A20202020202020203C62706D6E64693A42504D4E4C6162656C3E0D0A202020202020202020203C6F6D6764633A426F756E6473206865696768743D22302E30222077696474683D22302E302220783D22302E302220793D22302E30222F3E0D0A20202020202020203C2F62706D6E64693A42504D4E4C6162656C3E0D0A2020202020203C2F62706D6E64693A42504D4E456467653E0D0A2020202020203C62706D6E64693A42504D4E456467652062706D6E456C656D656E743D225F3132222069643D2242504D4E456467655F5F31322220736F75726365456C656D656E743D225F352220746172676574456C656D656E743D225F36223E0D0A20202020202020203C6F6D6764693A776179706F696E7420783D223636372E302220793D223230312E30222F3E0D0A20202020202020203C6F6D6764693A776179706F696E7420783D223837352E302220793D2238372E35222F3E0D0A20202020202020203C62706D6E64693A42504D4E4C6162656C3E0D0A202020202020202020203C6F6D6764633A426F756E6473206865696768743D22302E30222077696474683D22302E302220783D22302E302220793D22302E30222F3E0D0A20202020202020203C2F62706D6E64693A42504D4E4C6162656C3E0D0A2020202020203C2F62706D6E64693A42504D4E456467653E0D0A2020202020203C62706D6E64693A42504D4E456467652062706D6E456C656D656E743D225F3134222069643D2242504D4E456467655F5F31342220736F75726365456C656D656E743D225F362220746172676574456C656D656E743D225F37223E0D0A20202020202020203C6F6D6764693A776179706F696E7420783D223839362E302220793D223131352E30222F3E0D0A20202020202020203C6F6D6764693A776179706F696E7420783D223839362E302220793D223330352E30222F3E0D0A20202020202020203C62706D6E64693A42504D4E4C6162656C3E0D0A202020202020202020203C6F6D6764633A426F756E6473206865696768743D22302E30222077696474683D22302E302220783D22302E302220793D22302E30222F3E0D0A20202020202020203C2F62706D6E64693A42504D4E4C6162656C3E0D0A2020202020203C2F62706D6E64693A42504D4E456467653E0D0A2020202020203C62706D6E64693A42504D4E456467652062706D6E456C656D656E743D225F38222069643D2242504D4E456467655F5F382220736F75726365456C656D656E743D225F322220746172676574456C656D656E743D225F33223E0D0A20202020202020203C6F6D6764693A776179706F696E7420783D223134372E302220793D223332312E30222F3E0D0A20202020202020203C6F6D6764693A776179706F696E7420783D223237302E302220793D223332322E35222F3E0D0A20202020202020203C62706D6E64693A42504D4E4C6162656C3E0D0A202020202020202020203C6F6D6764633A426F756E6473206865696768743D22302E30222077696474683D22302E302220783D22302E302220793D22302E30222F3E0D0A20202020202020203C2F62706D6E64693A42504D4E4C6162656C3E0D0A2020202020203C2F62706D6E64693A42504D4E456467653E0D0A2020202020203C62706D6E64693A42504D4E456467652062706D6E456C656D656E743D225F39222069643D2242504D4E456467655F5F392220736F75726365456C656D656E743D225F332220746172676574456C656D656E743D225F34223E0D0A20202020202020203C6F6D6764693A776179706F696E7420783D223335352E302220793D223332322E35222F3E0D0A20202020202020203C6F6D6764693A776179706F696E7420783D223435352E302220793D223332312E30222F3E0D0A20202020202020203C62706D6E64693A42504D4E4C6162656C3E0D0A202020202020202020203C6F6D6764633A426F756E6473206865696768743D22302E30222077696474683D22302E302220783D22302E302220793D22302E30222F3E0D0A20202020202020203C2F62706D6E64693A42504D4E4C6162656C3E0D0A2020202020203C2F62706D6E64693A42504D4E456467653E0D0A2020202020203C62706D6E64693A42504D4E456467652062706D6E456C656D656E743D225F3131222069643D2242504D4E456467655F5F31312220736F75726365456C656D656E743D225F342220746172676574456C656D656E743D225F35223E0D0A20202020202020203C6F6D6764693A776179706F696E7420783D223438372E302220793D223332312E30222F3E0D0A20202020202020203C6F6D6764693A776179706F696E7420783D223633352E302220793D223230312E30222F3E0D0A20202020202020203C62706D6E64693A42504D4E4C6162656C3E0D0A202020202020202020203C6F6D6764633A426F756E6473206865696768743D22302E30222077696474683D22302E302220783D22302E302220793D22302E30222F3E0D0A20202020202020203C2F62706D6E64693A42504D4E4C6162656C3E0D0A2020202020203C2F62706D6E64693A42504D4E456467653E0D0A2020202020203C62706D6E64693A42504D4E456467652062706D6E456C656D656E743D225F3130222069643D2242504D4E456467655F5F31302220736F75726365456C656D656E743D225F342220746172676574456C656D656E743D225F37223E0D0A20202020202020203C6F6D6764693A776179706F696E7420783D223438372E302220793D223332312E30222F3E0D0A20202020202020203C6F6D6764693A776179706F696E7420783D223838302E302220793D223332312E30222F3E0D0A20202020202020203C62706D6E64693A42504D4E4C6162656C3E0D0A202020202020202020203C6F6D6764633A426F756E6473206865696768743D22302E30222077696474683D22302E302220783D22302E302220793D22302E30222F3E0D0A20202020202020203C2F62706D6E64693A42504D4E4C6162656C3E0D0A2020202020203C2F62706D6E64693A42504D4E456467653E0D0A202020203C2F62706D6E64693A42504D4E506C616E653E0D0A20203C2F62706D6E64693A42504D4E4469616772616D3E0D0A3C2F646566696E6974696F6E733E0D0A, 0);
INSERT INTO `act_ge_bytearray` VALUES ('491a0ff8-8e61-11ed-90b5-d85ed3d43c87', 1, 'bus_service_car_package.bpmn', '491a0ff7-8e61-11ed-90b5-d85ed3d43c87', 0x3C3F786D6C2076657273696F6E3D22312E302220656E636F64696E673D225554462D3822207374616E64616C6F6E653D22796573223F3E0D0A3C646566696E6974696F6E7320786D6C6E733D22687474703A2F2F7777772E6F6D672E6F72672F737065632F42504D4E2F32303130303532342F4D4F44454C2220786D6C6E733A61637469766974693D22687474703A2F2F61637469766974692E6F72672F62706D6E2220786D6C6E733A62706D6E64693D22687474703A2F2F7777772E6F6D672E6F72672F737065632F42504D4E2F32303130303532342F44492220786D6C6E733A6F6D6764633D22687474703A2F2F7777772E6F6D672E6F72672F737065632F44442F32303130303532342F44432220786D6C6E733A6F6D6764693D22687474703A2F2F7777772E6F6D672E6F72672F737065632F44442F32303130303532342F44492220786D6C6E733A746E733D22687474703A2F2F7777772E61637469766974692E6F72672F746573742220786D6C6E733A7873643D22687474703A2F2F7777772E77332E6F72672F323030312F584D4C536368656D612220786D6C6E733A7873693D22687474703A2F2F7777772E77332E6F72672F323030312F584D4C536368656D612D696E7374616E6365222065787072657373696F6E4C616E67756167653D22687474703A2F2F7777772E77332E6F72672F313939392F5850617468222069643D226D3136333334393336353330363222206E616D653D2222207461726765744E616D6573706163653D22687474703A2F2F7777772E61637469766974692E6F72672F746573742220747970654C616E67756167653D22687474703A2F2F7777772E77332E6F72672F323030312F584D4C536368656D61223E0D0A20203C70726F636573732069643D226275735F6361725F7061636B61676522206973436C6F7365643D2266616C73652220697345786563757461626C653D227472756522206E616D653D22E69C8DE58AA1E5A597E9A490E5AEA1E6A0B8E6B581E7A88B222070726F63657373547970653D224E6F6E65223E0D0A202020203C73746172744576656E742069643D225F3222206E616D653D2253746172744576656E74222F3E0D0A202020203C757365725461736B2061637469766974693A61737369676E65653D22247B73686F704F776E657249647D222061637469766974693A6578636C75736976653D2274727565222069643D2273686F704F776E657222206E616D653D22E5BA97E995BFE5AEA1E6A0B8222F3E0D0A202020203C6578636C7573697665476174657761792067617465776179446972656374696F6E3D22556E737065636966696564222069643D225F3422206E616D653D22E5AEA1E6A0B8E9809AE8BF87E4B88EE68B92E7BB9D222F3E0D0A202020203C6578636C7573697665476174657761792067617465776179446972656374696F6E3D22556E737065636966696564222069643D225F3522206E616D653D22E698AFE590A6E5A4A7E4BA8E33303030222F3E0D0A202020203C757365725461736B2061637469766974693A61737369676E65653D22247B66696E616E636549647D222061637469766974693A6578636C75736976653D2274727565222069643D2266696E616E6369616C22206E616D653D22E8B4A2E58AA1E5AEA1E6A0B8222F3E0D0A202020203C656E644576656E742069643D225F3722206E616D653D22456E644576656E74222F3E0D0A202020203C73657175656E6365466C6F772069643D225F382220736F757263655265663D225F3222207461726765745265663D2273686F704F776E6572222F3E0D0A202020203C73657175656E6365466C6F772069643D225F392220736F757263655265663D2273686F704F776E657222207461726765745265663D225F34222F3E0D0A202020203C73657175656E6365466C6F772069643D225F313022206E616D653D22E5AEA1E6A0B8E68B92E7BB9D2220736F757263655265663D225F3422207461726765745265663D225F37223E0D0A2020202020203C636F6E646974696F6E45787072657373696F6E207873693A747970653D2274466F726D616C45787072657373696F6E223E3C215B43444154415B247B2173686F704F776E65727D5D5D3E3C2F636F6E646974696F6E45787072657373696F6E3E0D0A202020203C2F73657175656E6365466C6F773E0D0A202020203C73657175656E6365466C6F772069643D225F313122206E616D653D22E5AEA1E6A0B8E9809AE8BF872220736F757263655265663D225F3422207461726765745265663D225F35223E0D0A2020202020203C636F6E646974696F6E45787072657373696F6E207873693A747970653D2274466F726D616C45787072657373696F6E223E3C215B43444154415B247B73686F704F776E65727D5D5D3E3C2F636F6E646974696F6E45787072657373696F6E3E0D0A202020203C2F73657175656E6365466C6F773E0D0A202020203C73657175656E6365466C6F772069643D225F313222206E616D653D22E68A98E689A3E4BBB72667743B3D333030302220736F757263655265663D225F3522207461726765745265663D2266696E616E6369616C223E0D0A2020202020203C636F6E646974696F6E45787072657373696F6E207873693A747970653D2274466F726D616C45787072657373696F6E223E3C215B43444154415B247B646973436F756E7450726963653E3D333030307D5D5D3E3C2F636F6E646974696F6E45787072657373696F6E3E0D0A202020203C2F73657175656E6365466C6F773E0D0A202020203C73657175656E6365466C6F772069643D225F313322206E616D653D22E68A98E689A3E4BBB7266C743B333030302220736F757263655265663D225F3522207461726765745265663D225F37223E0D0A2020202020203C636F6E646974696F6E45787072657373696F6E207873693A747970653D2274466F726D616C45787072657373696F6E223E3C215B43444154415B247B646973436F756E7450726963653C333030307D5D5D3E3C2F636F6E646974696F6E45787072657373696F6E3E0D0A202020203C2F73657175656E6365466C6F773E0D0A202020203C73657175656E6365466C6F772069643D225F31342220736F757263655265663D2266696E616E6369616C22207461726765745265663D225F37222F3E0D0A20203C2F70726F636573733E0D0A20203C62706D6E64693A42504D4E4469616772616D20646F63756D656E746174696F6E3D226261636B67726F756E643D234646464646463B636F756E743D313B686F72697A6F6E74616C636F756E743D313B6F7269656E746174696F6E3D303B77696474683D3834322E343B6865696768743D313139352E323B696D61676561626C6557696474683D3833322E343B696D61676561626C654865696768743D313138352E323B696D61676561626C65583D352E303B696D61676561626C65593D352E30222069643D224469616772616D2D5F3122206E616D653D224E6577204469616772616D223E0D0A202020203C62706D6E64693A42504D4E506C616E652062706D6E456C656D656E743D226275735F6361725F7061636B616765223E0D0A2020202020203C62706D6E64693A42504D4E53686170652062706D6E456C656D656E743D225F32222069643D2253686170652D5F32223E0D0A20202020202020203C6F6D6764633A426F756E6473206865696768743D2233322E30222077696474683D2233322E302220783D223131352E302220793D223330352E30222F3E0D0A20202020202020203C62706D6E64693A42504D4E4C6162656C3E0D0A202020202020202020203C6F6D6764633A426F756E6473206865696768743D2233322E30222077696474683D2233322E302220783D22302E302220793D22302E30222F3E0D0A20202020202020203C2F62706D6E64693A42504D4E4C6162656C3E0D0A2020202020203C2F62706D6E64693A42504D4E53686170653E0D0A2020202020203C62706D6E64693A42504D4E53686170652062706D6E456C656D656E743D2273686F704F776E6572222069643D2253686170652D73686F704F776E6572223E0D0A20202020202020203C6F6D6764633A426F756E6473206865696768743D2235352E30222077696474683D2238352E302220783D223237302E302220793D223239352E30222F3E0D0A20202020202020203C62706D6E64693A42504D4E4C6162656C3E0D0A202020202020202020203C6F6D6764633A426F756E6473206865696768743D2235352E30222077696474683D2238352E302220783D22302E302220793D22302E30222F3E0D0A20202020202020203C2F62706D6E64693A42504D4E4C6162656C3E0D0A2020202020203C2F62706D6E64693A42504D4E53686170653E0D0A2020202020203C62706D6E64693A42504D4E53686170652062706D6E456C656D656E743D225F34222069643D2253686170652D5F34222069734D61726B657256697369626C653D2266616C7365223E0D0A20202020202020203C6F6D6764633A426F756E6473206865696768743D2233322E30222077696474683D2233322E302220783D223435352E302220793D223330352E30222F3E0D0A20202020202020203C62706D6E64693A42504D4E4C6162656C3E0D0A202020202020202020203C6F6D6764633A426F756E6473206865696768743D2233322E30222077696474683D2233322E302220783D22302E302220793D22302E30222F3E0D0A20202020202020203C2F62706D6E64693A42504D4E4C6162656C3E0D0A2020202020203C2F62706D6E64693A42504D4E53686170653E0D0A2020202020203C62706D6E64693A42504D4E53686170652062706D6E456C656D656E743D225F35222069643D2253686170652D5F35222069734D61726B657256697369626C653D2266616C7365223E0D0A20202020202020203C6F6D6764633A426F756E6473206865696768743D2233322E30222077696474683D2233322E302220783D223633352E302220793D223138352E30222F3E0D0A20202020202020203C62706D6E64693A42504D4E4C6162656C3E0D0A202020202020202020203C6F6D6764633A426F756E6473206865696768743D2233322E30222077696474683D2233322E302220783D22302E302220793D22302E30222F3E0D0A20202020202020203C2F62706D6E64693A42504D4E4C6162656C3E0D0A2020202020203C2F62706D6E64693A42504D4E53686170653E0D0A2020202020203C62706D6E64693A42504D4E53686170652062706D6E456C656D656E743D2266696E616E6369616C222069643D2253686170652D66696E616E6369616C223E0D0A20202020202020203C6F6D6764633A426F756E6473206865696768743D2235352E30222077696474683D2238352E302220783D223837352E302220793D2236302E30222F3E0D0A20202020202020203C62706D6E64693A42504D4E4C6162656C3E0D0A202020202020202020203C6F6D6764633A426F756E6473206865696768743D2235352E30222077696474683D2238352E302220783D22302E302220793D22302E30222F3E0D0A20202020202020203C2F62706D6E64693A42504D4E4C6162656C3E0D0A2020202020203C2F62706D6E64693A42504D4E53686170653E0D0A2020202020203C62706D6E64693A42504D4E53686170652062706D6E456C656D656E743D225F37222069643D2253686170652D5F37223E0D0A20202020202020203C6F6D6764633A426F756E6473206865696768743D2233322E30222077696474683D2233322E302220783D223838302E302220793D223330352E30222F3E0D0A20202020202020203C62706D6E64693A42504D4E4C6162656C3E0D0A202020202020202020203C6F6D6764633A426F756E6473206865696768743D2233322E30222077696474683D2233322E302220783D22302E302220793D22302E30222F3E0D0A20202020202020203C2F62706D6E64693A42504D4E4C6162656C3E0D0A2020202020203C2F62706D6E64693A42504D4E53686170653E0D0A2020202020203C62706D6E64693A42504D4E456467652062706D6E456C656D656E743D225F3133222069643D2242504D4E456467655F5F31332220736F75726365456C656D656E743D225F352220746172676574456C656D656E743D225F37223E0D0A20202020202020203C6F6D6764693A776179706F696E7420783D223636372E302220793D223230312E30222F3E0D0A20202020202020203C6F6D6764693A776179706F696E7420783D223838302E302220793D223332312E30222F3E0D0A20202020202020203C62706D6E64693A42504D4E4C6162656C3E0D0A202020202020202020203C6F6D6764633A426F756E6473206865696768743D22302E30222077696474683D22302E302220783D22302E302220793D22302E30222F3E0D0A20202020202020203C2F62706D6E64693A42504D4E4C6162656C3E0D0A2020202020203C2F62706D6E64693A42504D4E456467653E0D0A2020202020203C62706D6E64693A42504D4E456467652062706D6E456C656D656E743D225F3132222069643D2242504D4E456467655F5F31322220736F75726365456C656D656E743D225F352220746172676574456C656D656E743D225F36223E0D0A20202020202020203C6F6D6764693A776179706F696E7420783D223636372E302220793D223230312E30222F3E0D0A20202020202020203C6F6D6764693A776179706F696E7420783D223837352E302220793D2238372E35222F3E0D0A20202020202020203C62706D6E64693A42504D4E4C6162656C3E0D0A202020202020202020203C6F6D6764633A426F756E6473206865696768743D22302E30222077696474683D22302E302220783D22302E302220793D22302E30222F3E0D0A20202020202020203C2F62706D6E64693A42504D4E4C6162656C3E0D0A2020202020203C2F62706D6E64693A42504D4E456467653E0D0A2020202020203C62706D6E64693A42504D4E456467652062706D6E456C656D656E743D225F3134222069643D2242504D4E456467655F5F31342220736F75726365456C656D656E743D225F362220746172676574456C656D656E743D225F37223E0D0A20202020202020203C6F6D6764693A776179706F696E7420783D223839362E302220793D223131352E30222F3E0D0A20202020202020203C6F6D6764693A776179706F696E7420783D223839362E302220793D223330352E30222F3E0D0A20202020202020203C62706D6E64693A42504D4E4C6162656C3E0D0A202020202020202020203C6F6D6764633A426F756E6473206865696768743D22302E30222077696474683D22302E302220783D22302E302220793D22302E30222F3E0D0A20202020202020203C2F62706D6E64693A42504D4E4C6162656C3E0D0A2020202020203C2F62706D6E64693A42504D4E456467653E0D0A2020202020203C62706D6E64693A42504D4E456467652062706D6E456C656D656E743D225F38222069643D2242504D4E456467655F5F382220736F75726365456C656D656E743D225F322220746172676574456C656D656E743D225F33223E0D0A20202020202020203C6F6D6764693A776179706F696E7420783D223134372E302220793D223332312E30222F3E0D0A20202020202020203C6F6D6764693A776179706F696E7420783D223237302E302220793D223332322E35222F3E0D0A20202020202020203C62706D6E64693A42504D4E4C6162656C3E0D0A202020202020202020203C6F6D6764633A426F756E6473206865696768743D22302E30222077696474683D22302E302220783D22302E302220793D22302E30222F3E0D0A20202020202020203C2F62706D6E64693A42504D4E4C6162656C3E0D0A2020202020203C2F62706D6E64693A42504D4E456467653E0D0A2020202020203C62706D6E64693A42504D4E456467652062706D6E456C656D656E743D225F39222069643D2242504D4E456467655F5F392220736F75726365456C656D656E743D225F332220746172676574456C656D656E743D225F34223E0D0A20202020202020203C6F6D6764693A776179706F696E7420783D223335352E302220793D223332322E35222F3E0D0A20202020202020203C6F6D6764693A776179706F696E7420783D223435352E302220793D223332312E30222F3E0D0A20202020202020203C62706D6E64693A42504D4E4C6162656C3E0D0A202020202020202020203C6F6D6764633A426F756E6473206865696768743D22302E30222077696474683D22302E302220783D22302E302220793D22302E30222F3E0D0A20202020202020203C2F62706D6E64693A42504D4E4C6162656C3E0D0A2020202020203C2F62706D6E64693A42504D4E456467653E0D0A2020202020203C62706D6E64693A42504D4E456467652062706D6E456C656D656E743D225F3131222069643D2242504D4E456467655F5F31312220736F75726365456C656D656E743D225F342220746172676574456C656D656E743D225F35223E0D0A20202020202020203C6F6D6764693A776179706F696E7420783D223438372E302220793D223332312E30222F3E0D0A20202020202020203C6F6D6764693A776179706F696E7420783D223633352E302220793D223230312E30222F3E0D0A20202020202020203C62706D6E64693A42504D4E4C6162656C3E0D0A202020202020202020203C6F6D6764633A426F756E6473206865696768743D22302E30222077696474683D22302E302220783D22302E302220793D22302E30222F3E0D0A20202020202020203C2F62706D6E64693A42504D4E4C6162656C3E0D0A2020202020203C2F62706D6E64693A42504D4E456467653E0D0A2020202020203C62706D6E64693A42504D4E456467652062706D6E456C656D656E743D225F3130222069643D2242504D4E456467655F5F31302220736F75726365456C656D656E743D225F342220746172676574456C656D656E743D225F37223E0D0A20202020202020203C6F6D6764693A776179706F696E7420783D223438372E302220793D223332312E30222F3E0D0A20202020202020203C6F6D6764693A776179706F696E7420783D223838302E302220793D223332312E30222F3E0D0A20202020202020203C62706D6E64693A42504D4E4C6162656C3E0D0A202020202020202020203C6F6D6764633A426F756E6473206865696768743D22302E30222077696474683D22302E302220783D22302E302220793D22302E30222F3E0D0A20202020202020203C2F62706D6E64693A42504D4E4C6162656C3E0D0A2020202020203C2F62706D6E64693A42504D4E456467653E0D0A202020203C2F62706D6E64693A42504D4E506C616E653E0D0A20203C2F62706D6E64693A42504D4E4469616772616D3E0D0A3C2F646566696E6974696F6E733E0D0A, 0);
INSERT INTO `act_ge_bytearray` VALUES ('64cd451c-8e52-11ed-9a4b-d85ed3d43c87', 1, 'bus_service_car_package.bpmn', '64cd451b-8e52-11ed-9a4b-d85ed3d43c87', 0x3C3F786D6C2076657273696F6E3D22312E302220656E636F64696E673D225554462D3822207374616E64616C6F6E653D22796573223F3E0D0A3C646566696E6974696F6E7320786D6C6E733D22687474703A2F2F7777772E6F6D672E6F72672F737065632F42504D4E2F32303130303532342F4D4F44454C2220786D6C6E733A61637469766974693D22687474703A2F2F61637469766974692E6F72672F62706D6E2220786D6C6E733A62706D6E64693D22687474703A2F2F7777772E6F6D672E6F72672F737065632F42504D4E2F32303130303532342F44492220786D6C6E733A6F6D6764633D22687474703A2F2F7777772E6F6D672E6F72672F737065632F44442F32303130303532342F44432220786D6C6E733A6F6D6764693D22687474703A2F2F7777772E6F6D672E6F72672F737065632F44442F32303130303532342F44492220786D6C6E733A746E733D22687474703A2F2F7777772E61637469766974692E6F72672F746573742220786D6C6E733A7873643D22687474703A2F2F7777772E77332E6F72672F323030312F584D4C536368656D612220786D6C6E733A7873693D22687474703A2F2F7777772E77332E6F72672F323030312F584D4C536368656D612D696E7374616E6365222065787072657373696F6E4C616E67756167653D22687474703A2F2F7777772E77332E6F72672F313939392F5850617468222069643D226D3136333334393336353330363222206E616D653D2222207461726765744E616D6573706163653D22687474703A2F2F7777772E61637469766974692E6F72672F746573742220747970654C616E67756167653D22687474703A2F2F7777772E77332E6F72672F323030312F584D4C536368656D61223E0D0A20203C70726F636573732069643D226275735F6361725F7061636B61676522206973436C6F7365643D2266616C73652220697345786563757461626C653D227472756522206E616D653D22E69C8DE58AA1E5A597E9A490E5AEA1E6A0B8E6B581E7A88B222070726F63657373547970653D224E6F6E65223E0D0A202020203C73746172744576656E742069643D225F3222206E616D653D2253746172744576656E74222F3E0D0A202020203C757365725461736B2061637469766974693A61737369676E65653D22247B73686F704F776E657249647D222061637469766974693A6578636C75736976653D2274727565222069643D2273686F704F776E657222206E616D653D22E5BA97E995BFE5AEA1E6A0B8222F3E0D0A202020203C6578636C7573697665476174657761792067617465776179446972656374696F6E3D22556E737065636966696564222069643D225F3422206E616D653D22E5AEA1E6A0B8E9809AE8BF87E4B88EE68B92E7BB9D222F3E0D0A202020203C6578636C7573697665476174657761792067617465776179446972656374696F6E3D22556E737065636966696564222069643D225F3522206E616D653D22E698AFE590A6E5A4A7E4BA8E33303030222F3E0D0A202020203C757365725461736B2061637469766974693A61737369676E65653D22247B66696E616E636549647D222061637469766974693A6578636C75736976653D2274727565222069643D2266696E616E6369616C22206E616D653D22E8B4A2E58AA1E5AEA1E6A0B8222F3E0D0A202020203C656E644576656E742069643D225F3722206E616D653D22456E644576656E74222F3E0D0A202020203C73657175656E6365466C6F772069643D225F382220736F757263655265663D225F3222207461726765745265663D2273686F704F776E6572222F3E0D0A202020203C73657175656E6365466C6F772069643D225F392220736F757263655265663D2273686F704F776E657222207461726765745265663D225F34222F3E0D0A202020203C73657175656E6365466C6F772069643D225F313022206E616D653D22E5AEA1E6A0B8E68B92E7BB9D2220736F757263655265663D225F3422207461726765745265663D225F37223E0D0A2020202020203C636F6E646974696F6E45787072657373696F6E207873693A747970653D2274466F726D616C45787072657373696F6E223E3C215B43444154415B247B2173686F704F776E65727D5D5D3E3C2F636F6E646974696F6E45787072657373696F6E3E0D0A202020203C2F73657175656E6365466C6F773E0D0A202020203C73657175656E6365466C6F772069643D225F313122206E616D653D22E5AEA1E6A0B8E9809AE8BF872220736F757263655265663D225F3422207461726765745265663D225F35223E0D0A2020202020203C636F6E646974696F6E45787072657373696F6E207873693A747970653D2274466F726D616C45787072657373696F6E223E3C215B43444154415B247B73686F704F776E65727D5D5D3E3C2F636F6E646974696F6E45787072657373696F6E3E0D0A202020203C2F73657175656E6365466C6F773E0D0A202020203C73657175656E6365466C6F772069643D225F313222206E616D653D22E68A98E689A3E4BBB72667743B3D333030302220736F757263655265663D225F3522207461726765745265663D2266696E616E6369616C223E0D0A2020202020203C636F6E646974696F6E45787072657373696F6E207873693A747970653D2274466F726D616C45787072657373696F6E223E3C215B43444154415B247B646973436F756E7450726963653E3D333030307D5D5D3E3C2F636F6E646974696F6E45787072657373696F6E3E0D0A202020203C2F73657175656E6365466C6F773E0D0A202020203C73657175656E6365466C6F772069643D225F313322206E616D653D22E68A98E689A3E4BBB7266C743B333030302220736F757263655265663D225F3522207461726765745265663D225F37223E0D0A2020202020203C636F6E646974696F6E45787072657373696F6E207873693A747970653D2274466F726D616C45787072657373696F6E223E3C215B43444154415B247B646973436F756E7450726963653C333030307D5D5D3E3C2F636F6E646974696F6E45787072657373696F6E3E0D0A202020203C2F73657175656E6365466C6F773E0D0A202020203C73657175656E6365466C6F772069643D225F31342220736F757263655265663D2266696E616E6369616C22207461726765745265663D225F37222F3E0D0A20203C2F70726F636573733E0D0A20203C62706D6E64693A42504D4E4469616772616D20646F63756D656E746174696F6E3D226261636B67726F756E643D234646464646463B636F756E743D313B686F72697A6F6E74616C636F756E743D313B6F7269656E746174696F6E3D303B77696474683D3834322E343B6865696768743D313139352E323B696D61676561626C6557696474683D3833322E343B696D61676561626C654865696768743D313138352E323B696D61676561626C65583D352E303B696D61676561626C65593D352E30222069643D224469616772616D2D5F3122206E616D653D224E6577204469616772616D223E0D0A202020203C62706D6E64693A42504D4E506C616E652062706D6E456C656D656E743D226275735F6361725F7061636B616765223E0D0A2020202020203C62706D6E64693A42504D4E53686170652062706D6E456C656D656E743D225F32222069643D2253686170652D5F32223E0D0A20202020202020203C6F6D6764633A426F756E6473206865696768743D2233322E30222077696474683D2233322E302220783D223131352E302220793D223330352E30222F3E0D0A20202020202020203C62706D6E64693A42504D4E4C6162656C3E0D0A202020202020202020203C6F6D6764633A426F756E6473206865696768743D2233322E30222077696474683D2233322E302220783D22302E302220793D22302E30222F3E0D0A20202020202020203C2F62706D6E64693A42504D4E4C6162656C3E0D0A2020202020203C2F62706D6E64693A42504D4E53686170653E0D0A2020202020203C62706D6E64693A42504D4E53686170652062706D6E456C656D656E743D2273686F704F776E6572222069643D2253686170652D73686F704F776E6572223E0D0A20202020202020203C6F6D6764633A426F756E6473206865696768743D2235352E30222077696474683D2238352E302220783D223237302E302220793D223239352E30222F3E0D0A20202020202020203C62706D6E64693A42504D4E4C6162656C3E0D0A202020202020202020203C6F6D6764633A426F756E6473206865696768743D2235352E30222077696474683D2238352E302220783D22302E302220793D22302E30222F3E0D0A20202020202020203C2F62706D6E64693A42504D4E4C6162656C3E0D0A2020202020203C2F62706D6E64693A42504D4E53686170653E0D0A2020202020203C62706D6E64693A42504D4E53686170652062706D6E456C656D656E743D225F34222069643D2253686170652D5F34222069734D61726B657256697369626C653D2266616C7365223E0D0A20202020202020203C6F6D6764633A426F756E6473206865696768743D2233322E30222077696474683D2233322E302220783D223435352E302220793D223330352E30222F3E0D0A20202020202020203C62706D6E64693A42504D4E4C6162656C3E0D0A202020202020202020203C6F6D6764633A426F756E6473206865696768743D2233322E30222077696474683D2233322E302220783D22302E302220793D22302E30222F3E0D0A20202020202020203C2F62706D6E64693A42504D4E4C6162656C3E0D0A2020202020203C2F62706D6E64693A42504D4E53686170653E0D0A2020202020203C62706D6E64693A42504D4E53686170652062706D6E456C656D656E743D225F35222069643D2253686170652D5F35222069734D61726B657256697369626C653D2266616C7365223E0D0A20202020202020203C6F6D6764633A426F756E6473206865696768743D2233322E30222077696474683D2233322E302220783D223633352E302220793D223138352E30222F3E0D0A20202020202020203C62706D6E64693A42504D4E4C6162656C3E0D0A202020202020202020203C6F6D6764633A426F756E6473206865696768743D2233322E30222077696474683D2233322E302220783D22302E302220793D22302E30222F3E0D0A20202020202020203C2F62706D6E64693A42504D4E4C6162656C3E0D0A2020202020203C2F62706D6E64693A42504D4E53686170653E0D0A2020202020203C62706D6E64693A42504D4E53686170652062706D6E456C656D656E743D2266696E616E6369616C222069643D2253686170652D66696E616E6369616C223E0D0A20202020202020203C6F6D6764633A426F756E6473206865696768743D2235352E30222077696474683D2238352E302220783D223837352E302220793D2236302E30222F3E0D0A20202020202020203C62706D6E64693A42504D4E4C6162656C3E0D0A202020202020202020203C6F6D6764633A426F756E6473206865696768743D2235352E30222077696474683D2238352E302220783D22302E302220793D22302E30222F3E0D0A20202020202020203C2F62706D6E64693A42504D4E4C6162656C3E0D0A2020202020203C2F62706D6E64693A42504D4E53686170653E0D0A2020202020203C62706D6E64693A42504D4E53686170652062706D6E456C656D656E743D225F37222069643D2253686170652D5F37223E0D0A20202020202020203C6F6D6764633A426F756E6473206865696768743D2233322E30222077696474683D2233322E302220783D223838302E302220793D223330352E30222F3E0D0A20202020202020203C62706D6E64693A42504D4E4C6162656C3E0D0A202020202020202020203C6F6D6764633A426F756E6473206865696768743D2233322E30222077696474683D2233322E302220783D22302E302220793D22302E30222F3E0D0A20202020202020203C2F62706D6E64693A42504D4E4C6162656C3E0D0A2020202020203C2F62706D6E64693A42504D4E53686170653E0D0A2020202020203C62706D6E64693A42504D4E456467652062706D6E456C656D656E743D225F3133222069643D2242504D4E456467655F5F31332220736F75726365456C656D656E743D225F352220746172676574456C656D656E743D225F37223E0D0A20202020202020203C6F6D6764693A776179706F696E7420783D223636372E302220793D223230312E30222F3E0D0A20202020202020203C6F6D6764693A776179706F696E7420783D223838302E302220793D223332312E30222F3E0D0A20202020202020203C62706D6E64693A42504D4E4C6162656C3E0D0A202020202020202020203C6F6D6764633A426F756E6473206865696768743D22302E30222077696474683D22302E302220783D22302E302220793D22302E30222F3E0D0A20202020202020203C2F62706D6E64693A42504D4E4C6162656C3E0D0A2020202020203C2F62706D6E64693A42504D4E456467653E0D0A2020202020203C62706D6E64693A42504D4E456467652062706D6E456C656D656E743D225F3132222069643D2242504D4E456467655F5F31322220736F75726365456C656D656E743D225F352220746172676574456C656D656E743D225F36223E0D0A20202020202020203C6F6D6764693A776179706F696E7420783D223636372E302220793D223230312E30222F3E0D0A20202020202020203C6F6D6764693A776179706F696E7420783D223837352E302220793D2238372E35222F3E0D0A20202020202020203C62706D6E64693A42504D4E4C6162656C3E0D0A202020202020202020203C6F6D6764633A426F756E6473206865696768743D22302E30222077696474683D22302E302220783D22302E302220793D22302E30222F3E0D0A20202020202020203C2F62706D6E64693A42504D4E4C6162656C3E0D0A2020202020203C2F62706D6E64693A42504D4E456467653E0D0A2020202020203C62706D6E64693A42504D4E456467652062706D6E456C656D656E743D225F3134222069643D2242504D4E456467655F5F31342220736F75726365456C656D656E743D225F362220746172676574456C656D656E743D225F37223E0D0A20202020202020203C6F6D6764693A776179706F696E7420783D223839362E302220793D223131352E30222F3E0D0A20202020202020203C6F6D6764693A776179706F696E7420783D223839362E302220793D223330352E30222F3E0D0A20202020202020203C62706D6E64693A42504D4E4C6162656C3E0D0A202020202020202020203C6F6D6764633A426F756E6473206865696768743D22302E30222077696474683D22302E302220783D22302E302220793D22302E30222F3E0D0A20202020202020203C2F62706D6E64693A42504D4E4C6162656C3E0D0A2020202020203C2F62706D6E64693A42504D4E456467653E0D0A2020202020203C62706D6E64693A42504D4E456467652062706D6E456C656D656E743D225F38222069643D2242504D4E456467655F5F382220736F75726365456C656D656E743D225F322220746172676574456C656D656E743D225F33223E0D0A20202020202020203C6F6D6764693A776179706F696E7420783D223134372E302220793D223332312E30222F3E0D0A20202020202020203C6F6D6764693A776179706F696E7420783D223237302E302220793D223332322E35222F3E0D0A20202020202020203C62706D6E64693A42504D4E4C6162656C3E0D0A202020202020202020203C6F6D6764633A426F756E6473206865696768743D22302E30222077696474683D22302E302220783D22302E302220793D22302E30222F3E0D0A20202020202020203C2F62706D6E64693A42504D4E4C6162656C3E0D0A2020202020203C2F62706D6E64693A42504D4E456467653E0D0A2020202020203C62706D6E64693A42504D4E456467652062706D6E456C656D656E743D225F39222069643D2242504D4E456467655F5F392220736F75726365456C656D656E743D225F332220746172676574456C656D656E743D225F34223E0D0A20202020202020203C6F6D6764693A776179706F696E7420783D223335352E302220793D223332322E35222F3E0D0A20202020202020203C6F6D6764693A776179706F696E7420783D223435352E302220793D223332312E30222F3E0D0A20202020202020203C62706D6E64693A42504D4E4C6162656C3E0D0A202020202020202020203C6F6D6764633A426F756E6473206865696768743D22302E30222077696474683D22302E302220783D22302E302220793D22302E30222F3E0D0A20202020202020203C2F62706D6E64693A42504D4E4C6162656C3E0D0A2020202020203C2F62706D6E64693A42504D4E456467653E0D0A2020202020203C62706D6E64693A42504D4E456467652062706D6E456C656D656E743D225F3131222069643D2242504D4E456467655F5F31312220736F75726365456C656D656E743D225F342220746172676574456C656D656E743D225F35223E0D0A20202020202020203C6F6D6764693A776179706F696E7420783D223438372E302220793D223332312E30222F3E0D0A20202020202020203C6F6D6764693A776179706F696E7420783D223633352E302220793D223230312E30222F3E0D0A20202020202020203C62706D6E64693A42504D4E4C6162656C3E0D0A202020202020202020203C6F6D6764633A426F756E6473206865696768743D22302E30222077696474683D22302E302220783D22302E302220793D22302E30222F3E0D0A20202020202020203C2F62706D6E64693A42504D4E4C6162656C3E0D0A2020202020203C2F62706D6E64693A42504D4E456467653E0D0A2020202020203C62706D6E64693A42504D4E456467652062706D6E456C656D656E743D225F3130222069643D2242504D4E456467655F5F31302220736F75726365456C656D656E743D225F342220746172676574456C656D656E743D225F37223E0D0A20202020202020203C6F6D6764693A776179706F696E7420783D223438372E302220793D223332312E30222F3E0D0A20202020202020203C6F6D6764693A776179706F696E7420783D223838302E302220793D223332312E30222F3E0D0A20202020202020203C62706D6E64693A42504D4E4C6162656C3E0D0A202020202020202020203C6F6D6764633A426F756E6473206865696768743D22302E30222077696474683D22302E302220783D22302E302220793D22302E30222F3E0D0A20202020202020203C2F62706D6E64693A42504D4E4C6162656C3E0D0A2020202020203C2F62706D6E64693A42504D4E456467653E0D0A202020203C2F62706D6E64693A42504D4E506C616E653E0D0A20203C2F62706D6E64693A42504D4E4469616772616D3E0D0A3C2F646566696E6974696F6E733E0D0A, 0);
INSERT INTO `act_ge_bytearray` VALUES ('81d0a35f-8e52-11ed-9a4b-d85ed3d43c87', 1, 'bus_service_car_package4000.bpmn', '81d0a35e-8e52-11ed-9a4b-d85ed3d43c87', 0x3C3F786D6C2076657273696F6E3D22312E302220656E636F64696E673D225554462D3822207374616E64616C6F6E653D22796573223F3E0D0A3C646566696E6974696F6E7320786D6C6E733D22687474703A2F2F7777772E6F6D672E6F72672F737065632F42504D4E2F32303130303532342F4D4F44454C2220786D6C6E733A61637469766974693D22687474703A2F2F61637469766974692E6F72672F62706D6E2220786D6C6E733A62706D6E64693D22687474703A2F2F7777772E6F6D672E6F72672F737065632F42504D4E2F32303130303532342F44492220786D6C6E733A6F6D6764633D22687474703A2F2F7777772E6F6D672E6F72672F737065632F44442F32303130303532342F44432220786D6C6E733A6F6D6764693D22687474703A2F2F7777772E6F6D672E6F72672F737065632F44442F32303130303532342F44492220786D6C6E733A746E733D22687474703A2F2F7777772E61637469766974692E6F72672F746573742220786D6C6E733A7873643D22687474703A2F2F7777772E77332E6F72672F323030312F584D4C536368656D612220786D6C6E733A7873693D22687474703A2F2F7777772E77332E6F72672F323030312F584D4C536368656D612D696E7374616E6365222065787072657373696F6E4C616E67756167653D22687474703A2F2F7777772E77332E6F72672F313939392F5850617468222069643D226D3136333334393336353330363222206E616D653D2222207461726765744E616D6573706163653D22687474703A2F2F7777772E61637469766974692E6F72672F746573742220747970654C616E67756167653D22687474703A2F2F7777772E77332E6F72672F323030312F584D4C536368656D61223E0D0A20203C70726F636573732069643D226275735F6361725F7061636B61676522206973436C6F7365643D2266616C73652220697345786563757461626C653D227472756522206E616D653D22E69C8DE58AA1E5A597E9A490E5AEA1E6A0B8E6B581E7A88B222070726F63657373547970653D224E6F6E65223E0D0A202020203C73746172744576656E742069643D225F3222206E616D653D2253746172744576656E74222F3E0D0A202020203C757365725461736B2061637469766974693A61737369676E65653D22247B73686F704F776E657249647D222061637469766974693A6578636C75736976653D2274727565222069643D2273686F704F776E657222206E616D653D22E5BA97E995BFE5AEA1E6A0B8222F3E0D0A202020203C6578636C7573697665476174657761792067617465776179446972656374696F6E3D22556E737065636966696564222069643D225F3422206E616D653D22E5AEA1E6A0B8E9809AE8BF87E4B88EE68B92E7BB9D222F3E0D0A202020203C6578636C7573697665476174657761792067617465776179446972656374696F6E3D22556E737065636966696564222069643D225F3522206E616D653D22E698AFE590A6E5A4A7E4BA8E34303030222F3E0D0A202020203C757365725461736B2061637469766974693A61737369676E65653D22247B66696E616E636549647D222061637469766974693A6578636C75736976653D2274727565222069643D2266696E616E6369616C22206E616D653D22E8B4A2E58AA1E5AEA1E6A0B8222F3E0D0A202020203C656E644576656E742069643D225F3722206E616D653D22456E644576656E74222F3E0D0A202020203C73657175656E6365466C6F772069643D225F382220736F757263655265663D225F3222207461726765745265663D2273686F704F776E6572222F3E0D0A202020203C73657175656E6365466C6F772069643D225F392220736F757263655265663D2273686F704F776E657222207461726765745265663D225F34222F3E0D0A202020203C73657175656E6365466C6F772069643D225F313022206E616D653D22E5AEA1E6A0B8E68B92E7BB9D2220736F757263655265663D225F3422207461726765745265663D225F37223E0D0A2020202020203C636F6E646974696F6E45787072657373696F6E207873693A747970653D2274466F726D616C45787072657373696F6E223E3C215B43444154415B247B2173686F704F776E65727D5D5D3E3C2F636F6E646974696F6E45787072657373696F6E3E0D0A202020203C2F73657175656E6365466C6F773E0D0A202020203C73657175656E6365466C6F772069643D225F313122206E616D653D22E5AEA1E6A0B8E9809AE8BF872220736F757263655265663D225F3422207461726765745265663D225F35223E0D0A2020202020203C636F6E646974696F6E45787072657373696F6E207873693A747970653D2274466F726D616C45787072657373696F6E223E3C215B43444154415B247B73686F704F776E65727D5D5D3E3C2F636F6E646974696F6E45787072657373696F6E3E0D0A202020203C2F73657175656E6365466C6F773E0D0A202020203C73657175656E6365466C6F772069643D225F313222206E616D653D22E68A98E689A3E4BBB72667743B3D343030302220736F757263655265663D225F3522207461726765745265663D2266696E616E6369616C223E0D0A2020202020203C636F6E646974696F6E45787072657373696F6E207873693A747970653D2274466F726D616C45787072657373696F6E223E3C215B43444154415B247B646973436F756E7450726963653E3D343030307D5D5D3E3C2F636F6E646974696F6E45787072657373696F6E3E0D0A202020203C2F73657175656E6365466C6F773E0D0A202020203C73657175656E6365466C6F772069643D225F313322206E616D653D22E68A98E689A3E4BBB7266C743B343030302220736F757263655265663D225F3522207461726765745265663D225F37223E0D0A2020202020203C636F6E646974696F6E45787072657373696F6E207873693A747970653D2274466F726D616C45787072657373696F6E223E3C215B43444154415B247B646973436F756E7450726963653C343030307D5D5D3E3C2F636F6E646974696F6E45787072657373696F6E3E0D0A202020203C2F73657175656E6365466C6F773E0D0A202020203C73657175656E6365466C6F772069643D225F31342220736F757263655265663D2266696E616E6369616C22207461726765745265663D225F37222F3E0D0A20203C2F70726F636573733E0D0A20203C62706D6E64693A42504D4E4469616772616D20646F63756D656E746174696F6E3D226261636B67726F756E643D234646464646463B636F756E743D313B686F72697A6F6E74616C636F756E743D313B6F7269656E746174696F6E3D303B77696474683D3834322E343B6865696768743D313139352E323B696D61676561626C6557696474683D3833322E343B696D61676561626C654865696768743D313138352E323B696D61676561626C65583D352E303B696D61676561626C65593D352E30222069643D224469616772616D2D5F3122206E616D653D224E6577204469616772616D223E0D0A202020203C62706D6E64693A42504D4E506C616E652062706D6E456C656D656E743D226275735F6361725F7061636B616765223E0D0A2020202020203C62706D6E64693A42504D4E53686170652062706D6E456C656D656E743D225F32222069643D2253686170652D5F32223E0D0A20202020202020203C6F6D6764633A426F756E6473206865696768743D2233322E30222077696474683D2233322E302220783D223131352E302220793D223330352E30222F3E0D0A20202020202020203C62706D6E64693A42504D4E4C6162656C3E0D0A202020202020202020203C6F6D6764633A426F756E6473206865696768743D2233322E30222077696474683D2233322E302220783D22302E302220793D22302E30222F3E0D0A20202020202020203C2F62706D6E64693A42504D4E4C6162656C3E0D0A2020202020203C2F62706D6E64693A42504D4E53686170653E0D0A2020202020203C62706D6E64693A42504D4E53686170652062706D6E456C656D656E743D2273686F704F776E6572222069643D2253686170652D73686F704F776E6572223E0D0A20202020202020203C6F6D6764633A426F756E6473206865696768743D2235352E30222077696474683D2238352E302220783D223237302E302220793D223239352E30222F3E0D0A20202020202020203C62706D6E64693A42504D4E4C6162656C3E0D0A202020202020202020203C6F6D6764633A426F756E6473206865696768743D2235352E30222077696474683D2238352E302220783D22302E302220793D22302E30222F3E0D0A20202020202020203C2F62706D6E64693A42504D4E4C6162656C3E0D0A2020202020203C2F62706D6E64693A42504D4E53686170653E0D0A2020202020203C62706D6E64693A42504D4E53686170652062706D6E456C656D656E743D225F34222069643D2253686170652D5F34222069734D61726B657256697369626C653D2266616C7365223E0D0A20202020202020203C6F6D6764633A426F756E6473206865696768743D2233322E30222077696474683D2233322E302220783D223435352E302220793D223330352E30222F3E0D0A20202020202020203C62706D6E64693A42504D4E4C6162656C3E0D0A202020202020202020203C6F6D6764633A426F756E6473206865696768743D2233322E30222077696474683D2233322E302220783D22302E302220793D22302E30222F3E0D0A20202020202020203C2F62706D6E64693A42504D4E4C6162656C3E0D0A2020202020203C2F62706D6E64693A42504D4E53686170653E0D0A2020202020203C62706D6E64693A42504D4E53686170652062706D6E456C656D656E743D225F35222069643D2253686170652D5F35222069734D61726B657256697369626C653D2266616C7365223E0D0A20202020202020203C6F6D6764633A426F756E6473206865696768743D2233322E30222077696474683D2233322E302220783D223633352E302220793D223138352E30222F3E0D0A20202020202020203C62706D6E64693A42504D4E4C6162656C3E0D0A202020202020202020203C6F6D6764633A426F756E6473206865696768743D2233322E30222077696474683D2233322E302220783D22302E302220793D22302E30222F3E0D0A20202020202020203C2F62706D6E64693A42504D4E4C6162656C3E0D0A2020202020203C2F62706D6E64693A42504D4E53686170653E0D0A2020202020203C62706D6E64693A42504D4E53686170652062706D6E456C656D656E743D2266696E616E6369616C222069643D2253686170652D66696E616E6369616C223E0D0A20202020202020203C6F6D6764633A426F756E6473206865696768743D2235352E30222077696474683D2238352E302220783D223837352E302220793D2236302E30222F3E0D0A20202020202020203C62706D6E64693A42504D4E4C6162656C3E0D0A202020202020202020203C6F6D6764633A426F756E6473206865696768743D2235352E30222077696474683D2238352E302220783D22302E302220793D22302E30222F3E0D0A20202020202020203C2F62706D6E64693A42504D4E4C6162656C3E0D0A2020202020203C2F62706D6E64693A42504D4E53686170653E0D0A2020202020203C62706D6E64693A42504D4E53686170652062706D6E456C656D656E743D225F37222069643D2253686170652D5F37223E0D0A20202020202020203C6F6D6764633A426F756E6473206865696768743D2233322E30222077696474683D2233322E302220783D223838302E302220793D223330352E30222F3E0D0A20202020202020203C62706D6E64693A42504D4E4C6162656C3E0D0A202020202020202020203C6F6D6764633A426F756E6473206865696768743D2233322E30222077696474683D2233322E302220783D22302E302220793D22302E30222F3E0D0A20202020202020203C2F62706D6E64693A42504D4E4C6162656C3E0D0A2020202020203C2F62706D6E64693A42504D4E53686170653E0D0A2020202020203C62706D6E64693A42504D4E456467652062706D6E456C656D656E743D225F3133222069643D2242504D4E456467655F5F31332220736F75726365456C656D656E743D225F352220746172676574456C656D656E743D225F37223E0D0A20202020202020203C6F6D6764693A776179706F696E7420783D223636372E302220793D223230312E30222F3E0D0A20202020202020203C6F6D6764693A776179706F696E7420783D223838302E302220793D223332312E30222F3E0D0A20202020202020203C62706D6E64693A42504D4E4C6162656C3E0D0A202020202020202020203C6F6D6764633A426F756E6473206865696768743D22302E30222077696474683D22302E302220783D22302E302220793D22302E30222F3E0D0A20202020202020203C2F62706D6E64693A42504D4E4C6162656C3E0D0A2020202020203C2F62706D6E64693A42504D4E456467653E0D0A2020202020203C62706D6E64693A42504D4E456467652062706D6E456C656D656E743D225F3132222069643D2242504D4E456467655F5F31322220736F75726365456C656D656E743D225F352220746172676574456C656D656E743D225F36223E0D0A20202020202020203C6F6D6764693A776179706F696E7420783D223636372E302220793D223230312E30222F3E0D0A20202020202020203C6F6D6764693A776179706F696E7420783D223837352E302220793D2238372E35222F3E0D0A20202020202020203C62706D6E64693A42504D4E4C6162656C3E0D0A202020202020202020203C6F6D6764633A426F756E6473206865696768743D22302E30222077696474683D22302E302220783D22302E302220793D22302E30222F3E0D0A20202020202020203C2F62706D6E64693A42504D4E4C6162656C3E0D0A2020202020203C2F62706D6E64693A42504D4E456467653E0D0A2020202020203C62706D6E64693A42504D4E456467652062706D6E456C656D656E743D225F3134222069643D2242504D4E456467655F5F31342220736F75726365456C656D656E743D225F362220746172676574456C656D656E743D225F37223E0D0A20202020202020203C6F6D6764693A776179706F696E7420783D223839362E302220793D223131352E30222F3E0D0A20202020202020203C6F6D6764693A776179706F696E7420783D223839362E302220793D223330352E30222F3E0D0A20202020202020203C62706D6E64693A42504D4E4C6162656C3E0D0A202020202020202020203C6F6D6764633A426F756E6473206865696768743D22302E30222077696474683D22302E302220783D22302E302220793D22302E30222F3E0D0A20202020202020203C2F62706D6E64693A42504D4E4C6162656C3E0D0A2020202020203C2F62706D6E64693A42504D4E456467653E0D0A2020202020203C62706D6E64693A42504D4E456467652062706D6E456C656D656E743D225F38222069643D2242504D4E456467655F5F382220736F75726365456C656D656E743D225F322220746172676574456C656D656E743D225F33223E0D0A20202020202020203C6F6D6764693A776179706F696E7420783D223134372E302220793D223332312E30222F3E0D0A20202020202020203C6F6D6764693A776179706F696E7420783D223237302E302220793D223332322E35222F3E0D0A20202020202020203C62706D6E64693A42504D4E4C6162656C3E0D0A202020202020202020203C6F6D6764633A426F756E6473206865696768743D22302E30222077696474683D22302E302220783D22302E302220793D22302E30222F3E0D0A20202020202020203C2F62706D6E64693A42504D4E4C6162656C3E0D0A2020202020203C2F62706D6E64693A42504D4E456467653E0D0A2020202020203C62706D6E64693A42504D4E456467652062706D6E456C656D656E743D225F39222069643D2242504D4E456467655F5F392220736F75726365456C656D656E743D225F332220746172676574456C656D656E743D225F34223E0D0A20202020202020203C6F6D6764693A776179706F696E7420783D223335352E302220793D223332322E35222F3E0D0A20202020202020203C6F6D6764693A776179706F696E7420783D223435352E302220793D223332312E30222F3E0D0A20202020202020203C62706D6E64693A42504D4E4C6162656C3E0D0A202020202020202020203C6F6D6764633A426F756E6473206865696768743D22302E30222077696474683D22302E302220783D22302E302220793D22302E30222F3E0D0A20202020202020203C2F62706D6E64693A42504D4E4C6162656C3E0D0A2020202020203C2F62706D6E64693A42504D4E456467653E0D0A2020202020203C62706D6E64693A42504D4E456467652062706D6E456C656D656E743D225F3131222069643D2242504D4E456467655F5F31312220736F75726365456C656D656E743D225F342220746172676574456C656D656E743D225F35223E0D0A20202020202020203C6F6D6764693A776179706F696E7420783D223438372E302220793D223332312E30222F3E0D0A20202020202020203C6F6D6764693A776179706F696E7420783D223633352E302220793D223230312E30222F3E0D0A20202020202020203C62706D6E64693A42504D4E4C6162656C3E0D0A202020202020202020203C6F6D6764633A426F756E6473206865696768743D22302E30222077696474683D22302E302220783D22302E302220793D22302E30222F3E0D0A20202020202020203C2F62706D6E64693A42504D4E4C6162656C3E0D0A2020202020203C2F62706D6E64693A42504D4E456467653E0D0A2020202020203C62706D6E64693A42504D4E456467652062706D6E456C656D656E743D225F3130222069643D2242504D4E456467655F5F31302220736F75726365456C656D656E743D225F342220746172676574456C656D656E743D225F37223E0D0A20202020202020203C6F6D6764693A776179706F696E7420783D223438372E302220793D223332312E30222F3E0D0A20202020202020203C6F6D6764693A776179706F696E7420783D223838302E302220793D223332312E30222F3E0D0A20202020202020203C62706D6E64693A42504D4E4C6162656C3E0D0A202020202020202020203C6F6D6764633A426F756E6473206865696768743D22302E30222077696474683D22302E302220783D22302E302220793D22302E30222F3E0D0A20202020202020203C2F62706D6E64693A42504D4E4C6162656C3E0D0A2020202020203C2F62706D6E64693A42504D4E456467653E0D0A202020203C2F62706D6E64693A42504D4E506C616E653E0D0A20203C2F62706D6E64693A42504D4E4469616772616D3E0D0A3C2F646566696E6974696F6E733E0D0A, 0);
INSERT INTO `act_ge_bytearray` VALUES ('aa0b9bdd-8f26-11ed-b40b-d85ed3d43c87', 1, 'bus_service_car_package4000.bpmn', 'aa0b9bdc-8f26-11ed-b40b-d85ed3d43c87', 0x3C3F786D6C2076657273696F6E3D22312E302220656E636F64696E673D225554462D3822207374616E64616C6F6E653D22796573223F3E0D0A3C646566696E6974696F6E7320786D6C6E733D22687474703A2F2F7777772E6F6D672E6F72672F737065632F42504D4E2F32303130303532342F4D4F44454C2220786D6C6E733A61637469766974693D22687474703A2F2F61637469766974692E6F72672F62706D6E2220786D6C6E733A62706D6E64693D22687474703A2F2F7777772E6F6D672E6F72672F737065632F42504D4E2F32303130303532342F44492220786D6C6E733A6F6D6764633D22687474703A2F2F7777772E6F6D672E6F72672F737065632F44442F32303130303532342F44432220786D6C6E733A6F6D6764693D22687474703A2F2F7777772E6F6D672E6F72672F737065632F44442F32303130303532342F44492220786D6C6E733A746E733D22687474703A2F2F7777772E61637469766974692E6F72672F746573742220786D6C6E733A7873643D22687474703A2F2F7777772E77332E6F72672F323030312F584D4C536368656D612220786D6C6E733A7873693D22687474703A2F2F7777772E77332E6F72672F323030312F584D4C536368656D612D696E7374616E6365222065787072657373696F6E4C616E67756167653D22687474703A2F2F7777772E77332E6F72672F313939392F5850617468222069643D226D3136333334393336353330363222206E616D653D2222207461726765744E616D6573706163653D22687474703A2F2F7777772E61637469766974692E6F72672F746573742220747970654C616E67756167653D22687474703A2F2F7777772E77332E6F72672F323030312F584D4C536368656D61223E0D0A20203C70726F636573732069643D226275735F6361725F7061636B61676522206973436C6F7365643D2266616C73652220697345786563757461626C653D227472756522206E616D653D22E69C8DE58AA1E5A597E9A490E5AEA1E6A0B8E6B581E7A88B222070726F63657373547970653D224E6F6E65223E0D0A202020203C73746172744576656E742069643D225F3222206E616D653D2253746172744576656E74222F3E0D0A202020203C757365725461736B2061637469766974693A61737369676E65653D22247B73686F704F776E657249647D222061637469766974693A6578636C75736976653D2274727565222069643D2273686F704F776E657222206E616D653D22E5BA97E995BFE5AEA1E6A0B8222F3E0D0A202020203C6578636C7573697665476174657761792067617465776179446972656374696F6E3D22556E737065636966696564222069643D225F3422206E616D653D22E5AEA1E6A0B8E9809AE8BF87E4B88EE68B92E7BB9D222F3E0D0A202020203C6578636C7573697665476174657761792067617465776179446972656374696F6E3D22556E737065636966696564222069643D225F3522206E616D653D22E698AFE590A6E5A4A7E4BA8E34303030222F3E0D0A202020203C757365725461736B2061637469766974693A61737369676E65653D22247B66696E616E636549647D222061637469766974693A6578636C75736976653D2274727565222069643D2266696E616E6369616C22206E616D653D22E8B4A2E58AA1E5AEA1E6A0B8222F3E0D0A202020203C656E644576656E742069643D225F3722206E616D653D22456E644576656E74222F3E0D0A202020203C73657175656E6365466C6F772069643D225F382220736F757263655265663D225F3222207461726765745265663D2273686F704F776E6572222F3E0D0A202020203C73657175656E6365466C6F772069643D225F392220736F757263655265663D2273686F704F776E657222207461726765745265663D225F34222F3E0D0A202020203C73657175656E6365466C6F772069643D225F313022206E616D653D22E5AEA1E6A0B8E68B92E7BB9D2220736F757263655265663D225F3422207461726765745265663D225F37223E0D0A2020202020203C636F6E646974696F6E45787072657373696F6E207873693A747970653D2274466F726D616C45787072657373696F6E223E3C215B43444154415B247B2173686F704F776E65727D5D5D3E3C2F636F6E646974696F6E45787072657373696F6E3E0D0A202020203C2F73657175656E6365466C6F773E0D0A202020203C73657175656E6365466C6F772069643D225F313122206E616D653D22E5AEA1E6A0B8E9809AE8BF872220736F757263655265663D225F3422207461726765745265663D225F35223E0D0A2020202020203C636F6E646974696F6E45787072657373696F6E207873693A747970653D2274466F726D616C45787072657373696F6E223E3C215B43444154415B247B73686F704F776E65727D5D5D3E3C2F636F6E646974696F6E45787072657373696F6E3E0D0A202020203C2F73657175656E6365466C6F773E0D0A202020203C73657175656E6365466C6F772069643D225F313222206E616D653D22E68A98E689A3E4BBB72667743B3D343030302220736F757263655265663D225F3522207461726765745265663D2266696E616E6369616C223E0D0A2020202020203C636F6E646974696F6E45787072657373696F6E207873693A747970653D2274466F726D616C45787072657373696F6E223E3C215B43444154415B247B646973436F756E7450726963653E3D343030307D5D5D3E3C2F636F6E646974696F6E45787072657373696F6E3E0D0A202020203C2F73657175656E6365466C6F773E0D0A202020203C73657175656E6365466C6F772069643D225F313322206E616D653D22E68A98E689A3E4BBB7266C743B343030302220736F757263655265663D225F3522207461726765745265663D225F37223E0D0A2020202020203C636F6E646974696F6E45787072657373696F6E207873693A747970653D2274466F726D616C45787072657373696F6E223E3C215B43444154415B247B646973436F756E7450726963653C343030307D5D5D3E3C2F636F6E646974696F6E45787072657373696F6E3E0D0A202020203C2F73657175656E6365466C6F773E0D0A202020203C73657175656E6365466C6F772069643D225F31342220736F757263655265663D2266696E616E6369616C22207461726765745265663D225F37222F3E0D0A20203C2F70726F636573733E0D0A20203C62706D6E64693A42504D4E4469616772616D20646F63756D656E746174696F6E3D226261636B67726F756E643D234646464646463B636F756E743D313B686F72697A6F6E74616C636F756E743D313B6F7269656E746174696F6E3D303B77696474683D3834322E343B6865696768743D313139352E323B696D61676561626C6557696474683D3833322E343B696D61676561626C654865696768743D313138352E323B696D61676561626C65583D352E303B696D61676561626C65593D352E30222069643D224469616772616D2D5F3122206E616D653D224E6577204469616772616D223E0D0A202020203C62706D6E64693A42504D4E506C616E652062706D6E456C656D656E743D226275735F6361725F7061636B616765223E0D0A2020202020203C62706D6E64693A42504D4E53686170652062706D6E456C656D656E743D225F32222069643D2253686170652D5F32223E0D0A20202020202020203C6F6D6764633A426F756E6473206865696768743D2233322E30222077696474683D2233322E302220783D223131352E302220793D223330352E30222F3E0D0A20202020202020203C62706D6E64693A42504D4E4C6162656C3E0D0A202020202020202020203C6F6D6764633A426F756E6473206865696768743D2233322E30222077696474683D2233322E302220783D22302E302220793D22302E30222F3E0D0A20202020202020203C2F62706D6E64693A42504D4E4C6162656C3E0D0A2020202020203C2F62706D6E64693A42504D4E53686170653E0D0A2020202020203C62706D6E64693A42504D4E53686170652062706D6E456C656D656E743D2273686F704F776E6572222069643D2253686170652D73686F704F776E6572223E0D0A20202020202020203C6F6D6764633A426F756E6473206865696768743D2235352E30222077696474683D2238352E302220783D223237302E302220793D223239352E30222F3E0D0A20202020202020203C62706D6E64693A42504D4E4C6162656C3E0D0A202020202020202020203C6F6D6764633A426F756E6473206865696768743D2235352E30222077696474683D2238352E302220783D22302E302220793D22302E30222F3E0D0A20202020202020203C2F62706D6E64693A42504D4E4C6162656C3E0D0A2020202020203C2F62706D6E64693A42504D4E53686170653E0D0A2020202020203C62706D6E64693A42504D4E53686170652062706D6E456C656D656E743D225F34222069643D2253686170652D5F34222069734D61726B657256697369626C653D2266616C7365223E0D0A20202020202020203C6F6D6764633A426F756E6473206865696768743D2233322E30222077696474683D2233322E302220783D223435352E302220793D223330352E30222F3E0D0A20202020202020203C62706D6E64693A42504D4E4C6162656C3E0D0A202020202020202020203C6F6D6764633A426F756E6473206865696768743D2233322E30222077696474683D2233322E302220783D22302E302220793D22302E30222F3E0D0A20202020202020203C2F62706D6E64693A42504D4E4C6162656C3E0D0A2020202020203C2F62706D6E64693A42504D4E53686170653E0D0A2020202020203C62706D6E64693A42504D4E53686170652062706D6E456C656D656E743D225F35222069643D2253686170652D5F35222069734D61726B657256697369626C653D2266616C7365223E0D0A20202020202020203C6F6D6764633A426F756E6473206865696768743D2233322E30222077696474683D2233322E302220783D223633352E302220793D223138352E30222F3E0D0A20202020202020203C62706D6E64693A42504D4E4C6162656C3E0D0A202020202020202020203C6F6D6764633A426F756E6473206865696768743D2233322E30222077696474683D2233322E302220783D22302E302220793D22302E30222F3E0D0A20202020202020203C2F62706D6E64693A42504D4E4C6162656C3E0D0A2020202020203C2F62706D6E64693A42504D4E53686170653E0D0A2020202020203C62706D6E64693A42504D4E53686170652062706D6E456C656D656E743D2266696E616E6369616C222069643D2253686170652D66696E616E6369616C223E0D0A20202020202020203C6F6D6764633A426F756E6473206865696768743D2235352E30222077696474683D2238352E302220783D223837352E302220793D2236302E30222F3E0D0A20202020202020203C62706D6E64693A42504D4E4C6162656C3E0D0A202020202020202020203C6F6D6764633A426F756E6473206865696768743D2235352E30222077696474683D2238352E302220783D22302E302220793D22302E30222F3E0D0A20202020202020203C2F62706D6E64693A42504D4E4C6162656C3E0D0A2020202020203C2F62706D6E64693A42504D4E53686170653E0D0A2020202020203C62706D6E64693A42504D4E53686170652062706D6E456C656D656E743D225F37222069643D2253686170652D5F37223E0D0A20202020202020203C6F6D6764633A426F756E6473206865696768743D2233322E30222077696474683D2233322E302220783D223838302E302220793D223330352E30222F3E0D0A20202020202020203C62706D6E64693A42504D4E4C6162656C3E0D0A202020202020202020203C6F6D6764633A426F756E6473206865696768743D2233322E30222077696474683D2233322E302220783D22302E302220793D22302E30222F3E0D0A20202020202020203C2F62706D6E64693A42504D4E4C6162656C3E0D0A2020202020203C2F62706D6E64693A42504D4E53686170653E0D0A2020202020203C62706D6E64693A42504D4E456467652062706D6E456C656D656E743D225F3133222069643D2242504D4E456467655F5F31332220736F75726365456C656D656E743D225F352220746172676574456C656D656E743D225F37223E0D0A20202020202020203C6F6D6764693A776179706F696E7420783D223636372E302220793D223230312E30222F3E0D0A20202020202020203C6F6D6764693A776179706F696E7420783D223838302E302220793D223332312E30222F3E0D0A20202020202020203C62706D6E64693A42504D4E4C6162656C3E0D0A202020202020202020203C6F6D6764633A426F756E6473206865696768743D22302E30222077696474683D22302E302220783D22302E302220793D22302E30222F3E0D0A20202020202020203C2F62706D6E64693A42504D4E4C6162656C3E0D0A2020202020203C2F62706D6E64693A42504D4E456467653E0D0A2020202020203C62706D6E64693A42504D4E456467652062706D6E456C656D656E743D225F3132222069643D2242504D4E456467655F5F31322220736F75726365456C656D656E743D225F352220746172676574456C656D656E743D225F36223E0D0A20202020202020203C6F6D6764693A776179706F696E7420783D223636372E302220793D223230312E30222F3E0D0A20202020202020203C6F6D6764693A776179706F696E7420783D223837352E302220793D2238372E35222F3E0D0A20202020202020203C62706D6E64693A42504D4E4C6162656C3E0D0A202020202020202020203C6F6D6764633A426F756E6473206865696768743D22302E30222077696474683D22302E302220783D22302E302220793D22302E30222F3E0D0A20202020202020203C2F62706D6E64693A42504D4E4C6162656C3E0D0A2020202020203C2F62706D6E64693A42504D4E456467653E0D0A2020202020203C62706D6E64693A42504D4E456467652062706D6E456C656D656E743D225F3134222069643D2242504D4E456467655F5F31342220736F75726365456C656D656E743D225F362220746172676574456C656D656E743D225F37223E0D0A20202020202020203C6F6D6764693A776179706F696E7420783D223839362E302220793D223131352E30222F3E0D0A20202020202020203C6F6D6764693A776179706F696E7420783D223839362E302220793D223330352E30222F3E0D0A20202020202020203C62706D6E64693A42504D4E4C6162656C3E0D0A202020202020202020203C6F6D6764633A426F756E6473206865696768743D22302E30222077696474683D22302E302220783D22302E302220793D22302E30222F3E0D0A20202020202020203C2F62706D6E64693A42504D4E4C6162656C3E0D0A2020202020203C2F62706D6E64693A42504D4E456467653E0D0A2020202020203C62706D6E64693A42504D4E456467652062706D6E456C656D656E743D225F38222069643D2242504D4E456467655F5F382220736F75726365456C656D656E743D225F322220746172676574456C656D656E743D225F33223E0D0A20202020202020203C6F6D6764693A776179706F696E7420783D223134372E302220793D223332312E30222F3E0D0A20202020202020203C6F6D6764693A776179706F696E7420783D223237302E302220793D223332322E35222F3E0D0A20202020202020203C62706D6E64693A42504D4E4C6162656C3E0D0A202020202020202020203C6F6D6764633A426F756E6473206865696768743D22302E30222077696474683D22302E302220783D22302E302220793D22302E30222F3E0D0A20202020202020203C2F62706D6E64693A42504D4E4C6162656C3E0D0A2020202020203C2F62706D6E64693A42504D4E456467653E0D0A2020202020203C62706D6E64693A42504D4E456467652062706D6E456C656D656E743D225F39222069643D2242504D4E456467655F5F392220736F75726365456C656D656E743D225F332220746172676574456C656D656E743D225F34223E0D0A20202020202020203C6F6D6764693A776179706F696E7420783D223335352E302220793D223332322E35222F3E0D0A20202020202020203C6F6D6764693A776179706F696E7420783D223435352E302220793D223332312E30222F3E0D0A20202020202020203C62706D6E64693A42504D4E4C6162656C3E0D0A202020202020202020203C6F6D6764633A426F756E6473206865696768743D22302E30222077696474683D22302E302220783D22302E302220793D22302E30222F3E0D0A20202020202020203C2F62706D6E64693A42504D4E4C6162656C3E0D0A2020202020203C2F62706D6E64693A42504D4E456467653E0D0A2020202020203C62706D6E64693A42504D4E456467652062706D6E456C656D656E743D225F3131222069643D2242504D4E456467655F5F31312220736F75726365456C656D656E743D225F342220746172676574456C656D656E743D225F35223E0D0A20202020202020203C6F6D6764693A776179706F696E7420783D223438372E302220793D223332312E30222F3E0D0A20202020202020203C6F6D6764693A776179706F696E7420783D223633352E302220793D223230312E30222F3E0D0A20202020202020203C62706D6E64693A42504D4E4C6162656C3E0D0A202020202020202020203C6F6D6764633A426F756E6473206865696768743D22302E30222077696474683D22302E302220783D22302E302220793D22302E30222F3E0D0A20202020202020203C2F62706D6E64693A42504D4E4C6162656C3E0D0A2020202020203C2F62706D6E64693A42504D4E456467653E0D0A2020202020203C62706D6E64693A42504D4E456467652062706D6E456C656D656E743D225F3130222069643D2242504D4E456467655F5F31302220736F75726365456C656D656E743D225F342220746172676574456C656D656E743D225F37223E0D0A20202020202020203C6F6D6764693A776179706F696E7420783D223438372E302220793D223332312E30222F3E0D0A20202020202020203C6F6D6764693A776179706F696E7420783D223838302E302220793D223332312E30222F3E0D0A20202020202020203C62706D6E64693A42504D4E4C6162656C3E0D0A202020202020202020203C6F6D6764633A426F756E6473206865696768743D22302E30222077696474683D22302E302220783D22302E302220793D22302E30222F3E0D0A20202020202020203C2F62706D6E64693A42504D4E4C6162656C3E0D0A2020202020203C2F62706D6E64693A42504D4E456467653E0D0A202020203C2F62706D6E64693A42504D4E506C616E653E0D0A20203C2F62706D6E64693A42504D4E4469616772616D3E0D0A3C2F646566696E6974696F6E733E0D0A, 0);
INSERT INTO `act_ge_bytearray` VALUES ('e13920b0-8f26-11ed-b40b-d85ed3d43c87', 1, 'bus_service_car_package.bpmn', 'e13920af-8f26-11ed-b40b-d85ed3d43c87', 0x3C3F786D6C2076657273696F6E3D22312E302220656E636F64696E673D225554462D3822207374616E64616C6F6E653D22796573223F3E0D0A3C646566696E6974696F6E7320786D6C6E733D22687474703A2F2F7777772E6F6D672E6F72672F737065632F42504D4E2F32303130303532342F4D4F44454C2220786D6C6E733A61637469766974693D22687474703A2F2F61637469766974692E6F72672F62706D6E2220786D6C6E733A62706D6E64693D22687474703A2F2F7777772E6F6D672E6F72672F737065632F42504D4E2F32303130303532342F44492220786D6C6E733A6F6D6764633D22687474703A2F2F7777772E6F6D672E6F72672F737065632F44442F32303130303532342F44432220786D6C6E733A6F6D6764693D22687474703A2F2F7777772E6F6D672E6F72672F737065632F44442F32303130303532342F44492220786D6C6E733A746E733D22687474703A2F2F7777772E61637469766974692E6F72672F746573742220786D6C6E733A7873643D22687474703A2F2F7777772E77332E6F72672F323030312F584D4C536368656D612220786D6C6E733A7873693D22687474703A2F2F7777772E77332E6F72672F323030312F584D4C536368656D612D696E7374616E6365222065787072657373696F6E4C616E67756167653D22687474703A2F2F7777772E77332E6F72672F313939392F5850617468222069643D226D3136333334393336353330363222206E616D653D2222207461726765744E616D6573706163653D22687474703A2F2F7777772E61637469766974692E6F72672F746573742220747970654C616E67756167653D22687474703A2F2F7777772E77332E6F72672F323030312F584D4C536368656D61223E0D0A20203C70726F636573732069643D226275735F6361725F7061636B61676522206973436C6F7365643D2266616C73652220697345786563757461626C653D227472756522206E616D653D22E69C8DE58AA1E5A597E9A490E5AEA1E6A0B8E6B581E7A88B222070726F63657373547970653D224E6F6E65223E0D0A202020203C73746172744576656E742069643D225F3222206E616D653D2253746172744576656E74222F3E0D0A202020203C757365725461736B2061637469766974693A61737369676E65653D22247B73686F704F776E657249647D222061637469766974693A6578636C75736976653D2274727565222069643D2273686F704F776E657222206E616D653D22E5BA97E995BFE5AEA1E6A0B8222F3E0D0A202020203C6578636C7573697665476174657761792067617465776179446972656374696F6E3D22556E737065636966696564222069643D225F3422206E616D653D22E5AEA1E6A0B8E9809AE8BF87E4B88EE68B92E7BB9D222F3E0D0A202020203C6578636C7573697665476174657761792067617465776179446972656374696F6E3D22556E737065636966696564222069643D225F3522206E616D653D22E698AFE590A6E5A4A7E4BA8E33303030222F3E0D0A202020203C757365725461736B2061637469766974693A61737369676E65653D22247B66696E616E636549647D222061637469766974693A6578636C75736976653D2274727565222069643D2266696E616E6369616C22206E616D653D22E8B4A2E58AA1E5AEA1E6A0B8222F3E0D0A202020203C656E644576656E742069643D225F3722206E616D653D22456E644576656E74222F3E0D0A202020203C73657175656E6365466C6F772069643D225F382220736F757263655265663D225F3222207461726765745265663D2273686F704F776E6572222F3E0D0A202020203C73657175656E6365466C6F772069643D225F392220736F757263655265663D2273686F704F776E657222207461726765745265663D225F34222F3E0D0A202020203C73657175656E6365466C6F772069643D225F313022206E616D653D22E5AEA1E6A0B8E68B92E7BB9D2220736F757263655265663D225F3422207461726765745265663D225F37223E0D0A2020202020203C636F6E646974696F6E45787072657373696F6E207873693A747970653D2274466F726D616C45787072657373696F6E223E3C215B43444154415B247B2173686F704F776E65727D5D5D3E3C2F636F6E646974696F6E45787072657373696F6E3E0D0A202020203C2F73657175656E6365466C6F773E0D0A202020203C73657175656E6365466C6F772069643D225F313122206E616D653D22E5AEA1E6A0B8E9809AE8BF872220736F757263655265663D225F3422207461726765745265663D225F35223E0D0A2020202020203C636F6E646974696F6E45787072657373696F6E207873693A747970653D2274466F726D616C45787072657373696F6E223E3C215B43444154415B247B73686F704F776E65727D5D5D3E3C2F636F6E646974696F6E45787072657373696F6E3E0D0A202020203C2F73657175656E6365466C6F773E0D0A202020203C73657175656E6365466C6F772069643D225F313222206E616D653D22E68A98E689A3E4BBB72667743B3D333030302220736F757263655265663D225F3522207461726765745265663D2266696E616E6369616C223E0D0A2020202020203C636F6E646974696F6E45787072657373696F6E207873693A747970653D2274466F726D616C45787072657373696F6E223E3C215B43444154415B247B646973436F756E7450726963653E3D333030307D5D5D3E3C2F636F6E646974696F6E45787072657373696F6E3E0D0A202020203C2F73657175656E6365466C6F773E0D0A202020203C73657175656E6365466C6F772069643D225F313322206E616D653D22E68A98E689A3E4BBB7266C743B333030302220736F757263655265663D225F3522207461726765745265663D225F37223E0D0A2020202020203C636F6E646974696F6E45787072657373696F6E207873693A747970653D2274466F726D616C45787072657373696F6E223E3C215B43444154415B247B646973436F756E7450726963653C333030307D5D5D3E3C2F636F6E646974696F6E45787072657373696F6E3E0D0A202020203C2F73657175656E6365466C6F773E0D0A202020203C73657175656E6365466C6F772069643D225F31342220736F757263655265663D2266696E616E6369616C22207461726765745265663D225F37222F3E0D0A20203C2F70726F636573733E0D0A20203C62706D6E64693A42504D4E4469616772616D20646F63756D656E746174696F6E3D226261636B67726F756E643D234646464646463B636F756E743D313B686F72697A6F6E74616C636F756E743D313B6F7269656E746174696F6E3D303B77696474683D3834322E343B6865696768743D313139352E323B696D61676561626C6557696474683D3833322E343B696D61676561626C654865696768743D313138352E323B696D61676561626C65583D352E303B696D61676561626C65593D352E30222069643D224469616772616D2D5F3122206E616D653D224E6577204469616772616D223E0D0A202020203C62706D6E64693A42504D4E506C616E652062706D6E456C656D656E743D226275735F6361725F7061636B616765223E0D0A2020202020203C62706D6E64693A42504D4E53686170652062706D6E456C656D656E743D225F32222069643D2253686170652D5F32223E0D0A20202020202020203C6F6D6764633A426F756E6473206865696768743D2233322E30222077696474683D2233322E302220783D223131352E302220793D223330352E30222F3E0D0A20202020202020203C62706D6E64693A42504D4E4C6162656C3E0D0A202020202020202020203C6F6D6764633A426F756E6473206865696768743D2233322E30222077696474683D2233322E302220783D22302E302220793D22302E30222F3E0D0A20202020202020203C2F62706D6E64693A42504D4E4C6162656C3E0D0A2020202020203C2F62706D6E64693A42504D4E53686170653E0D0A2020202020203C62706D6E64693A42504D4E53686170652062706D6E456C656D656E743D2273686F704F776E6572222069643D2253686170652D73686F704F776E6572223E0D0A20202020202020203C6F6D6764633A426F756E6473206865696768743D2235352E30222077696474683D2238352E302220783D223237302E302220793D223239352E30222F3E0D0A20202020202020203C62706D6E64693A42504D4E4C6162656C3E0D0A202020202020202020203C6F6D6764633A426F756E6473206865696768743D2235352E30222077696474683D2238352E302220783D22302E302220793D22302E30222F3E0D0A20202020202020203C2F62706D6E64693A42504D4E4C6162656C3E0D0A2020202020203C2F62706D6E64693A42504D4E53686170653E0D0A2020202020203C62706D6E64693A42504D4E53686170652062706D6E456C656D656E743D225F34222069643D2253686170652D5F34222069734D61726B657256697369626C653D2266616C7365223E0D0A20202020202020203C6F6D6764633A426F756E6473206865696768743D2233322E30222077696474683D2233322E302220783D223435352E302220793D223330352E30222F3E0D0A20202020202020203C62706D6E64693A42504D4E4C6162656C3E0D0A202020202020202020203C6F6D6764633A426F756E6473206865696768743D2233322E30222077696474683D2233322E302220783D22302E302220793D22302E30222F3E0D0A20202020202020203C2F62706D6E64693A42504D4E4C6162656C3E0D0A2020202020203C2F62706D6E64693A42504D4E53686170653E0D0A2020202020203C62706D6E64693A42504D4E53686170652062706D6E456C656D656E743D225F35222069643D2253686170652D5F35222069734D61726B657256697369626C653D2266616C7365223E0D0A20202020202020203C6F6D6764633A426F756E6473206865696768743D2233322E30222077696474683D2233322E302220783D223633352E302220793D223138352E30222F3E0D0A20202020202020203C62706D6E64693A42504D4E4C6162656C3E0D0A202020202020202020203C6F6D6764633A426F756E6473206865696768743D2233322E30222077696474683D2233322E302220783D22302E302220793D22302E30222F3E0D0A20202020202020203C2F62706D6E64693A42504D4E4C6162656C3E0D0A2020202020203C2F62706D6E64693A42504D4E53686170653E0D0A2020202020203C62706D6E64693A42504D4E53686170652062706D6E456C656D656E743D2266696E616E6369616C222069643D2253686170652D66696E616E6369616C223E0D0A20202020202020203C6F6D6764633A426F756E6473206865696768743D2235352E30222077696474683D2238352E302220783D223837352E302220793D2236302E30222F3E0D0A20202020202020203C62706D6E64693A42504D4E4C6162656C3E0D0A202020202020202020203C6F6D6764633A426F756E6473206865696768743D2235352E30222077696474683D2238352E302220783D22302E302220793D22302E30222F3E0D0A20202020202020203C2F62706D6E64693A42504D4E4C6162656C3E0D0A2020202020203C2F62706D6E64693A42504D4E53686170653E0D0A2020202020203C62706D6E64693A42504D4E53686170652062706D6E456C656D656E743D225F37222069643D2253686170652D5F37223E0D0A20202020202020203C6F6D6764633A426F756E6473206865696768743D2233322E30222077696474683D2233322E302220783D223838302E302220793D223330352E30222F3E0D0A20202020202020203C62706D6E64693A42504D4E4C6162656C3E0D0A202020202020202020203C6F6D6764633A426F756E6473206865696768743D2233322E30222077696474683D2233322E302220783D22302E302220793D22302E30222F3E0D0A20202020202020203C2F62706D6E64693A42504D4E4C6162656C3E0D0A2020202020203C2F62706D6E64693A42504D4E53686170653E0D0A2020202020203C62706D6E64693A42504D4E456467652062706D6E456C656D656E743D225F3133222069643D2242504D4E456467655F5F31332220736F75726365456C656D656E743D225F352220746172676574456C656D656E743D225F37223E0D0A20202020202020203C6F6D6764693A776179706F696E7420783D223636372E302220793D223230312E30222F3E0D0A20202020202020203C6F6D6764693A776179706F696E7420783D223838302E302220793D223332312E30222F3E0D0A20202020202020203C62706D6E64693A42504D4E4C6162656C3E0D0A202020202020202020203C6F6D6764633A426F756E6473206865696768743D22302E30222077696474683D22302E302220783D22302E302220793D22302E30222F3E0D0A20202020202020203C2F62706D6E64693A42504D4E4C6162656C3E0D0A2020202020203C2F62706D6E64693A42504D4E456467653E0D0A2020202020203C62706D6E64693A42504D4E456467652062706D6E456C656D656E743D225F3132222069643D2242504D4E456467655F5F31322220736F75726365456C656D656E743D225F352220746172676574456C656D656E743D225F36223E0D0A20202020202020203C6F6D6764693A776179706F696E7420783D223636372E302220793D223230312E30222F3E0D0A20202020202020203C6F6D6764693A776179706F696E7420783D223837352E302220793D2238372E35222F3E0D0A20202020202020203C62706D6E64693A42504D4E4C6162656C3E0D0A202020202020202020203C6F6D6764633A426F756E6473206865696768743D22302E30222077696474683D22302E302220783D22302E302220793D22302E30222F3E0D0A20202020202020203C2F62706D6E64693A42504D4E4C6162656C3E0D0A2020202020203C2F62706D6E64693A42504D4E456467653E0D0A2020202020203C62706D6E64693A42504D4E456467652062706D6E456C656D656E743D225F3134222069643D2242504D4E456467655F5F31342220736F75726365456C656D656E743D225F362220746172676574456C656D656E743D225F37223E0D0A20202020202020203C6F6D6764693A776179706F696E7420783D223839362E302220793D223131352E30222F3E0D0A20202020202020203C6F6D6764693A776179706F696E7420783D223839362E302220793D223330352E30222F3E0D0A20202020202020203C62706D6E64693A42504D4E4C6162656C3E0D0A202020202020202020203C6F6D6764633A426F756E6473206865696768743D22302E30222077696474683D22302E302220783D22302E302220793D22302E30222F3E0D0A20202020202020203C2F62706D6E64693A42504D4E4C6162656C3E0D0A2020202020203C2F62706D6E64693A42504D4E456467653E0D0A2020202020203C62706D6E64693A42504D4E456467652062706D6E456C656D656E743D225F38222069643D2242504D4E456467655F5F382220736F75726365456C656D656E743D225F322220746172676574456C656D656E743D225F33223E0D0A20202020202020203C6F6D6764693A776179706F696E7420783D223134372E302220793D223332312E30222F3E0D0A20202020202020203C6F6D6764693A776179706F696E7420783D223237302E302220793D223332322E35222F3E0D0A20202020202020203C62706D6E64693A42504D4E4C6162656C3E0D0A202020202020202020203C6F6D6764633A426F756E6473206865696768743D22302E30222077696474683D22302E302220783D22302E302220793D22302E30222F3E0D0A20202020202020203C2F62706D6E64693A42504D4E4C6162656C3E0D0A2020202020203C2F62706D6E64693A42504D4E456467653E0D0A2020202020203C62706D6E64693A42504D4E456467652062706D6E456C656D656E743D225F39222069643D2242504D4E456467655F5F392220736F75726365456C656D656E743D225F332220746172676574456C656D656E743D225F34223E0D0A20202020202020203C6F6D6764693A776179706F696E7420783D223335352E302220793D223332322E35222F3E0D0A20202020202020203C6F6D6764693A776179706F696E7420783D223435352E302220793D223332312E30222F3E0D0A20202020202020203C62706D6E64693A42504D4E4C6162656C3E0D0A202020202020202020203C6F6D6764633A426F756E6473206865696768743D22302E30222077696474683D22302E302220783D22302E302220793D22302E30222F3E0D0A20202020202020203C2F62706D6E64693A42504D4E4C6162656C3E0D0A2020202020203C2F62706D6E64693A42504D4E456467653E0D0A2020202020203C62706D6E64693A42504D4E456467652062706D6E456C656D656E743D225F3131222069643D2242504D4E456467655F5F31312220736F75726365456C656D656E743D225F342220746172676574456C656D656E743D225F35223E0D0A20202020202020203C6F6D6764693A776179706F696E7420783D223438372E302220793D223332312E30222F3E0D0A20202020202020203C6F6D6764693A776179706F696E7420783D223633352E302220793D223230312E30222F3E0D0A20202020202020203C62706D6E64693A42504D4E4C6162656C3E0D0A202020202020202020203C6F6D6764633A426F756E6473206865696768743D22302E30222077696474683D22302E302220783D22302E302220793D22302E30222F3E0D0A20202020202020203C2F62706D6E64693A42504D4E4C6162656C3E0D0A2020202020203C2F62706D6E64693A42504D4E456467653E0D0A2020202020203C62706D6E64693A42504D4E456467652062706D6E456C656D656E743D225F3130222069643D2242504D4E456467655F5F31302220736F75726365456C656D656E743D225F342220746172676574456C656D656E743D225F37223E0D0A20202020202020203C6F6D6764693A776179706F696E7420783D223438372E302220793D223332312E30222F3E0D0A20202020202020203C6F6D6764693A776179706F696E7420783D223838302E302220793D223332312E30222F3E0D0A20202020202020203C62706D6E64693A42504D4E4C6162656C3E0D0A202020202020202020203C6F6D6764633A426F756E6473206865696768743D22302E30222077696474683D22302E302220783D22302E302220793D22302E30222F3E0D0A20202020202020203C2F62706D6E64693A42504D4E4C6162656C3E0D0A2020202020203C2F62706D6E64693A42504D4E456467653E0D0A202020203C2F62706D6E64693A42504D4E506C616E653E0D0A20203C2F62706D6E64693A42504D4E4469616772616D3E0D0A3C2F646566696E6974696F6E733E0D0A, 0);
INSERT INTO `act_ge_bytearray` VALUES ('f3133d1a-8e52-11ed-9ab8-d85ed3d43c87', 1, 'bus_service_car_package.bpmn', 'f3133d19-8e52-11ed-9ab8-d85ed3d43c87', 0x3C3F786D6C2076657273696F6E3D22312E302220656E636F64696E673D225554462D3822207374616E64616C6F6E653D22796573223F3E0D0A3C646566696E6974696F6E7320786D6C6E733D22687474703A2F2F7777772E6F6D672E6F72672F737065632F42504D4E2F32303130303532342F4D4F44454C2220786D6C6E733A61637469766974693D22687474703A2F2F61637469766974692E6F72672F62706D6E2220786D6C6E733A62706D6E64693D22687474703A2F2F7777772E6F6D672E6F72672F737065632F42504D4E2F32303130303532342F44492220786D6C6E733A6F6D6764633D22687474703A2F2F7777772E6F6D672E6F72672F737065632F44442F32303130303532342F44432220786D6C6E733A6F6D6764693D22687474703A2F2F7777772E6F6D672E6F72672F737065632F44442F32303130303532342F44492220786D6C6E733A746E733D22687474703A2F2F7777772E61637469766974692E6F72672F746573742220786D6C6E733A7873643D22687474703A2F2F7777772E77332E6F72672F323030312F584D4C536368656D612220786D6C6E733A7873693D22687474703A2F2F7777772E77332E6F72672F323030312F584D4C536368656D612D696E7374616E6365222065787072657373696F6E4C616E67756167653D22687474703A2F2F7777772E77332E6F72672F313939392F5850617468222069643D226D3136333334393336353330363222206E616D653D2222207461726765744E616D6573706163653D22687474703A2F2F7777772E61637469766974692E6F72672F746573742220747970654C616E67756167653D22687474703A2F2F7777772E77332E6F72672F323030312F584D4C536368656D61223E0D0A20203C70726F636573732069643D226275735F6361725F7061636B61676522206973436C6F7365643D2266616C73652220697345786563757461626C653D227472756522206E616D653D22E69C8DE58AA1E5A597E9A490E5AEA1E6A0B8E6B581E7A88B222070726F63657373547970653D224E6F6E65223E0D0A202020203C73746172744576656E742069643D225F3222206E616D653D2253746172744576656E74222F3E0D0A202020203C757365725461736B2061637469766974693A61737369676E65653D22247B73686F704F776E657249647D222061637469766974693A6578636C75736976653D2274727565222069643D2273686F704F776E657222206E616D653D22E5BA97E995BFE5AEA1E6A0B8222F3E0D0A202020203C6578636C7573697665476174657761792067617465776179446972656374696F6E3D22556E737065636966696564222069643D225F3422206E616D653D22E5AEA1E6A0B8E9809AE8BF87E4B88EE68B92E7BB9D222F3E0D0A202020203C6578636C7573697665476174657761792067617465776179446972656374696F6E3D22556E737065636966696564222069643D225F3522206E616D653D22E698AFE590A6E5A4A7E4BA8E33303030222F3E0D0A202020203C757365725461736B2061637469766974693A61737369676E65653D22247B66696E616E636549647D222061637469766974693A6578636C75736976653D2274727565222069643D2266696E616E6369616C22206E616D653D22E8B4A2E58AA1E5AEA1E6A0B8222F3E0D0A202020203C656E644576656E742069643D225F3722206E616D653D22456E644576656E74222F3E0D0A202020203C73657175656E6365466C6F772069643D225F382220736F757263655265663D225F3222207461726765745265663D2273686F704F776E6572222F3E0D0A202020203C73657175656E6365466C6F772069643D225F392220736F757263655265663D2273686F704F776E657222207461726765745265663D225F34222F3E0D0A202020203C73657175656E6365466C6F772069643D225F313022206E616D653D22E5AEA1E6A0B8E68B92E7BB9D2220736F757263655265663D225F3422207461726765745265663D225F37223E0D0A2020202020203C636F6E646974696F6E45787072657373696F6E207873693A747970653D2274466F726D616C45787072657373696F6E223E3C215B43444154415B247B2173686F704F776E65727D5D5D3E3C2F636F6E646974696F6E45787072657373696F6E3E0D0A202020203C2F73657175656E6365466C6F773E0D0A202020203C73657175656E6365466C6F772069643D225F313122206E616D653D22E5AEA1E6A0B8E9809AE8BF872220736F757263655265663D225F3422207461726765745265663D225F35223E0D0A2020202020203C636F6E646974696F6E45787072657373696F6E207873693A747970653D2274466F726D616C45787072657373696F6E223E3C215B43444154415B247B73686F704F776E65727D5D5D3E3C2F636F6E646974696F6E45787072657373696F6E3E0D0A202020203C2F73657175656E6365466C6F773E0D0A202020203C73657175656E6365466C6F772069643D225F313222206E616D653D22E68A98E689A3E4BBB72667743B3D333030302220736F757263655265663D225F3522207461726765745265663D2266696E616E6369616C223E0D0A2020202020203C636F6E646974696F6E45787072657373696F6E207873693A747970653D2274466F726D616C45787072657373696F6E223E3C215B43444154415B247B646973436F756E7450726963653E3D333030307D5D5D3E3C2F636F6E646974696F6E45787072657373696F6E3E0D0A202020203C2F73657175656E6365466C6F773E0D0A202020203C73657175656E6365466C6F772069643D225F313322206E616D653D22E68A98E689A3E4BBB7266C743B333030302220736F757263655265663D225F3522207461726765745265663D225F37223E0D0A2020202020203C636F6E646974696F6E45787072657373696F6E207873693A747970653D2274466F726D616C45787072657373696F6E223E3C215B43444154415B247B646973436F756E7450726963653C333030307D5D5D3E3C2F636F6E646974696F6E45787072657373696F6E3E0D0A202020203C2F73657175656E6365466C6F773E0D0A202020203C73657175656E6365466C6F772069643D225F31342220736F757263655265663D2266696E616E6369616C22207461726765745265663D225F37222F3E0D0A20203C2F70726F636573733E0D0A20203C62706D6E64693A42504D4E4469616772616D20646F63756D656E746174696F6E3D226261636B67726F756E643D234646464646463B636F756E743D313B686F72697A6F6E74616C636F756E743D313B6F7269656E746174696F6E3D303B77696474683D3834322E343B6865696768743D313139352E323B696D61676561626C6557696474683D3833322E343B696D61676561626C654865696768743D313138352E323B696D61676561626C65583D352E303B696D61676561626C65593D352E30222069643D224469616772616D2D5F3122206E616D653D224E6577204469616772616D223E0D0A202020203C62706D6E64693A42504D4E506C616E652062706D6E456C656D656E743D226275735F6361725F7061636B616765223E0D0A2020202020203C62706D6E64693A42504D4E53686170652062706D6E456C656D656E743D225F32222069643D2253686170652D5F32223E0D0A20202020202020203C6F6D6764633A426F756E6473206865696768743D2233322E30222077696474683D2233322E302220783D223131352E302220793D223330352E30222F3E0D0A20202020202020203C62706D6E64693A42504D4E4C6162656C3E0D0A202020202020202020203C6F6D6764633A426F756E6473206865696768743D2233322E30222077696474683D2233322E302220783D22302E302220793D22302E30222F3E0D0A20202020202020203C2F62706D6E64693A42504D4E4C6162656C3E0D0A2020202020203C2F62706D6E64693A42504D4E53686170653E0D0A2020202020203C62706D6E64693A42504D4E53686170652062706D6E456C656D656E743D2273686F704F776E6572222069643D2253686170652D73686F704F776E6572223E0D0A20202020202020203C6F6D6764633A426F756E6473206865696768743D2235352E30222077696474683D2238352E302220783D223237302E302220793D223239352E30222F3E0D0A20202020202020203C62706D6E64693A42504D4E4C6162656C3E0D0A202020202020202020203C6F6D6764633A426F756E6473206865696768743D2235352E30222077696474683D2238352E302220783D22302E302220793D22302E30222F3E0D0A20202020202020203C2F62706D6E64693A42504D4E4C6162656C3E0D0A2020202020203C2F62706D6E64693A42504D4E53686170653E0D0A2020202020203C62706D6E64693A42504D4E53686170652062706D6E456C656D656E743D225F34222069643D2253686170652D5F34222069734D61726B657256697369626C653D2266616C7365223E0D0A20202020202020203C6F6D6764633A426F756E6473206865696768743D2233322E30222077696474683D2233322E302220783D223435352E302220793D223330352E30222F3E0D0A20202020202020203C62706D6E64693A42504D4E4C6162656C3E0D0A202020202020202020203C6F6D6764633A426F756E6473206865696768743D2233322E30222077696474683D2233322E302220783D22302E302220793D22302E30222F3E0D0A20202020202020203C2F62706D6E64693A42504D4E4C6162656C3E0D0A2020202020203C2F62706D6E64693A42504D4E53686170653E0D0A2020202020203C62706D6E64693A42504D4E53686170652062706D6E456C656D656E743D225F35222069643D2253686170652D5F35222069734D61726B657256697369626C653D2266616C7365223E0D0A20202020202020203C6F6D6764633A426F756E6473206865696768743D2233322E30222077696474683D2233322E302220783D223633352E302220793D223138352E30222F3E0D0A20202020202020203C62706D6E64693A42504D4E4C6162656C3E0D0A202020202020202020203C6F6D6764633A426F756E6473206865696768743D2233322E30222077696474683D2233322E302220783D22302E302220793D22302E30222F3E0D0A20202020202020203C2F62706D6E64693A42504D4E4C6162656C3E0D0A2020202020203C2F62706D6E64693A42504D4E53686170653E0D0A2020202020203C62706D6E64693A42504D4E53686170652062706D6E456C656D656E743D2266696E616E6369616C222069643D2253686170652D66696E616E6369616C223E0D0A20202020202020203C6F6D6764633A426F756E6473206865696768743D2235352E30222077696474683D2238352E302220783D223837352E302220793D2236302E30222F3E0D0A20202020202020203C62706D6E64693A42504D4E4C6162656C3E0D0A202020202020202020203C6F6D6764633A426F756E6473206865696768743D2235352E30222077696474683D2238352E302220783D22302E302220793D22302E30222F3E0D0A20202020202020203C2F62706D6E64693A42504D4E4C6162656C3E0D0A2020202020203C2F62706D6E64693A42504D4E53686170653E0D0A2020202020203C62706D6E64693A42504D4E53686170652062706D6E456C656D656E743D225F37222069643D2253686170652D5F37223E0D0A20202020202020203C6F6D6764633A426F756E6473206865696768743D2233322E30222077696474683D2233322E302220783D223838302E302220793D223330352E30222F3E0D0A20202020202020203C62706D6E64693A42504D4E4C6162656C3E0D0A202020202020202020203C6F6D6764633A426F756E6473206865696768743D2233322E30222077696474683D2233322E302220783D22302E302220793D22302E30222F3E0D0A20202020202020203C2F62706D6E64693A42504D4E4C6162656C3E0D0A2020202020203C2F62706D6E64693A42504D4E53686170653E0D0A2020202020203C62706D6E64693A42504D4E456467652062706D6E456C656D656E743D225F3133222069643D2242504D4E456467655F5F31332220736F75726365456C656D656E743D225F352220746172676574456C656D656E743D225F37223E0D0A20202020202020203C6F6D6764693A776179706F696E7420783D223636372E302220793D223230312E30222F3E0D0A20202020202020203C6F6D6764693A776179706F696E7420783D223838302E302220793D223332312E30222F3E0D0A20202020202020203C62706D6E64693A42504D4E4C6162656C3E0D0A202020202020202020203C6F6D6764633A426F756E6473206865696768743D22302E30222077696474683D22302E302220783D22302E302220793D22302E30222F3E0D0A20202020202020203C2F62706D6E64693A42504D4E4C6162656C3E0D0A2020202020203C2F62706D6E64693A42504D4E456467653E0D0A2020202020203C62706D6E64693A42504D4E456467652062706D6E456C656D656E743D225F3132222069643D2242504D4E456467655F5F31322220736F75726365456C656D656E743D225F352220746172676574456C656D656E743D225F36223E0D0A20202020202020203C6F6D6764693A776179706F696E7420783D223636372E302220793D223230312E30222F3E0D0A20202020202020203C6F6D6764693A776179706F696E7420783D223837352E302220793D2238372E35222F3E0D0A20202020202020203C62706D6E64693A42504D4E4C6162656C3E0D0A202020202020202020203C6F6D6764633A426F756E6473206865696768743D22302E30222077696474683D22302E302220783D22302E302220793D22302E30222F3E0D0A20202020202020203C2F62706D6E64693A42504D4E4C6162656C3E0D0A2020202020203C2F62706D6E64693A42504D4E456467653E0D0A2020202020203C62706D6E64693A42504D4E456467652062706D6E456C656D656E743D225F3134222069643D2242504D4E456467655F5F31342220736F75726365456C656D656E743D225F362220746172676574456C656D656E743D225F37223E0D0A20202020202020203C6F6D6764693A776179706F696E7420783D223839362E302220793D223131352E30222F3E0D0A20202020202020203C6F6D6764693A776179706F696E7420783D223839362E302220793D223330352E30222F3E0D0A20202020202020203C62706D6E64693A42504D4E4C6162656C3E0D0A202020202020202020203C6F6D6764633A426F756E6473206865696768743D22302E30222077696474683D22302E302220783D22302E302220793D22302E30222F3E0D0A20202020202020203C2F62706D6E64693A42504D4E4C6162656C3E0D0A2020202020203C2F62706D6E64693A42504D4E456467653E0D0A2020202020203C62706D6E64693A42504D4E456467652062706D6E456C656D656E743D225F38222069643D2242504D4E456467655F5F382220736F75726365456C656D656E743D225F322220746172676574456C656D656E743D225F33223E0D0A20202020202020203C6F6D6764693A776179706F696E7420783D223134372E302220793D223332312E30222F3E0D0A20202020202020203C6F6D6764693A776179706F696E7420783D223237302E302220793D223332322E35222F3E0D0A20202020202020203C62706D6E64693A42504D4E4C6162656C3E0D0A202020202020202020203C6F6D6764633A426F756E6473206865696768743D22302E30222077696474683D22302E302220783D22302E302220793D22302E30222F3E0D0A20202020202020203C2F62706D6E64693A42504D4E4C6162656C3E0D0A2020202020203C2F62706D6E64693A42504D4E456467653E0D0A2020202020203C62706D6E64693A42504D4E456467652062706D6E456C656D656E743D225F39222069643D2242504D4E456467655F5F392220736F75726365456C656D656E743D225F332220746172676574456C656D656E743D225F34223E0D0A20202020202020203C6F6D6764693A776179706F696E7420783D223335352E302220793D223332322E35222F3E0D0A20202020202020203C6F6D6764693A776179706F696E7420783D223435352E302220793D223332312E30222F3E0D0A20202020202020203C62706D6E64693A42504D4E4C6162656C3E0D0A202020202020202020203C6F6D6764633A426F756E6473206865696768743D22302E30222077696474683D22302E302220783D22302E302220793D22302E30222F3E0D0A20202020202020203C2F62706D6E64693A42504D4E4C6162656C3E0D0A2020202020203C2F62706D6E64693A42504D4E456467653E0D0A2020202020203C62706D6E64693A42504D4E456467652062706D6E456C656D656E743D225F3131222069643D2242504D4E456467655F5F31312220736F75726365456C656D656E743D225F342220746172676574456C656D656E743D225F35223E0D0A20202020202020203C6F6D6764693A776179706F696E7420783D223438372E302220793D223332312E30222F3E0D0A20202020202020203C6F6D6764693A776179706F696E7420783D223633352E302220793D223230312E30222F3E0D0A20202020202020203C62706D6E64693A42504D4E4C6162656C3E0D0A202020202020202020203C6F6D6764633A426F756E6473206865696768743D22302E30222077696474683D22302E302220783D22302E302220793D22302E30222F3E0D0A20202020202020203C2F62706D6E64693A42504D4E4C6162656C3E0D0A2020202020203C2F62706D6E64693A42504D4E456467653E0D0A2020202020203C62706D6E64693A42504D4E456467652062706D6E456C656D656E743D225F3130222069643D2242504D4E456467655F5F31302220736F75726365456C656D656E743D225F342220746172676574456C656D656E743D225F37223E0D0A20202020202020203C6F6D6764693A776179706F696E7420783D223438372E302220793D223332312E30222F3E0D0A20202020202020203C6F6D6764693A776179706F696E7420783D223838302E302220793D223332312E30222F3E0D0A20202020202020203C62706D6E64693A42504D4E4C6162656C3E0D0A202020202020202020203C6F6D6764633A426F756E6473206865696768743D22302E30222077696474683D22302E302220783D22302E302220793D22302E30222F3E0D0A20202020202020203C2F62706D6E64693A42504D4E4C6162656C3E0D0A2020202020203C2F62706D6E64693A42504D4E456467653E0D0A202020203C2F62706D6E64693A42504D4E506C616E653E0D0A20203C2F62706D6E64693A42504D4E4469616772616D3E0D0A3C2F646566696E6974696F6E733E0D0A, 0);

-- ----------------------------
-- Table structure for act_ge_property
-- ----------------------------
DROP TABLE IF EXISTS `act_ge_property`;
CREATE TABLE `act_ge_property`  (
  `NAME_` varchar(64) CHARACTER SET utf8 COLLATE utf8_bin NOT NULL DEFAULT '',
  `VALUE_` varchar(300) CHARACTER SET utf8 COLLATE utf8_bin NULL DEFAULT NULL,
  `REV_` int(11) NULL DEFAULT NULL,
  PRIMARY KEY (`NAME_`) USING BTREE
) ENGINE = InnoDB CHARACTER SET = utf8 COLLATE = utf8_bin ROW_FORMAT = Compact;

-- ----------------------------
-- Records of act_ge_property
-- ----------------------------
INSERT INTO `act_ge_property` VALUES ('cfg.execution-related-entities-count', 'false', 1);
INSERT INTO `act_ge_property` VALUES ('next.dbid', '25001', 11);
INSERT INTO `act_ge_property` VALUES ('schema.history', 'create(7.0.0.0)', 1);
INSERT INTO `act_ge_property` VALUES ('schema.version', '7.0.0.0', 1);

-- ----------------------------
-- Table structure for act_hi_actinst
-- ----------------------------
DROP TABLE IF EXISTS `act_hi_actinst`;
CREATE TABLE `act_hi_actinst`  (
  `ID_` varchar(64) CHARACTER SET utf8 COLLATE utf8_bin NOT NULL,
  `PROC_DEF_ID_` varchar(64) CHARACTER SET utf8 COLLATE utf8_bin NOT NULL,
  `PROC_INST_ID_` varchar(64) CHARACTER SET utf8 COLLATE utf8_bin NOT NULL,
  `EXECUTION_ID_` varchar(64) CHARACTER SET utf8 COLLATE utf8_bin NOT NULL,
  `ACT_ID_` varchar(255) CHARACTER SET utf8 COLLATE utf8_bin NOT NULL,
  `TASK_ID_` varchar(64) CHARACTER SET utf8 COLLATE utf8_bin NULL DEFAULT NULL,
  `CALL_PROC_INST_ID_` varchar(64) CHARACTER SET utf8 COLLATE utf8_bin NULL DEFAULT NULL,
  `ACT_NAME_` varchar(255) CHARACTER SET utf8 COLLATE utf8_bin NULL DEFAULT NULL,
  `ACT_TYPE_` varchar(255) CHARACTER SET utf8 COLLATE utf8_bin NOT NULL,
  `ASSIGNEE_` varchar(255) CHARACTER SET utf8 COLLATE utf8_bin NULL DEFAULT NULL,
  `START_TIME_` datetime(3) NOT NULL,
  `END_TIME_` datetime(3) NULL DEFAULT NULL,
  `DURATION_` bigint(20) NULL DEFAULT NULL,
  `DELETE_REASON_` varchar(4000) CHARACTER SET utf8 COLLATE utf8_bin NULL DEFAULT NULL,
  `TENANT_ID_` varchar(255) CHARACTER SET utf8 COLLATE utf8_bin NULL DEFAULT '',
  PRIMARY KEY (`ID_`) USING BTREE,
  INDEX `ACT_IDX_HI_ACT_INST_START`(`START_TIME_`) USING BTREE,
  INDEX `ACT_IDX_HI_ACT_INST_END`(`END_TIME_`) USING BTREE,
  INDEX `ACT_IDX_HI_ACT_INST_PROCINST`(`PROC_INST_ID_`, `ACT_ID_`) USING BTREE,
  INDEX `ACT_IDX_HI_ACT_INST_EXEC`(`EXECUTION_ID_`, `ACT_ID_`) USING BTREE
) ENGINE = InnoDB CHARACTER SET = utf8 COLLATE = utf8_bin ROW_FORMAT = Compact;

-- ----------------------------
-- Records of act_hi_actinst
-- ----------------------------
INSERT INTO `act_hi_actinst` VALUES ('10007', 'bus_car_package:6:e13c5501-8f26-11ed-b40b-d85ed3d43c87', '808bc81f-90c3-11ed-aeb9-d85ed3d43c87', '808cb186-90c3-11ed-aeb9-d85ed3d43c87', '_7', NULL, NULL, 'EndEvent', 'endEvent', NULL, '2023-01-10 17:23:42.673', '2023-01-10 17:23:42.674', 1, NULL, '');
INSERT INTO `act_hi_actinst` VALUES ('10014', 'bus_car_package:6:e13c5501-8f26-11ed-b40b-d85ed3d43c87', '1f9ea8d4-90c2-11ed-a190-d85ed3d43c87', '1f9ecfeb-90c2-11ed-a190-d85ed3d43c87', '_7', NULL, NULL, 'EndEvent', 'endEvent', NULL, '2023-01-10 17:24:12.976', '2023-01-10 17:24:12.976', 0, NULL, '');
INSERT INTO `act_hi_actinst` VALUES ('10021', 'bus_car_package:6:e13c5501-8f26-11ed-b40b-d85ed3d43c87', '85a675d0-90c1-11ed-a190-d85ed3d43c87', '85a71217-90c1-11ed-a190-d85ed3d43c87', '_4', NULL, NULL, '', 'exclusiveGateway', NULL, '2023-01-11 09:46:39.765', '2023-01-11 09:46:39.787', 22, NULL, '');
INSERT INTO `act_hi_actinst` VALUES ('10022', 'bus_car_package:6:e13c5501-8f26-11ed-b40b-d85ed3d43c87', '85a675d0-90c1-11ed-a190-d85ed3d43c87', '85a71217-90c1-11ed-a190-d85ed3d43c87', '_5', NULL, NULL, '3000', 'exclusiveGateway', NULL, '2023-01-11 09:46:39.789', '2023-01-11 09:46:39.794', 5, NULL, '');
INSERT INTO `act_hi_actinst` VALUES ('10023', 'bus_car_package:6:e13c5501-8f26-11ed-b40b-d85ed3d43c87', '85a675d0-90c1-11ed-a190-d85ed3d43c87', '85a71217-90c1-11ed-a190-d85ed3d43c87', 'financial', '10024', NULL, '', 'userTask', '104', '2023-01-11 09:46:39.796', NULL, NULL, NULL, '');
INSERT INTO `act_hi_actinst` VALUES ('12509', 'bus_car_package:6:e13c5501-8f26-11ed-b40b-d85ed3d43c87', '12501', '12508', '_2', NULL, NULL, 'StartEvent', 'startEvent', NULL, '2023-01-11 11:28:05.022', '2023-01-11 11:28:05.024', 2, NULL, '');
INSERT INTO `act_hi_actinst` VALUES ('12510', 'bus_car_package:6:e13c5501-8f26-11ed-b40b-d85ed3d43c87', '12501', '12508', 'shopOwner', '12511', NULL, '', 'userTask', '103', '2023-01-11 11:28:05.026', NULL, NULL, NULL, '');
INSERT INTO `act_hi_actinst` VALUES ('15009', 'bus_car_package:6:e13c5501-8f26-11ed-b40b-d85ed3d43c87', '15001', '15008', '_2', NULL, NULL, 'StartEvent', 'startEvent', NULL, '2023-01-11 11:31:02.613', '2023-01-11 11:31:02.616', 3, NULL, '');
INSERT INTO `act_hi_actinst` VALUES ('15010', 'bus_car_package:6:e13c5501-8f26-11ed-b40b-d85ed3d43c87', '15001', '15008', 'shopOwner', '15011', NULL, '', 'userTask', '103', '2023-01-11 11:31:02.618', '2023-01-11 11:31:42.080', 39462, NULL, '');
INSERT INTO `act_hi_actinst` VALUES ('15025', 'bus_car_package:6:e13c5501-8f26-11ed-b40b-d85ed3d43c87', '15001', '15008', '_4', NULL, NULL, '', 'exclusiveGateway', NULL, '2023-01-11 11:31:42.081', '2023-01-11 11:31:42.085', 4, NULL, '');
INSERT INTO `act_hi_actinst` VALUES ('15026', 'bus_car_package:6:e13c5501-8f26-11ed-b40b-d85ed3d43c87', '15001', '15008', '_5', NULL, NULL, '3000', 'exclusiveGateway', NULL, '2023-01-11 11:31:42.087', '2023-01-11 11:31:42.091', 4, NULL, '');
INSERT INTO `act_hi_actinst` VALUES ('15027', 'bus_car_package:6:e13c5501-8f26-11ed-b40b-d85ed3d43c87', '15001', '15008', 'financial', '15028', NULL, '', 'userTask', '104', '2023-01-11 11:31:42.093', NULL, NULL, NULL, '');
INSERT INTO `act_hi_actinst` VALUES ('17509', 'bus_car_package:6:e13c5501-8f26-11ed-b40b-d85ed3d43c87', '17501', '17508', '_2', NULL, NULL, 'StartEvent', 'startEvent', NULL, '2023-01-11 15:53:21.496', '2023-01-11 15:53:21.498', 2, NULL, '');
INSERT INTO `act_hi_actinst` VALUES ('17510', 'bus_car_package:6:e13c5501-8f26-11ed-b40b-d85ed3d43c87', '17501', '17508', 'shopOwner', '17511', NULL, '', 'userTask', '103', '2023-01-11 15:53:21.500', '2023-01-11 16:12:47.445', 1165945, NULL, '');
INSERT INTO `act_hi_actinst` VALUES ('1f9ecfec-90c2-11ed-a190-d85ed3d43c87', 'bus_car_package:6:e13c5501-8f26-11ed-b40b-d85ed3d43c87', '1f9ea8d4-90c2-11ed-a190-d85ed3d43c87', '1f9ecfeb-90c2-11ed-a190-d85ed3d43c87', '_2', NULL, NULL, 'StartEvent', 'startEvent', NULL, '2023-01-10 16:38:14.691', '2023-01-10 16:38:14.692', 1, NULL, '');
INSERT INTO `act_hi_actinst` VALUES ('1f9ef6fd-90c2-11ed-a190-d85ed3d43c87', 'bus_car_package:6:e13c5501-8f26-11ed-b40b-d85ed3d43c87', '1f9ea8d4-90c2-11ed-a190-d85ed3d43c87', '1f9ecfeb-90c2-11ed-a190-d85ed3d43c87', 'shopOwner', '1f9ef6fe-90c2-11ed-a190-d85ed3d43c87', NULL, '', 'userTask', '103', '2023-01-10 16:38:14.692', '2023-01-10 17:20:50.914', 2556222, NULL, '');
INSERT INTO `act_hi_actinst` VALUES ('20007', 'bus_car_package:6:e13c5501-8f26-11ed-b40b-d85ed3d43c87', '17501', '17508', '_4', NULL, NULL, '', 'exclusiveGateway', NULL, '2023-01-11 16:12:47.450', '2023-01-11 16:12:47.463', 13, NULL, '');
INSERT INTO `act_hi_actinst` VALUES ('20008', 'bus_car_package:6:e13c5501-8f26-11ed-b40b-d85ed3d43c87', '17501', '17508', '_5', NULL, NULL, '3000', 'exclusiveGateway', NULL, '2023-01-11 16:12:47.465', '2023-01-11 16:12:47.469', 4, NULL, '');
INSERT INTO `act_hi_actinst` VALUES ('20009', 'bus_car_package:6:e13c5501-8f26-11ed-b40b-d85ed3d43c87', '17501', '17508', 'financial', '20010', NULL, '', 'userTask', '104', '2023-01-11 16:12:47.471', '2023-01-11 16:13:59.668', 72197, NULL, '');
INSERT INTO `act_hi_actinst` VALUES ('20026', 'bus_car_package:6:e13c5501-8f26-11ed-b40b-d85ed3d43c87', '17501', '17508', '_7', NULL, NULL, 'EndEvent', 'endEvent', NULL, '2023-01-11 16:13:59.668', '2023-01-11 16:13:59.668', 0, NULL, '');
INSERT INTO `act_hi_actinst` VALUES ('22509', 'bus_car_package:6:e13c5501-8f26-11ed-b40b-d85ed3d43c87', '22501', '22508', '_2', NULL, NULL, 'StartEvent', 'startEvent', NULL, '2023-03-08 19:27:02.178', '2023-03-08 19:27:02.181', 3, NULL, '');
INSERT INTO `act_hi_actinst` VALUES ('22510', 'bus_car_package:6:e13c5501-8f26-11ed-b40b-d85ed3d43c87', '22501', '22508', 'shopOwner', '22511', NULL, '', 'userTask', '103', '2023-03-08 19:27:02.184', '2023-03-08 19:32:58.859', 356675, NULL, '');
INSERT INTO `act_hi_actinst` VALUES ('22525', 'bus_car_package:6:e13c5501-8f26-11ed-b40b-d85ed3d43c87', '22501', '22508', '_4', NULL, NULL, '', 'exclusiveGateway', NULL, '2023-03-08 19:32:58.860', '2023-03-08 19:32:58.865', 5, NULL, '');
INSERT INTO `act_hi_actinst` VALUES ('22526', 'bus_car_package:6:e13c5501-8f26-11ed-b40b-d85ed3d43c87', '22501', '22508', '_5', NULL, NULL, '3000', 'exclusiveGateway', NULL, '2023-03-08 19:32:58.867', '2023-03-08 19:32:58.874', 7, NULL, '');
INSERT INTO `act_hi_actinst` VALUES ('22527', 'bus_car_package:6:e13c5501-8f26-11ed-b40b-d85ed3d43c87', '22501', '22508', 'financial', '22528', NULL, '', 'userTask', '104', '2023-03-08 19:32:58.876', '2023-03-08 19:33:51.570', 52694, NULL, '');
INSERT INTO `act_hi_actinst` VALUES ('22545', 'bus_car_package:6:e13c5501-8f26-11ed-b40b-d85ed3d43c87', '22501', '22508', '_7', NULL, NULL, 'EndEvent', 'endEvent', NULL, '2023-03-08 19:33:51.571', '2023-03-08 19:33:51.572', 1, NULL, '');
INSERT INTO `act_hi_actinst` VALUES ('2509', 'bus_car_package:6:e13c5501-8f26-11ed-b40b-d85ed3d43c87', '2501', '2508', '_2', NULL, NULL, 'StartEvent', 'startEvent', NULL, '2023-01-10 16:58:05.247', '2023-01-10 16:58:05.249', 2, NULL, '');
INSERT INTO `act_hi_actinst` VALUES ('2510', 'bus_car_package:6:e13c5501-8f26-11ed-b40b-d85ed3d43c87', '2501', '2508', 'shopOwner', '2511', NULL, '', 'userTask', '103', '2023-01-10 16:58:05.253', '2023-01-10 17:03:49.610', 344357, NULL, '');
INSERT INTO `act_hi_actinst` VALUES ('7507', 'bus_car_package:6:e13c5501-8f26-11ed-b40b-d85ed3d43c87', '2501', '2508', '_4', NULL, NULL, '', 'exclusiveGateway', NULL, '2023-01-10 17:03:49.615', '2023-01-10 17:03:49.629', 14, NULL, '');
INSERT INTO `act_hi_actinst` VALUES ('7508', 'bus_car_package:6:e13c5501-8f26-11ed-b40b-d85ed3d43c87', '2501', '2508', '_5', NULL, NULL, '3000', 'exclusiveGateway', NULL, '2023-01-10 17:03:49.631', '2023-01-10 17:03:49.635', 4, NULL, '');
INSERT INTO `act_hi_actinst` VALUES ('7509', 'bus_car_package:6:e13c5501-8f26-11ed-b40b-d85ed3d43c87', '2501', '2508', 'financial', '7510', NULL, '', 'userTask', '104', '2023-01-10 17:03:49.637', '2023-01-10 17:04:10.155', 20518, NULL, '');
INSERT INTO `act_hi_actinst` VALUES ('7526', 'bus_car_package:6:e13c5501-8f26-11ed-b40b-d85ed3d43c87', '2501', '2508', '_7', NULL, NULL, 'EndEvent', 'endEvent', NULL, '2023-01-10 17:04:10.156', '2023-01-10 17:04:10.156', 0, NULL, '');
INSERT INTO `act_hi_actinst` VALUES ('7533', 'bus_car_package:6:e13c5501-8f26-11ed-b40b-d85ed3d43c87', '808bc81f-90c3-11ed-aeb9-d85ed3d43c87', '808cb186-90c3-11ed-aeb9-d85ed3d43c87', '_4', NULL, NULL, '', 'exclusiveGateway', NULL, '2023-01-10 17:20:21.967', '2023-01-10 17:20:21.968', 1, NULL, '');
INSERT INTO `act_hi_actinst` VALUES ('7534', 'bus_car_package:6:e13c5501-8f26-11ed-b40b-d85ed3d43c87', '808bc81f-90c3-11ed-aeb9-d85ed3d43c87', '808cb186-90c3-11ed-aeb9-d85ed3d43c87', '_5', NULL, NULL, '3000', 'exclusiveGateway', NULL, '2023-01-10 17:20:21.970', '2023-01-10 17:20:21.970', 0, NULL, '');
INSERT INTO `act_hi_actinst` VALUES ('7535', 'bus_car_package:6:e13c5501-8f26-11ed-b40b-d85ed3d43c87', '808bc81f-90c3-11ed-aeb9-d85ed3d43c87', '808cb186-90c3-11ed-aeb9-d85ed3d43c87', 'financial', '7536', NULL, '', 'userTask', '104', '2023-01-10 17:20:21.971', '2023-01-10 17:23:42.668', 200697, NULL, '');
INSERT INTO `act_hi_actinst` VALUES ('7552', 'bus_car_package:6:e13c5501-8f26-11ed-b40b-d85ed3d43c87', '1f9ea8d4-90c2-11ed-a190-d85ed3d43c87', '1f9ecfeb-90c2-11ed-a190-d85ed3d43c87', '_4', NULL, NULL, '', 'exclusiveGateway', NULL, '2023-01-10 17:20:50.915', '2023-01-10 17:20:50.916', 1, NULL, '');
INSERT INTO `act_hi_actinst` VALUES ('7553', 'bus_car_package:6:e13c5501-8f26-11ed-b40b-d85ed3d43c87', '1f9ea8d4-90c2-11ed-a190-d85ed3d43c87', '1f9ecfeb-90c2-11ed-a190-d85ed3d43c87', '_5', NULL, NULL, '3000', 'exclusiveGateway', NULL, '2023-01-10 17:20:50.917', '2023-01-10 17:20:50.917', 0, NULL, '');
INSERT INTO `act_hi_actinst` VALUES ('7554', 'bus_car_package:6:e13c5501-8f26-11ed-b40b-d85ed3d43c87', '1f9ea8d4-90c2-11ed-a190-d85ed3d43c87', '1f9ecfeb-90c2-11ed-a190-d85ed3d43c87', 'financial', '7555', NULL, '', 'userTask', '104', '2023-01-10 17:20:50.918', '2023-01-10 17:24:12.975', 202057, NULL, '');
INSERT INTO `act_hi_actinst` VALUES ('7c444191-90bd-11ed-9261-d85ed3d43c87', 'bus_car_package:6:e13c5501-8f26-11ed-b40b-d85ed3d43c87', '8bc8c1f4-90ba-11ed-8ce0-d85ed3d43c87', '8bc9ac5b-90ba-11ed-8ce0-d85ed3d43c87', '_4', NULL, NULL, '', 'exclusiveGateway', NULL, '2023-01-10 16:05:02.642', '2023-01-10 16:05:02.792', 150, NULL, '');
INSERT INTO `act_hi_actinst` VALUES ('7c5d20c2-90bd-11ed-9261-d85ed3d43c87', 'bus_car_package:6:e13c5501-8f26-11ed-b40b-d85ed3d43c87', '8bc8c1f4-90ba-11ed-8ce0-d85ed3d43c87', '8bc9ac5b-90ba-11ed-8ce0-d85ed3d43c87', '_7', NULL, NULL, 'EndEvent', 'endEvent', NULL, '2023-01-10 16:05:02.805', '2023-01-10 16:05:02.809', 4, NULL, '');
INSERT INTO `act_hi_actinst` VALUES ('808cffa7-90c3-11ed-aeb9-d85ed3d43c87', 'bus_car_package:6:e13c5501-8f26-11ed-b40b-d85ed3d43c87', '808bc81f-90c3-11ed-aeb9-d85ed3d43c87', '808cb186-90c3-11ed-aeb9-d85ed3d43c87', '_2', NULL, NULL, 'StartEvent', 'startEvent', NULL, '2023-01-10 16:48:06.810', '2023-01-10 16:48:06.812', 2, NULL, '');
INSERT INTO `act_hi_actinst` VALUES ('808dea08-90c3-11ed-aeb9-d85ed3d43c87', 'bus_car_package:6:e13c5501-8f26-11ed-b40b-d85ed3d43c87', '808bc81f-90c3-11ed-aeb9-d85ed3d43c87', '808cb186-90c3-11ed-aeb9-d85ed3d43c87', 'shopOwner', '808f97b9-90c3-11ed-aeb9-d85ed3d43c87', NULL, '', 'userTask', '103', '2023-01-10 16:48:06.816', '2023-01-10 17:20:21.967', 1935151, NULL, '');
INSERT INTO `act_hi_actinst` VALUES ('85a76038-90c1-11ed-a190-d85ed3d43c87', 'bus_car_package:6:e13c5501-8f26-11ed-b40b-d85ed3d43c87', '85a675d0-90c1-11ed-a190-d85ed3d43c87', '85a71217-90c1-11ed-a190-d85ed3d43c87', '_2', NULL, NULL, 'StartEvent', 'startEvent', NULL, '2023-01-10 16:33:56.378', '2023-01-10 16:33:56.380', 2, NULL, '');
INSERT INTO `act_hi_actinst` VALUES ('85a7fc79-90c1-11ed-a190-d85ed3d43c87', 'bus_car_package:6:e13c5501-8f26-11ed-b40b-d85ed3d43c87', '85a675d0-90c1-11ed-a190-d85ed3d43c87', '85a71217-90c1-11ed-a190-d85ed3d43c87', 'shopOwner', '85a95c0a-90c1-11ed-a190-d85ed3d43c87', NULL, '', 'userTask', '103', '2023-01-10 16:33:56.382', '2023-01-11 09:46:39.764', 61963382, NULL, '');
INSERT INTO `act_hi_actinst` VALUES ('8bc9fa7c-90ba-11ed-8ce0-d85ed3d43c87', 'bus_car_package:6:e13c5501-8f26-11ed-b40b-d85ed3d43c87', '8bc8c1f4-90ba-11ed-8ce0-d85ed3d43c87', '8bc9ac5b-90ba-11ed-8ce0-d85ed3d43c87', '_2', NULL, NULL, 'StartEvent', 'startEvent', NULL, '2023-01-10 15:44:00.194', '2023-01-10 15:44:00.195', 1, NULL, '');
INSERT INTO `act_hi_actinst` VALUES ('8bca96bd-90ba-11ed-8ce0-d85ed3d43c87', 'bus_car_package:6:e13c5501-8f26-11ed-b40b-d85ed3d43c87', '8bc8c1f4-90ba-11ed-8ce0-d85ed3d43c87', '8bc9ac5b-90ba-11ed-8ce0-d85ed3d43c87', 'shopOwner', '8bcba82e-90ba-11ed-8ce0-d85ed3d43c87', NULL, '', 'userTask', '103', '2023-01-10 15:44:00.198', '2023-01-10 16:05:02.598', 1262400, NULL, '');
INSERT INTO `act_hi_actinst` VALUES ('bae219bb-90ba-11ed-8ce0-d85ed3d43c87', 'bus_car_package:6:e13c5501-8f26-11ed-b40b-d85ed3d43c87', '03b0126e-9099-11ed-aa72-d85ed3d43c87', '03b0fcd2-9099-11ed-aa72-d85ed3d43c87', '_4', NULL, NULL, '', 'exclusiveGateway', NULL, '2023-01-10 15:45:19.205', '2023-01-10 15:45:19.209', 4, NULL, '');
INSERT INTO `act_hi_actinst` VALUES ('bae32b2c-90ba-11ed-8ce0-d85ed3d43c87', 'bus_car_package:6:e13c5501-8f26-11ed-b40b-d85ed3d43c87', '03b0126e-9099-11ed-aa72-d85ed3d43c87', '03b0fcd2-9099-11ed-aa72-d85ed3d43c87', '_7', NULL, NULL, 'EndEvent', 'endEvent', NULL, '2023-01-10 15:45:19.212', '2023-01-10 15:45:19.212', 0, NULL, '');

-- ----------------------------
-- Table structure for act_hi_attachment
-- ----------------------------
DROP TABLE IF EXISTS `act_hi_attachment`;
CREATE TABLE `act_hi_attachment`  (
  `ID_` varchar(64) CHARACTER SET utf8 COLLATE utf8_bin NOT NULL,
  `REV_` int(11) NULL DEFAULT NULL,
  `USER_ID_` varchar(255) CHARACTER SET utf8 COLLATE utf8_bin NULL DEFAULT NULL,
  `NAME_` varchar(255) CHARACTER SET utf8 COLLATE utf8_bin NULL DEFAULT NULL,
  `DESCRIPTION_` varchar(4000) CHARACTER SET utf8 COLLATE utf8_bin NULL DEFAULT NULL,
  `TYPE_` varchar(255) CHARACTER SET utf8 COLLATE utf8_bin NULL DEFAULT NULL,
  `TASK_ID_` varchar(64) CHARACTER SET utf8 COLLATE utf8_bin NULL DEFAULT NULL,
  `PROC_INST_ID_` varchar(64) CHARACTER SET utf8 COLLATE utf8_bin NULL DEFAULT NULL,
  `URL_` varchar(4000) CHARACTER SET utf8 COLLATE utf8_bin NULL DEFAULT NULL,
  `CONTENT_ID_` varchar(64) CHARACTER SET utf8 COLLATE utf8_bin NULL DEFAULT NULL,
  `TIME_` datetime(3) NULL DEFAULT NULL,
  PRIMARY KEY (`ID_`) USING BTREE
) ENGINE = InnoDB CHARACTER SET = utf8 COLLATE = utf8_bin ROW_FORMAT = Compact;

-- ----------------------------
-- Records of act_hi_attachment
-- ----------------------------

-- ----------------------------
-- Table structure for act_hi_comment
-- ----------------------------
DROP TABLE IF EXISTS `act_hi_comment`;
CREATE TABLE `act_hi_comment`  (
  `ID_` varchar(64) CHARACTER SET utf8 COLLATE utf8_bin NOT NULL,
  `TYPE_` varchar(255) CHARACTER SET utf8 COLLATE utf8_bin NULL DEFAULT NULL,
  `TIME_` datetime(3) NOT NULL,
  `USER_ID_` varchar(255) CHARACTER SET utf8 COLLATE utf8_bin NULL DEFAULT NULL,
  `TASK_ID_` varchar(64) CHARACTER SET utf8 COLLATE utf8_bin NULL DEFAULT NULL,
  `PROC_INST_ID_` varchar(64) CHARACTER SET utf8 COLLATE utf8_bin NULL DEFAULT NULL,
  `ACTION_` varchar(255) CHARACTER SET utf8 COLLATE utf8_bin NULL DEFAULT NULL,
  `MESSAGE_` varchar(4000) CHARACTER SET utf8 COLLATE utf8_bin NULL DEFAULT NULL,
  `FULL_MSG_` longblob NULL,
  PRIMARY KEY (`ID_`) USING BTREE
) ENGINE = InnoDB CHARACTER SET = utf8 COLLATE = utf8_bin ROW_FORMAT = Compact;

-- ----------------------------
-- Records of act_hi_comment
-- ----------------------------
INSERT INTO `act_hi_comment` VALUES ('10002', 'comment', '2023-01-10 17:23:42.625', NULL, '7536', '808bc81f-90c3-11ed-aeb9-d85ed3d43c87', 'AddComment', 'caiwu [] ', 0x6361697775205BE5908CE6848F5D20E9809AE8BF87);
INSERT INTO `act_hi_comment` VALUES ('10009', 'comment', '2023-01-10 17:24:12.955', NULL, '7555', '1f9ea8d4-90c2-11ed-a190-d85ed3d43c87', 'AddComment', 'caiwu [] 1', 0x6361697775205BE5908CE6848F5D2031);
INSERT INTO `act_hi_comment` VALUES ('10017', 'comment', '2023-01-11 09:46:39.748', NULL, '85a95c0a-90c1-11ed-a190-d85ed3d43c87', '85a675d0-90c1-11ed-a190-d85ed3d43c87', 'AddComment', 'dianzhang [] ', 0x6469616E7A68616E67205BE5908CE6848F5D20E9809AE8BF87);
INSERT INTO `act_hi_comment` VALUES ('15021', 'comment', '2023-01-11 11:31:42.058', NULL, '15011', '15001', 'AddComment', 'dianzhang [] ', 0x6469616E7A68616E67205BE5908CE6848F5D20E5908CE6848F);
INSERT INTO `act_hi_comment` VALUES ('20003', 'comment', '2023-01-11 16:12:47.422', NULL, '17511', '17501', 'AddComment', 'dianzhang [] ,,  ', 0x6469616E7A68616E67205BE5908CE6848F5D20E8BF99E8BE88E5AD90E58699E4BBA3E7A081E8BF98E6B2A1E68AA5E8BF87E994992CE6B2A1E58A9EE6B3952CE697A0E6958CE698AFE5A49AE4B988E5AF82E5AF9E0AE99A8FE4BEBFE6A380E9AA8CE688910AE68891E4BABAE5BDA2E4BBA3E7A081E6A380E9AA8CE69CBA);
INSERT INTO `act_hi_comment` VALUES ('20021', 'comment', '2023-01-11 16:13:59.651', NULL, '20010', '17501', 'AddComment', 'caiwu [] ,', 0x6361697775205BE68B92E7BB9D5D20E689B9E6B3A8E69C89E997AEE9A2982CE8AFB7E9878DE696B0E4BFAEE694B9);
INSERT INTO `act_hi_comment` VALUES ('22519', 'comment', '2023-03-08 19:32:58.816', NULL, '22511', '22501', 'AddComment', 'dianzhang[],111', 0x6469616E7A68616E675BE5908CE6848F5D2C313131);
INSERT INTO `act_hi_comment` VALUES ('22538', 'comment', '2023-03-08 19:33:51.533', NULL, '22528', '22501', 'AddComment', 'caiwu[],111', 0x63616977755BE5908CE6848F5D2C313131);
INSERT INTO `act_hi_comment` VALUES ('7503', 'comment', '2023-01-10 17:03:49.582', NULL, '2511', '2501', 'AddComment', 'dianzhang [] 12', 0x6469616E7A68616E67205BE5908CE6848F5D203132);
INSERT INTO `act_hi_comment` VALUES ('7521', 'comment', '2023-01-10 17:04:10.133', NULL, '7510', '2501', 'AddComment', 'dianzhang [] ', 0x6469616E7A68616E67205BE5908CE6848F5D20E9809AE8BF87);
INSERT INTO `act_hi_comment` VALUES ('7529', 'comment', '2023-01-10 17:20:21.954', NULL, '808f97b9-90c3-11ed-aeb9-d85ed3d43c87', '808bc81f-90c3-11ed-aeb9-d85ed3d43c87', 'AddComment', 'dianzhang [] 2', 0x6469616E7A68616E67205BE5908CE6848F5D2032);
INSERT INTO `act_hi_comment` VALUES ('7548', 'comment', '2023-01-10 17:20:50.901', NULL, '1f9ef6fe-90c2-11ed-a190-d85ed3d43c87', '1f9ea8d4-90c2-11ed-a190-d85ed3d43c87', 'AddComment', 'dianzhang [] 11', 0x6469616E7A68616E67205BE5908CE6848F5D203131);

-- ----------------------------
-- Table structure for act_hi_detail
-- ----------------------------
DROP TABLE IF EXISTS `act_hi_detail`;
CREATE TABLE `act_hi_detail`  (
  `ID_` varchar(64) CHARACTER SET utf8 COLLATE utf8_bin NOT NULL,
  `TYPE_` varchar(255) CHARACTER SET utf8 COLLATE utf8_bin NOT NULL,
  `PROC_INST_ID_` varchar(64) CHARACTER SET utf8 COLLATE utf8_bin NULL DEFAULT NULL,
  `EXECUTION_ID_` varchar(64) CHARACTER SET utf8 COLLATE utf8_bin NULL DEFAULT NULL,
  `TASK_ID_` varchar(64) CHARACTER SET utf8 COLLATE utf8_bin NULL DEFAULT NULL,
  `ACT_INST_ID_` varchar(64) CHARACTER SET utf8 COLLATE utf8_bin NULL DEFAULT NULL,
  `NAME_` varchar(255) CHARACTER SET utf8 COLLATE utf8_bin NOT NULL,
  `VAR_TYPE_` varchar(255) CHARACTER SET utf8 COLLATE utf8_bin NULL DEFAULT NULL,
  `REV_` int(11) NULL DEFAULT NULL,
  `TIME_` datetime(3) NOT NULL,
  `BYTEARRAY_ID_` varchar(64) CHARACTER SET utf8 COLLATE utf8_bin NULL DEFAULT NULL,
  `DOUBLE_` double NULL DEFAULT NULL,
  `LONG_` bigint(20) NULL DEFAULT NULL,
  `TEXT_` varchar(4000) CHARACTER SET utf8 COLLATE utf8_bin NULL DEFAULT NULL,
  `TEXT2_` varchar(4000) CHARACTER SET utf8 COLLATE utf8_bin NULL DEFAULT NULL,
  PRIMARY KEY (`ID_`) USING BTREE,
  INDEX `ACT_IDX_HI_DETAIL_PROC_INST`(`PROC_INST_ID_`) USING BTREE,
  INDEX `ACT_IDX_HI_DETAIL_ACT_INST`(`ACT_INST_ID_`) USING BTREE,
  INDEX `ACT_IDX_HI_DETAIL_TIME`(`TIME_`) USING BTREE,
  INDEX `ACT_IDX_HI_DETAIL_NAME`(`NAME_`) USING BTREE,
  INDEX `ACT_IDX_HI_DETAIL_TASK_ID`(`TASK_ID_`) USING BTREE
) ENGINE = InnoDB CHARACTER SET = utf8 COLLATE = utf8_bin ROW_FORMAT = Compact;

-- ----------------------------
-- Records of act_hi_detail
-- ----------------------------
INSERT INTO `act_hi_detail` VALUES ('10001', 'VariableUpdate', '808bc81f-90c3-11ed-aeb9-d85ed3d43c87', '808cb186-90c3-11ed-aeb9-d85ed3d43c87', '7536', NULL, 'shopOwner', 'boolean', 1, '2023-01-10 17:23:42.560', NULL, NULL, 1, NULL, NULL);
INSERT INTO `act_hi_detail` VALUES ('10003', 'VariableUpdate', '808bc81f-90c3-11ed-aeb9-d85ed3d43c87', '808bc81f-90c3-11ed-aeb9-d85ed3d43c87', NULL, NULL, 'shopOwnerId', 'long', 1, '2023-01-10 17:23:42.645', NULL, NULL, 103, '103', NULL);
INSERT INTO `act_hi_detail` VALUES ('10004', 'VariableUpdate', '808bc81f-90c3-11ed-aeb9-d85ed3d43c87', '808bc81f-90c3-11ed-aeb9-d85ed3d43c87', NULL, NULL, 'shopOwner', 'boolean', 1, '2023-01-10 17:23:42.647', NULL, NULL, 1, NULL, NULL);
INSERT INTO `act_hi_detail` VALUES ('10005', 'VariableUpdate', '808bc81f-90c3-11ed-aeb9-d85ed3d43c87', '808bc81f-90c3-11ed-aeb9-d85ed3d43c87', NULL, NULL, 'disCountPrice', 'long', 1, '2023-01-10 17:23:42.648', NULL, NULL, 3000, '3000', NULL);
INSERT INTO `act_hi_detail` VALUES ('10006', 'VariableUpdate', '808bc81f-90c3-11ed-aeb9-d85ed3d43c87', '808bc81f-90c3-11ed-aeb9-d85ed3d43c87', NULL, NULL, 'financeId', 'long', 1, '2023-01-10 17:23:42.649', NULL, NULL, 104, '104', NULL);
INSERT INTO `act_hi_detail` VALUES ('10008', 'VariableUpdate', '1f9ea8d4-90c2-11ed-a190-d85ed3d43c87', '1f9ecfeb-90c2-11ed-a190-d85ed3d43c87', '7555', NULL, 'shopOwner', 'boolean', 1, '2023-01-10 17:24:12.948', NULL, NULL, 1, NULL, NULL);
INSERT INTO `act_hi_detail` VALUES ('10010', 'VariableUpdate', '1f9ea8d4-90c2-11ed-a190-d85ed3d43c87', '1f9ea8d4-90c2-11ed-a190-d85ed3d43c87', NULL, NULL, 'shopOwnerId', 'long', 1, '2023-01-10 17:24:12.964', NULL, NULL, 103, '103', NULL);
INSERT INTO `act_hi_detail` VALUES ('10011', 'VariableUpdate', '1f9ea8d4-90c2-11ed-a190-d85ed3d43c87', '1f9ea8d4-90c2-11ed-a190-d85ed3d43c87', NULL, NULL, 'shopOwner', 'boolean', 1, '2023-01-10 17:24:12.965', NULL, NULL, 1, NULL, NULL);
INSERT INTO `act_hi_detail` VALUES ('10012', 'VariableUpdate', '1f9ea8d4-90c2-11ed-a190-d85ed3d43c87', '1f9ea8d4-90c2-11ed-a190-d85ed3d43c87', NULL, NULL, 'financeId', 'long', 1, '2023-01-10 17:24:12.966', NULL, NULL, 104, '104', NULL);
INSERT INTO `act_hi_detail` VALUES ('10013', 'VariableUpdate', '1f9ea8d4-90c2-11ed-a190-d85ed3d43c87', '1f9ea8d4-90c2-11ed-a190-d85ed3d43c87', NULL, NULL, 'disCountPrice', 'long', 1, '2023-01-10 17:24:12.967', NULL, NULL, 3000, '3000', NULL);
INSERT INTO `act_hi_detail` VALUES ('10016', 'VariableUpdate', '85a675d0-90c1-11ed-a190-d85ed3d43c87', '85a675d0-90c1-11ed-a190-d85ed3d43c87', NULL, '85a7fc79-90c1-11ed-a190-d85ed3d43c87', 'shopOwner', 'boolean', 0, '2023-01-11 09:46:39.734', NULL, NULL, 1, NULL, NULL);
INSERT INTO `act_hi_detail` VALUES ('10018', 'VariableUpdate', '85a675d0-90c1-11ed-a190-d85ed3d43c87', '85a675d0-90c1-11ed-a190-d85ed3d43c87', NULL, NULL, 'shopOwnerId', 'long', 1, '2023-01-11 09:46:39.755', NULL, NULL, 103, '103', NULL);
INSERT INTO `act_hi_detail` VALUES ('10019', 'VariableUpdate', '85a675d0-90c1-11ed-a190-d85ed3d43c87', '85a675d0-90c1-11ed-a190-d85ed3d43c87', NULL, NULL, 'financeId', 'long', 1, '2023-01-11 09:46:39.756', NULL, NULL, 104, '104', NULL);
INSERT INTO `act_hi_detail` VALUES ('10020', 'VariableUpdate', '85a675d0-90c1-11ed-a190-d85ed3d43c87', '85a675d0-90c1-11ed-a190-d85ed3d43c87', NULL, NULL, 'disCountPrice', 'long', 1, '2023-01-11 09:46:39.757', NULL, NULL, 3333, '3333', NULL);
INSERT INTO `act_hi_detail` VALUES ('10026', 'VariableUpdate', '85a675d0-90c1-11ed-a190-d85ed3d43c87', '85a71217-90c1-11ed-a190-d85ed3d43c87', '10024', NULL, 'shopOwnerId', 'long', 0, '2023-01-11 09:46:39.798', NULL, NULL, 103, '103', NULL);
INSERT INTO `act_hi_detail` VALUES ('10028', 'VariableUpdate', '85a675d0-90c1-11ed-a190-d85ed3d43c87', '85a71217-90c1-11ed-a190-d85ed3d43c87', '10024', NULL, 'shopOwner', 'boolean', 0, '2023-01-11 09:46:39.799', NULL, NULL, 1, NULL, NULL);
INSERT INTO `act_hi_detail` VALUES ('10030', 'VariableUpdate', '85a675d0-90c1-11ed-a190-d85ed3d43c87', '85a71217-90c1-11ed-a190-d85ed3d43c87', '10024', NULL, 'financeId', 'long', 0, '2023-01-11 09:46:39.799', NULL, NULL, 104, '104', NULL);
INSERT INTO `act_hi_detail` VALUES ('10032', 'VariableUpdate', '85a675d0-90c1-11ed-a190-d85ed3d43c87', '85a71217-90c1-11ed-a190-d85ed3d43c87', '10024', NULL, 'disCountPrice', 'long', 0, '2023-01-11 09:46:39.799', NULL, NULL, 3333, '3333', NULL);
INSERT INTO `act_hi_detail` VALUES ('12503', 'VariableUpdate', '12501', '12501', NULL, NULL, 'shopOwnerId', 'long', 0, '2023-01-11 11:28:05.018', NULL, NULL, 103, '103', NULL);
INSERT INTO `act_hi_detail` VALUES ('12505', 'VariableUpdate', '12501', '12501', NULL, NULL, 'discountPrice', 'long', 0, '2023-01-11 11:28:05.019', NULL, NULL, 3000, '3000', NULL);
INSERT INTO `act_hi_detail` VALUES ('12507', 'VariableUpdate', '12501', '12501', NULL, NULL, 'financeId', 'long', 0, '2023-01-11 11:28:05.020', NULL, NULL, 104, '104', NULL);
INSERT INTO `act_hi_detail` VALUES ('12513', 'VariableUpdate', '12501', '12508', '12511', NULL, 'shopOwnerId', 'long', 0, '2023-01-11 11:28:05.042', NULL, NULL, 103, '103', NULL);
INSERT INTO `act_hi_detail` VALUES ('12515', 'VariableUpdate', '12501', '12508', '12511', NULL, 'discountPrice', 'long', 0, '2023-01-11 11:28:05.042', NULL, NULL, 3000, '3000', NULL);
INSERT INTO `act_hi_detail` VALUES ('12517', 'VariableUpdate', '12501', '12508', '12511', NULL, 'financeId', 'long', 0, '2023-01-11 11:28:05.042', NULL, NULL, 104, '104', NULL);
INSERT INTO `act_hi_detail` VALUES ('15003', 'VariableUpdate', '15001', '15001', NULL, NULL, 'shopOwnerId', 'long', 0, '2023-01-11 11:31:02.610', NULL, NULL, 103, '103', NULL);
INSERT INTO `act_hi_detail` VALUES ('15005', 'VariableUpdate', '15001', '15001', NULL, NULL, 'financeId', 'long', 0, '2023-01-11 11:31:02.611', NULL, NULL, 104, '104', NULL);
INSERT INTO `act_hi_detail` VALUES ('15007', 'VariableUpdate', '15001', '15001', NULL, NULL, 'disCountPrice', 'long', 0, '2023-01-11 11:31:02.611', NULL, NULL, 3000, '3000', NULL);
INSERT INTO `act_hi_detail` VALUES ('15013', 'VariableUpdate', '15001', '15008', '15011', NULL, 'shopOwnerId', 'long', 0, '2023-01-11 11:31:02.631', NULL, NULL, 103, '103', NULL);
INSERT INTO `act_hi_detail` VALUES ('15015', 'VariableUpdate', '15001', '15008', '15011', NULL, 'financeId', 'long', 0, '2023-01-11 11:31:02.631', NULL, NULL, 104, '104', NULL);
INSERT INTO `act_hi_detail` VALUES ('15017', 'VariableUpdate', '15001', '15008', '15011', NULL, 'disCountPrice', 'long', 0, '2023-01-11 11:31:02.632', NULL, NULL, 3000, '3000', NULL);
INSERT INTO `act_hi_detail` VALUES ('15020', 'VariableUpdate', '15001', '15001', NULL, '15010', 'shopOwner', 'boolean', 0, '2023-01-11 11:31:42.047', NULL, NULL, 1, NULL, NULL);
INSERT INTO `act_hi_detail` VALUES ('15022', 'VariableUpdate', '15001', '15001', NULL, NULL, 'shopOwnerId', 'long', 1, '2023-01-11 11:31:42.065', NULL, NULL, 103, '103', NULL);
INSERT INTO `act_hi_detail` VALUES ('15023', 'VariableUpdate', '15001', '15001', NULL, NULL, 'financeId', 'long', 1, '2023-01-11 11:31:42.068', NULL, NULL, 104, '104', NULL);
INSERT INTO `act_hi_detail` VALUES ('15024', 'VariableUpdate', '15001', '15001', NULL, NULL, 'disCountPrice', 'long', 1, '2023-01-11 11:31:42.069', NULL, NULL, 3000, '3000', NULL);
INSERT INTO `act_hi_detail` VALUES ('15030', 'VariableUpdate', '15001', '15008', '15028', NULL, 'shopOwnerId', 'long', 0, '2023-01-11 11:31:42.094', NULL, NULL, 103, '103', NULL);
INSERT INTO `act_hi_detail` VALUES ('15032', 'VariableUpdate', '15001', '15008', '15028', NULL, 'shopOwner', 'boolean', 0, '2023-01-11 11:31:42.094', NULL, NULL, 1, NULL, NULL);
INSERT INTO `act_hi_detail` VALUES ('15034', 'VariableUpdate', '15001', '15008', '15028', NULL, 'disCountPrice', 'long', 0, '2023-01-11 11:31:42.095', NULL, NULL, 3000, '3000', NULL);
INSERT INTO `act_hi_detail` VALUES ('15036', 'VariableUpdate', '15001', '15008', '15028', NULL, 'financeId', 'long', 0, '2023-01-11 11:31:42.095', NULL, NULL, 104, '104', NULL);
INSERT INTO `act_hi_detail` VALUES ('17503', 'VariableUpdate', '17501', '17501', NULL, NULL, 'shopOwnerId', 'long', 0, '2023-01-11 15:53:21.493', NULL, NULL, 103, '103', NULL);
INSERT INTO `act_hi_detail` VALUES ('17505', 'VariableUpdate', '17501', '17501', NULL, NULL, 'financeId', 'long', 0, '2023-01-11 15:53:21.494', NULL, NULL, 104, '104', NULL);
INSERT INTO `act_hi_detail` VALUES ('17507', 'VariableUpdate', '17501', '17501', NULL, NULL, 'disCountPrice', 'long', 0, '2023-01-11 15:53:21.494', NULL, NULL, 3999, '3999', NULL);
INSERT INTO `act_hi_detail` VALUES ('17513', 'VariableUpdate', '17501', '17508', '17511', NULL, 'shopOwnerId', 'long', 0, '2023-01-11 15:53:21.510', NULL, NULL, 103, '103', NULL);
INSERT INTO `act_hi_detail` VALUES ('17515', 'VariableUpdate', '17501', '17508', '17511', NULL, 'financeId', 'long', 0, '2023-01-11 15:53:21.510', NULL, NULL, 104, '104', NULL);
INSERT INTO `act_hi_detail` VALUES ('17517', 'VariableUpdate', '17501', '17508', '17511', NULL, 'disCountPrice', 'long', 0, '2023-01-11 15:53:21.510', NULL, NULL, 3999, '3999', NULL);
INSERT INTO `act_hi_detail` VALUES ('1f9ecfe6-90c2-11ed-a190-d85ed3d43c87', 'VariableUpdate', '1f9ea8d4-90c2-11ed-a190-d85ed3d43c87', '1f9ea8d4-90c2-11ed-a190-d85ed3d43c87', NULL, NULL, 'shopOwnerId', 'long', 0, '2023-01-10 16:38:14.691', NULL, NULL, 103, '103', NULL);
INSERT INTO `act_hi_detail` VALUES ('1f9ecfe8-90c2-11ed-a190-d85ed3d43c87', 'VariableUpdate', '1f9ea8d4-90c2-11ed-a190-d85ed3d43c87', '1f9ea8d4-90c2-11ed-a190-d85ed3d43c87', NULL, NULL, 'financeId', 'long', 0, '2023-01-10 16:38:14.691', NULL, NULL, 104, '104', NULL);
INSERT INTO `act_hi_detail` VALUES ('1f9ecfea-90c2-11ed-a190-d85ed3d43c87', 'VariableUpdate', '1f9ea8d4-90c2-11ed-a190-d85ed3d43c87', '1f9ea8d4-90c2-11ed-a190-d85ed3d43c87', NULL, NULL, 'disCountPrice', 'long', 0, '2023-01-10 16:38:14.691', NULL, NULL, 3000, '3000', NULL);
INSERT INTO `act_hi_detail` VALUES ('1f9f4520-90c2-11ed-a190-d85ed3d43c87', 'VariableUpdate', '1f9ea8d4-90c2-11ed-a190-d85ed3d43c87', '1f9ecfeb-90c2-11ed-a190-d85ed3d43c87', '1f9ef6fe-90c2-11ed-a190-d85ed3d43c87', NULL, 'shopOwnerId', 'long', 0, '2023-01-10 16:38:14.694', NULL, NULL, 103, '103', NULL);
INSERT INTO `act_hi_detail` VALUES ('1f9f4522-90c2-11ed-a190-d85ed3d43c87', 'VariableUpdate', '1f9ea8d4-90c2-11ed-a190-d85ed3d43c87', '1f9ecfeb-90c2-11ed-a190-d85ed3d43c87', '1f9ef6fe-90c2-11ed-a190-d85ed3d43c87', NULL, 'financeId', 'long', 0, '2023-01-10 16:38:14.694', NULL, NULL, 104, '104', NULL);
INSERT INTO `act_hi_detail` VALUES ('1f9f4524-90c2-11ed-a190-d85ed3d43c87', 'VariableUpdate', '1f9ea8d4-90c2-11ed-a190-d85ed3d43c87', '1f9ecfeb-90c2-11ed-a190-d85ed3d43c87', '1f9ef6fe-90c2-11ed-a190-d85ed3d43c87', NULL, 'disCountPrice', 'long', 0, '2023-01-10 16:38:14.694', NULL, NULL, 3000, '3000', NULL);
INSERT INTO `act_hi_detail` VALUES ('20002', 'VariableUpdate', '17501', '17501', NULL, '17510', 'shopOwner', 'boolean', 0, '2023-01-11 16:12:47.398', NULL, NULL, 1, NULL, NULL);
INSERT INTO `act_hi_detail` VALUES ('20004', 'VariableUpdate', '17501', '17501', NULL, NULL, 'shopOwnerId', 'long', 1, '2023-01-11 16:12:47.431', NULL, NULL, 103, '103', NULL);
INSERT INTO `act_hi_detail` VALUES ('20005', 'VariableUpdate', '17501', '17501', NULL, NULL, 'financeId', 'long', 1, '2023-01-11 16:12:47.433', NULL, NULL, 104, '104', NULL);
INSERT INTO `act_hi_detail` VALUES ('20006', 'VariableUpdate', '17501', '17501', NULL, NULL, 'disCountPrice', 'long', 1, '2023-01-11 16:12:47.434', NULL, NULL, 3999, '3999', NULL);
INSERT INTO `act_hi_detail` VALUES ('20012', 'VariableUpdate', '17501', '17508', '20010', NULL, 'shopOwnerId', 'long', 0, '2023-01-11 16:12:47.474', NULL, NULL, 103, '103', NULL);
INSERT INTO `act_hi_detail` VALUES ('20014', 'VariableUpdate', '17501', '17508', '20010', NULL, 'shopOwner', 'boolean', 0, '2023-01-11 16:12:47.474', NULL, NULL, 1, NULL, NULL);
INSERT INTO `act_hi_detail` VALUES ('20016', 'VariableUpdate', '17501', '17508', '20010', NULL, 'disCountPrice', 'long', 0, '2023-01-11 16:12:47.474', NULL, NULL, 3999, '3999', NULL);
INSERT INTO `act_hi_detail` VALUES ('20018', 'VariableUpdate', '17501', '17508', '20010', NULL, 'financeId', 'long', 0, '2023-01-11 16:12:47.474', NULL, NULL, 104, '104', NULL);
INSERT INTO `act_hi_detail` VALUES ('20020', 'VariableUpdate', '17501', '17508', '20010', NULL, 'shopOwner', 'boolean', 1, '2023-01-11 16:13:59.640', NULL, NULL, 0, NULL, NULL);
INSERT INTO `act_hi_detail` VALUES ('20022', 'VariableUpdate', '17501', '17501', NULL, NULL, 'shopOwnerId', 'long', 1, '2023-01-11 16:13:59.659', NULL, NULL, 103, '103', NULL);
INSERT INTO `act_hi_detail` VALUES ('20023', 'VariableUpdate', '17501', '17501', NULL, NULL, 'shopOwner', 'boolean', 1, '2023-01-11 16:13:59.660', NULL, NULL, 0, NULL, NULL);
INSERT INTO `act_hi_detail` VALUES ('20024', 'VariableUpdate', '17501', '17501', NULL, NULL, 'disCountPrice', 'long', 1, '2023-01-11 16:13:59.661', NULL, NULL, 3999, '3999', NULL);
INSERT INTO `act_hi_detail` VALUES ('20025', 'VariableUpdate', '17501', '17501', NULL, NULL, 'financeId', 'long', 1, '2023-01-11 16:13:59.661', NULL, NULL, 104, '104', NULL);
INSERT INTO `act_hi_detail` VALUES ('22503', 'VariableUpdate', '22501', '22501', NULL, NULL, 'shopOwnerId', 'long', 0, '2023-03-08 19:27:02.170', NULL, NULL, 103, '103', NULL);
INSERT INTO `act_hi_detail` VALUES ('22505', 'VariableUpdate', '22501', '22501', NULL, NULL, 'financeId', 'long', 0, '2023-03-08 19:27:02.172', NULL, NULL, 104, '104', NULL);
INSERT INTO `act_hi_detail` VALUES ('22507', 'VariableUpdate', '22501', '22501', NULL, NULL, 'disCountPrice', 'long', 0, '2023-03-08 19:27:02.172', NULL, NULL, 3001, '3001', NULL);
INSERT INTO `act_hi_detail` VALUES ('22513', 'VariableUpdate', '22501', '22508', '22511', NULL, 'shopOwnerId', 'long', 0, '2023-03-08 19:27:02.198', NULL, NULL, 103, '103', NULL);
INSERT INTO `act_hi_detail` VALUES ('22515', 'VariableUpdate', '22501', '22508', '22511', NULL, 'financeId', 'long', 0, '2023-03-08 19:27:02.198', NULL, NULL, 104, '104', NULL);
INSERT INTO `act_hi_detail` VALUES ('22517', 'VariableUpdate', '22501', '22508', '22511', NULL, 'disCountPrice', 'long', 0, '2023-03-08 19:27:02.199', NULL, NULL, 3001, '3001', NULL);
INSERT INTO `act_hi_detail` VALUES ('22521', 'VariableUpdate', '22501', '22501', NULL, '22510', 'shopOwner', 'boolean', 0, '2023-03-08 19:32:58.834', NULL, NULL, 1, NULL, NULL);
INSERT INTO `act_hi_detail` VALUES ('22522', 'VariableUpdate', '22501', '22501', NULL, NULL, 'shopOwnerId', 'long', 1, '2023-03-08 19:32:58.847', NULL, NULL, 103, '103', NULL);
INSERT INTO `act_hi_detail` VALUES ('22523', 'VariableUpdate', '22501', '22501', NULL, NULL, 'financeId', 'long', 1, '2023-03-08 19:32:58.849', NULL, NULL, 104, '104', NULL);
INSERT INTO `act_hi_detail` VALUES ('22524', 'VariableUpdate', '22501', '22501', NULL, NULL, 'disCountPrice', 'long', 1, '2023-03-08 19:32:58.850', NULL, NULL, 3001, '3001', NULL);
INSERT INTO `act_hi_detail` VALUES ('22530', 'VariableUpdate', '22501', '22508', '22528', NULL, 'shopOwnerId', 'long', 0, '2023-03-08 19:32:58.878', NULL, NULL, 103, '103', NULL);
INSERT INTO `act_hi_detail` VALUES ('22532', 'VariableUpdate', '22501', '22508', '22528', NULL, 'shopOwner', 'boolean', 0, '2023-03-08 19:32:58.878', NULL, NULL, 1, NULL, NULL);
INSERT INTO `act_hi_detail` VALUES ('22534', 'VariableUpdate', '22501', '22508', '22528', NULL, 'financeId', 'long', 0, '2023-03-08 19:32:58.879', NULL, NULL, 104, '104', NULL);
INSERT INTO `act_hi_detail` VALUES ('22536', 'VariableUpdate', '22501', '22508', '22528', NULL, 'disCountPrice', 'long', 0, '2023-03-08 19:32:58.879', NULL, NULL, 3001, '3001', NULL);
INSERT INTO `act_hi_detail` VALUES ('22540', 'VariableUpdate', '22501', '22501', NULL, '22527', 'financial', 'boolean', 0, '2023-03-08 19:33:51.541', NULL, NULL, 1, NULL, NULL);
INSERT INTO `act_hi_detail` VALUES ('22541', 'VariableUpdate', '22501', '22501', NULL, NULL, 'shopOwnerId', 'long', 1, '2023-03-08 19:33:51.560', NULL, NULL, 103, '103', NULL);
INSERT INTO `act_hi_detail` VALUES ('22542', 'VariableUpdate', '22501', '22501', NULL, NULL, 'shopOwner', 'boolean', 1, '2023-03-08 19:33:51.561', NULL, NULL, 1, NULL, NULL);
INSERT INTO `act_hi_detail` VALUES ('22543', 'VariableUpdate', '22501', '22501', NULL, NULL, 'financeId', 'long', 1, '2023-03-08 19:33:51.562', NULL, NULL, 104, '104', NULL);
INSERT INTO `act_hi_detail` VALUES ('22544', 'VariableUpdate', '22501', '22501', NULL, NULL, 'disCountPrice', 'long', 1, '2023-03-08 19:33:51.564', NULL, NULL, 3001, '3001', NULL);
INSERT INTO `act_hi_detail` VALUES ('2503', 'VariableUpdate', '2501', '2501', NULL, NULL, 'shopOwnerId', 'long', 0, '2023-01-10 16:58:05.241', NULL, NULL, 103, '103', NULL);
INSERT INTO `act_hi_detail` VALUES ('2505', 'VariableUpdate', '2501', '2501', NULL, NULL, 'financeId', 'long', 0, '2023-01-10 16:58:05.243', NULL, NULL, 104, '104', NULL);
INSERT INTO `act_hi_detail` VALUES ('2507', 'VariableUpdate', '2501', '2501', NULL, NULL, 'disCountPrice', 'long', 0, '2023-01-10 16:58:05.244', NULL, NULL, 3000, '3000', NULL);
INSERT INTO `act_hi_detail` VALUES ('2513', 'VariableUpdate', '2501', '2508', '2511', NULL, 'shopOwnerId', 'long', 0, '2023-01-10 16:58:05.263', NULL, NULL, 103, '103', NULL);
INSERT INTO `act_hi_detail` VALUES ('2515', 'VariableUpdate', '2501', '2508', '2511', NULL, 'financeId', 'long', 0, '2023-01-10 16:58:05.263', NULL, NULL, 104, '104', NULL);
INSERT INTO `act_hi_detail` VALUES ('2517', 'VariableUpdate', '2501', '2508', '2511', NULL, 'disCountPrice', 'long', 0, '2023-01-10 16:58:05.263', NULL, NULL, 3000, '3000', NULL);
INSERT INTO `act_hi_detail` VALUES ('7502', 'VariableUpdate', '2501', '2501', NULL, '2510', 'shopOwner', 'boolean', 0, '2023-01-10 17:03:49.561', NULL, NULL, 1, NULL, NULL);
INSERT INTO `act_hi_detail` VALUES ('7504', 'VariableUpdate', '2501', '2501', NULL, NULL, 'shopOwnerId', 'long', 1, '2023-01-10 17:03:49.591', NULL, NULL, 103, '103', NULL);
INSERT INTO `act_hi_detail` VALUES ('7505', 'VariableUpdate', '2501', '2501', NULL, NULL, 'financeId', 'long', 1, '2023-01-10 17:03:49.594', NULL, NULL, 104, '104', NULL);
INSERT INTO `act_hi_detail` VALUES ('7506', 'VariableUpdate', '2501', '2501', NULL, NULL, 'disCountPrice', 'long', 1, '2023-01-10 17:03:49.595', NULL, NULL, 3000, '3000', NULL);
INSERT INTO `act_hi_detail` VALUES ('7512', 'VariableUpdate', '2501', '2508', '7510', NULL, 'shopOwnerId', 'long', 0, '2023-01-10 17:03:49.639', NULL, NULL, 103, '103', NULL);
INSERT INTO `act_hi_detail` VALUES ('7514', 'VariableUpdate', '2501', '2508', '7510', NULL, 'shopOwner', 'boolean', 0, '2023-01-10 17:03:49.639', NULL, NULL, 1, NULL, NULL);
INSERT INTO `act_hi_detail` VALUES ('7516', 'VariableUpdate', '2501', '2508', '7510', NULL, 'financeId', 'long', 0, '2023-01-10 17:03:49.639', NULL, NULL, 104, '104', NULL);
INSERT INTO `act_hi_detail` VALUES ('7518', 'VariableUpdate', '2501', '2508', '7510', NULL, 'disCountPrice', 'long', 0, '2023-01-10 17:03:49.639', NULL, NULL, 3000, '3000', NULL);
INSERT INTO `act_hi_detail` VALUES ('7520', 'VariableUpdate', '2501', '2508', '7510', NULL, 'shopOwner', 'boolean', 1, '2023-01-10 17:04:10.124', NULL, NULL, 1, NULL, NULL);
INSERT INTO `act_hi_detail` VALUES ('7522', 'VariableUpdate', '2501', '2501', NULL, NULL, 'shopOwnerId', 'long', 1, '2023-01-10 17:04:10.143', NULL, NULL, 103, '103', NULL);
INSERT INTO `act_hi_detail` VALUES ('7523', 'VariableUpdate', '2501', '2501', NULL, NULL, 'shopOwner', 'boolean', 1, '2023-01-10 17:04:10.146', NULL, NULL, 1, NULL, NULL);
INSERT INTO `act_hi_detail` VALUES ('7524', 'VariableUpdate', '2501', '2501', NULL, NULL, 'financeId', 'long', 1, '2023-01-10 17:04:10.147', NULL, NULL, 104, '104', NULL);
INSERT INTO `act_hi_detail` VALUES ('7525', 'VariableUpdate', '2501', '2501', NULL, NULL, 'disCountPrice', 'long', 1, '2023-01-10 17:04:10.148', NULL, NULL, 3000, '3000', NULL);
INSERT INTO `act_hi_detail` VALUES ('7528', 'VariableUpdate', '808bc81f-90c3-11ed-aeb9-d85ed3d43c87', '808bc81f-90c3-11ed-aeb9-d85ed3d43c87', NULL, '808dea08-90c3-11ed-aeb9-d85ed3d43c87', 'shopOwner', 'boolean', 0, '2023-01-10 17:20:21.946', NULL, NULL, 1, NULL, NULL);
INSERT INTO `act_hi_detail` VALUES ('7530', 'VariableUpdate', '808bc81f-90c3-11ed-aeb9-d85ed3d43c87', '808bc81f-90c3-11ed-aeb9-d85ed3d43c87', NULL, NULL, 'shopOwnerId', 'long', 1, '2023-01-10 17:20:21.959', NULL, NULL, 103, '103', NULL);
INSERT INTO `act_hi_detail` VALUES ('7531', 'VariableUpdate', '808bc81f-90c3-11ed-aeb9-d85ed3d43c87', '808bc81f-90c3-11ed-aeb9-d85ed3d43c87', NULL, NULL, 'financeId', 'long', 1, '2023-01-10 17:20:21.960', NULL, NULL, 104, '104', NULL);
INSERT INTO `act_hi_detail` VALUES ('7532', 'VariableUpdate', '808bc81f-90c3-11ed-aeb9-d85ed3d43c87', '808bc81f-90c3-11ed-aeb9-d85ed3d43c87', NULL, NULL, 'disCountPrice', 'long', 1, '2023-01-10 17:20:21.961', NULL, NULL, 3000, '3000', NULL);
INSERT INTO `act_hi_detail` VALUES ('7538', 'VariableUpdate', '808bc81f-90c3-11ed-aeb9-d85ed3d43c87', '808cb186-90c3-11ed-aeb9-d85ed3d43c87', '7536', NULL, 'shopOwnerId', 'long', 0, '2023-01-10 17:20:21.973', NULL, NULL, 103, '103', NULL);
INSERT INTO `act_hi_detail` VALUES ('7540', 'VariableUpdate', '808bc81f-90c3-11ed-aeb9-d85ed3d43c87', '808cb186-90c3-11ed-aeb9-d85ed3d43c87', '7536', NULL, 'shopOwner', 'boolean', 0, '2023-01-10 17:20:21.973', NULL, NULL, 1, NULL, NULL);
INSERT INTO `act_hi_detail` VALUES ('7542', 'VariableUpdate', '808bc81f-90c3-11ed-aeb9-d85ed3d43c87', '808cb186-90c3-11ed-aeb9-d85ed3d43c87', '7536', NULL, 'disCountPrice', 'long', 0, '2023-01-10 17:20:21.973', NULL, NULL, 3000, '3000', NULL);
INSERT INTO `act_hi_detail` VALUES ('7544', 'VariableUpdate', '808bc81f-90c3-11ed-aeb9-d85ed3d43c87', '808cb186-90c3-11ed-aeb9-d85ed3d43c87', '7536', NULL, 'financeId', 'long', 0, '2023-01-10 17:20:21.973', NULL, NULL, 104, '104', NULL);
INSERT INTO `act_hi_detail` VALUES ('7547', 'VariableUpdate', '1f9ea8d4-90c2-11ed-a190-d85ed3d43c87', '1f9ea8d4-90c2-11ed-a190-d85ed3d43c87', NULL, '1f9ef6fd-90c2-11ed-a190-d85ed3d43c87', 'shopOwner', 'boolean', 0, '2023-01-10 17:20:50.893', NULL, NULL, 1, NULL, NULL);
INSERT INTO `act_hi_detail` VALUES ('7549', 'VariableUpdate', '1f9ea8d4-90c2-11ed-a190-d85ed3d43c87', '1f9ea8d4-90c2-11ed-a190-d85ed3d43c87', NULL, NULL, 'shopOwnerId', 'long', 1, '2023-01-10 17:20:50.906', NULL, NULL, 103, '103', NULL);
INSERT INTO `act_hi_detail` VALUES ('7550', 'VariableUpdate', '1f9ea8d4-90c2-11ed-a190-d85ed3d43c87', '1f9ea8d4-90c2-11ed-a190-d85ed3d43c87', NULL, NULL, 'financeId', 'long', 1, '2023-01-10 17:20:50.907', NULL, NULL, 104, '104', NULL);
INSERT INTO `act_hi_detail` VALUES ('7551', 'VariableUpdate', '1f9ea8d4-90c2-11ed-a190-d85ed3d43c87', '1f9ea8d4-90c2-11ed-a190-d85ed3d43c87', NULL, NULL, 'disCountPrice', 'long', 1, '2023-01-10 17:20:50.908', NULL, NULL, 3000, '3000', NULL);
INSERT INTO `act_hi_detail` VALUES ('7557', 'VariableUpdate', '1f9ea8d4-90c2-11ed-a190-d85ed3d43c87', '1f9ecfeb-90c2-11ed-a190-d85ed3d43c87', '7555', NULL, 'shopOwnerId', 'long', 0, '2023-01-10 17:20:50.920', NULL, NULL, 103, '103', NULL);
INSERT INTO `act_hi_detail` VALUES ('7559', 'VariableUpdate', '1f9ea8d4-90c2-11ed-a190-d85ed3d43c87', '1f9ecfeb-90c2-11ed-a190-d85ed3d43c87', '7555', NULL, 'shopOwner', 'boolean', 0, '2023-01-10 17:20:50.920', NULL, NULL, 1, NULL, NULL);
INSERT INTO `act_hi_detail` VALUES ('7561', 'VariableUpdate', '1f9ea8d4-90c2-11ed-a190-d85ed3d43c87', '1f9ecfeb-90c2-11ed-a190-d85ed3d43c87', '7555', NULL, 'financeId', 'long', 0, '2023-01-10 17:20:50.920', NULL, NULL, 104, '104', NULL);
INSERT INTO `act_hi_detail` VALUES ('7563', 'VariableUpdate', '1f9ea8d4-90c2-11ed-a190-d85ed3d43c87', '1f9ecfeb-90c2-11ed-a190-d85ed3d43c87', '7555', NULL, 'disCountPrice', 'long', 0, '2023-01-10 17:20:50.920', NULL, NULL, 3000, '3000', NULL);
INSERT INTO `act_hi_detail` VALUES ('7b82c64d-90bd-11ed-9261-d85ed3d43c87', 'VariableUpdate', '8bc8c1f4-90ba-11ed-8ce0-d85ed3d43c87', '8bc8c1f4-90ba-11ed-8ce0-d85ed3d43c87', NULL, '8bca96bd-90ba-11ed-8ce0-d85ed3d43c87', 'shopOwner', 'null', 0, '2023-01-10 16:05:01.374', NULL, NULL, NULL, NULL, NULL);
INSERT INTO `act_hi_detail` VALUES ('7c28ca4e-90bd-11ed-9261-d85ed3d43c87', 'VariableUpdate', '8bc8c1f4-90ba-11ed-8ce0-d85ed3d43c87', '8bc8c1f4-90ba-11ed-8ce0-d85ed3d43c87', NULL, NULL, 'shopOwnerId', 'long', 1, '2023-01-10 16:05:02.462', NULL, NULL, 103, '103', NULL);
INSERT INTO `act_hi_detail` VALUES ('7c2b3b4f-90bd-11ed-9261-d85ed3d43c87', 'VariableUpdate', '8bc8c1f4-90ba-11ed-8ce0-d85ed3d43c87', '8bc8c1f4-90ba-11ed-8ce0-d85ed3d43c87', NULL, NULL, 'financeId', 'long', 1, '2023-01-10 16:05:02.478', NULL, NULL, 104, '104', NULL);
INSERT INTO `act_hi_detail` VALUES ('7c2e4890-90bd-11ed-9261-d85ed3d43c87', 'VariableUpdate', '8bc8c1f4-90ba-11ed-8ce0-d85ed3d43c87', '8bc8c1f4-90ba-11ed-8ce0-d85ed3d43c87', NULL, NULL, 'disCountPrice', 'json', 1, '2023-01-10 16:05:02.498', NULL, NULL, NULL, '3333.0', NULL);
INSERT INTO `act_hi_detail` VALUES ('808c3c51-90c3-11ed-aeb9-d85ed3d43c87', 'VariableUpdate', '808bc81f-90c3-11ed-aeb9-d85ed3d43c87', '808bc81f-90c3-11ed-aeb9-d85ed3d43c87', NULL, NULL, 'shopOwnerId', 'long', 0, '2023-01-10 16:48:06.805', NULL, NULL, 103, '103', NULL);
INSERT INTO `act_hi_detail` VALUES ('808c8a73-90c3-11ed-aeb9-d85ed3d43c87', 'VariableUpdate', '808bc81f-90c3-11ed-aeb9-d85ed3d43c87', '808bc81f-90c3-11ed-aeb9-d85ed3d43c87', NULL, NULL, 'financeId', 'long', 0, '2023-01-10 16:48:06.807', NULL, NULL, 104, '104', NULL);
INSERT INTO `act_hi_detail` VALUES ('808c8a75-90c3-11ed-aeb9-d85ed3d43c87', 'VariableUpdate', '808bc81f-90c3-11ed-aeb9-d85ed3d43c87', '808bc81f-90c3-11ed-aeb9-d85ed3d43c87', NULL, NULL, 'disCountPrice', 'long', 0, '2023-01-10 16:48:06.807', NULL, NULL, 3000, '3000', NULL);
INSERT INTO `act_hi_detail` VALUES ('808fe5db-90c3-11ed-aeb9-d85ed3d43c87', 'VariableUpdate', '808bc81f-90c3-11ed-aeb9-d85ed3d43c87', '808cb186-90c3-11ed-aeb9-d85ed3d43c87', '808f97b9-90c3-11ed-aeb9-d85ed3d43c87', NULL, 'shopOwnerId', 'long', 0, '2023-01-10 16:48:06.829', NULL, NULL, 103, '103', NULL);
INSERT INTO `act_hi_detail` VALUES ('808fe5dd-90c3-11ed-aeb9-d85ed3d43c87', 'VariableUpdate', '808bc81f-90c3-11ed-aeb9-d85ed3d43c87', '808cb186-90c3-11ed-aeb9-d85ed3d43c87', '808f97b9-90c3-11ed-aeb9-d85ed3d43c87', NULL, 'financeId', 'long', 0, '2023-01-10 16:48:06.829', NULL, NULL, 104, '104', NULL);
INSERT INTO `act_hi_detail` VALUES ('80900cef-90c3-11ed-aeb9-d85ed3d43c87', 'VariableUpdate', '808bc81f-90c3-11ed-aeb9-d85ed3d43c87', '808cb186-90c3-11ed-aeb9-d85ed3d43c87', '808f97b9-90c3-11ed-aeb9-d85ed3d43c87', NULL, 'disCountPrice', 'long', 0, '2023-01-10 16:48:06.830', NULL, NULL, 3000, '3000', NULL);
INSERT INTO `act_hi_detail` VALUES ('85a6c3f2-90c1-11ed-a190-d85ed3d43c87', 'VariableUpdate', '85a675d0-90c1-11ed-a190-d85ed3d43c87', '85a675d0-90c1-11ed-a190-d85ed3d43c87', NULL, NULL, 'shopOwnerId', 'long', 0, '2023-01-10 16:33:56.374', NULL, NULL, 103, '103', NULL);
INSERT INTO `act_hi_detail` VALUES ('85a6eb04-90c1-11ed-a190-d85ed3d43c87', 'VariableUpdate', '85a675d0-90c1-11ed-a190-d85ed3d43c87', '85a675d0-90c1-11ed-a190-d85ed3d43c87', NULL, NULL, 'financeId', 'long', 0, '2023-01-10 16:33:56.375', NULL, NULL, 104, '104', NULL);
INSERT INTO `act_hi_detail` VALUES ('85a6eb06-90c1-11ed-a190-d85ed3d43c87', 'VariableUpdate', '85a675d0-90c1-11ed-a190-d85ed3d43c87', '85a675d0-90c1-11ed-a190-d85ed3d43c87', NULL, NULL, 'disCountPrice', 'long', 0, '2023-01-10 16:33:56.375', NULL, NULL, 3333, '3333', NULL);
INSERT INTO `act_hi_detail` VALUES ('85a9f84c-90c1-11ed-a190-d85ed3d43c87', 'VariableUpdate', '85a675d0-90c1-11ed-a190-d85ed3d43c87', '85a71217-90c1-11ed-a190-d85ed3d43c87', '85a95c0a-90c1-11ed-a190-d85ed3d43c87', NULL, 'shopOwnerId', 'long', 0, '2023-01-10 16:33:56.395', NULL, NULL, 103, '103', NULL);
INSERT INTO `act_hi_detail` VALUES ('85a9f84e-90c1-11ed-a190-d85ed3d43c87', 'VariableUpdate', '85a675d0-90c1-11ed-a190-d85ed3d43c87', '85a71217-90c1-11ed-a190-d85ed3d43c87', '85a95c0a-90c1-11ed-a190-d85ed3d43c87', NULL, 'financeId', 'long', 0, '2023-01-10 16:33:56.395', NULL, NULL, 104, '104', NULL);
INSERT INTO `act_hi_detail` VALUES ('85a9f850-90c1-11ed-a190-d85ed3d43c87', 'VariableUpdate', '85a675d0-90c1-11ed-a190-d85ed3d43c87', '85a71217-90c1-11ed-a190-d85ed3d43c87', '85a95c0a-90c1-11ed-a190-d85ed3d43c87', NULL, 'disCountPrice', 'long', 0, '2023-01-10 16:33:56.395', NULL, NULL, 3333, '3333', NULL);
INSERT INTO `act_hi_detail` VALUES ('8bc91016-90ba-11ed-8ce0-d85ed3d43c87', 'VariableUpdate', '8bc8c1f4-90ba-11ed-8ce0-d85ed3d43c87', '8bc8c1f4-90ba-11ed-8ce0-d85ed3d43c87', NULL, NULL, 'shopOwnerId', 'long', 0, '2023-01-10 15:44:00.188', NULL, NULL, 103, '103', NULL);
INSERT INTO `act_hi_detail` VALUES ('8bc95e38-90ba-11ed-8ce0-d85ed3d43c87', 'VariableUpdate', '8bc8c1f4-90ba-11ed-8ce0-d85ed3d43c87', '8bc8c1f4-90ba-11ed-8ce0-d85ed3d43c87', NULL, NULL, 'financeId', 'long', 0, '2023-01-10 15:44:00.190', NULL, NULL, 104, '104', NULL);
INSERT INTO `act_hi_detail` VALUES ('8bc9854a-90ba-11ed-8ce0-d85ed3d43c87', 'VariableUpdate', '8bc8c1f4-90ba-11ed-8ce0-d85ed3d43c87', '8bc8c1f4-90ba-11ed-8ce0-d85ed3d43c87', NULL, NULL, 'disCountPrice', 'json', 0, '2023-01-10 15:44:00.191', NULL, NULL, NULL, '3333.00', NULL);
INSERT INTO `act_hi_detail` VALUES ('8bcbf650-90ba-11ed-8ce0-d85ed3d43c87', 'VariableUpdate', '8bc8c1f4-90ba-11ed-8ce0-d85ed3d43c87', '8bc9ac5b-90ba-11ed-8ce0-d85ed3d43c87', '8bcba82e-90ba-11ed-8ce0-d85ed3d43c87', NULL, 'shopOwnerId', 'long', 0, '2023-01-10 15:44:00.207', NULL, NULL, 103, '103', NULL);
INSERT INTO `act_hi_detail` VALUES ('8bcc1d62-90ba-11ed-8ce0-d85ed3d43c87', 'VariableUpdate', '8bc8c1f4-90ba-11ed-8ce0-d85ed3d43c87', '8bc9ac5b-90ba-11ed-8ce0-d85ed3d43c87', '8bcba82e-90ba-11ed-8ce0-d85ed3d43c87', NULL, 'financeId', 'long', 0, '2023-01-10 15:44:00.208', NULL, NULL, 104, '104', NULL);
INSERT INTO `act_hi_detail` VALUES ('8bcc1d64-90ba-11ed-8ce0-d85ed3d43c87', 'VariableUpdate', '8bc8c1f4-90ba-11ed-8ce0-d85ed3d43c87', '8bc9ac5b-90ba-11ed-8ce0-d85ed3d43c87', '8bcba82e-90ba-11ed-8ce0-d85ed3d43c87', NULL, 'disCountPrice', 'json', 0, '2023-01-10 15:44:00.208', NULL, NULL, NULL, '3333.00', NULL);
INSERT INTO `act_hi_detail` VALUES ('badcc287-90ba-11ed-8ce0-d85ed3d43c87', 'VariableUpdate', '03b0126e-9099-11ed-aa72-d85ed3d43c87', '03b0126e-9099-11ed-aa72-d85ed3d43c87', NULL, NULL, 'shopOwner', 'null', 0, '2023-01-10 15:45:19.170', NULL, NULL, NULL, NULL, NULL);
INSERT INTO `act_hi_detail` VALUES ('bae044f8-90ba-11ed-8ce0-d85ed3d43c87', 'VariableUpdate', '03b0126e-9099-11ed-aa72-d85ed3d43c87', '03b0126e-9099-11ed-aa72-d85ed3d43c87', NULL, NULL, 'shopOwnerId', 'long', 1, '2023-01-10 15:45:19.193', NULL, NULL, 103, '103', NULL);
INSERT INTO `act_hi_detail` VALUES ('bae06c09-90ba-11ed-8ce0-d85ed3d43c87', 'VariableUpdate', '03b0126e-9099-11ed-aa72-d85ed3d43c87', '03b0126e-9099-11ed-aa72-d85ed3d43c87', NULL, NULL, 'financeId', 'long', 1, '2023-01-10 15:45:19.194', NULL, NULL, 104, '104', NULL);
INSERT INTO `act_hi_detail` VALUES ('bae0ba2a-90ba-11ed-8ce0-d85ed3d43c87', 'VariableUpdate', '03b0126e-9099-11ed-aa72-d85ed3d43c87', '03b0126e-9099-11ed-aa72-d85ed3d43c87', NULL, NULL, 'disCountPrice', 'json', 1, '2023-01-10 15:45:19.196', NULL, NULL, NULL, '3000.0', NULL);

-- ----------------------------
-- Table structure for act_hi_identitylink
-- ----------------------------
DROP TABLE IF EXISTS `act_hi_identitylink`;
CREATE TABLE `act_hi_identitylink`  (
  `ID_` varchar(64) CHARACTER SET utf8 COLLATE utf8_bin NOT NULL DEFAULT '',
  `GROUP_ID_` varchar(255) CHARACTER SET utf8 COLLATE utf8_bin NULL DEFAULT NULL,
  `TYPE_` varchar(255) CHARACTER SET utf8 COLLATE utf8_bin NULL DEFAULT NULL,
  `USER_ID_` varchar(255) CHARACTER SET utf8 COLLATE utf8_bin NULL DEFAULT NULL,
  `TASK_ID_` varchar(64) CHARACTER SET utf8 COLLATE utf8_bin NULL DEFAULT NULL,
  `PROC_INST_ID_` varchar(64) CHARACTER SET utf8 COLLATE utf8_bin NULL DEFAULT NULL,
  PRIMARY KEY (`ID_`) USING BTREE,
  INDEX `ACT_IDX_HI_IDENT_LNK_USER`(`USER_ID_`) USING BTREE,
  INDEX `ACT_IDX_HI_IDENT_LNK_TASK`(`TASK_ID_`) USING BTREE,
  INDEX `ACT_IDX_HI_IDENT_LNK_PROCINST`(`PROC_INST_ID_`) USING BTREE
) ENGINE = InnoDB CHARACTER SET = utf8 COLLATE = utf8_bin ROW_FORMAT = Compact;

-- ----------------------------
-- Records of act_hi_identitylink
-- ----------------------------
INSERT INTO `act_hi_identitylink` VALUES ('10033', NULL, 'participant', '104', NULL, '85a675d0-90c1-11ed-a190-d85ed3d43c87');
INSERT INTO `act_hi_identitylink` VALUES ('12518', NULL, 'participant', '103', NULL, '12501');
INSERT INTO `act_hi_identitylink` VALUES ('15018', NULL, 'participant', '103', NULL, '15001');
INSERT INTO `act_hi_identitylink` VALUES ('15037', NULL, 'participant', '104', NULL, '15001');
INSERT INTO `act_hi_identitylink` VALUES ('17518', NULL, 'participant', '103', NULL, '17501');
INSERT INTO `act_hi_identitylink` VALUES ('1f9f4525-90c2-11ed-a190-d85ed3d43c87', NULL, 'participant', '103', NULL, '1f9ea8d4-90c2-11ed-a190-d85ed3d43c87');
INSERT INTO `act_hi_identitylink` VALUES ('20019', NULL, 'participant', '104', NULL, '17501');
INSERT INTO `act_hi_identitylink` VALUES ('22518', NULL, 'participant', '103', NULL, '22501');
INSERT INTO `act_hi_identitylink` VALUES ('22537', NULL, 'participant', '104', NULL, '22501');
INSERT INTO `act_hi_identitylink` VALUES ('2518', NULL, 'participant', '103', NULL, '2501');
INSERT INTO `act_hi_identitylink` VALUES ('7519', NULL, 'participant', '104', NULL, '2501');
INSERT INTO `act_hi_identitylink` VALUES ('7545', NULL, 'participant', '104', NULL, '808bc81f-90c3-11ed-aeb9-d85ed3d43c87');
INSERT INTO `act_hi_identitylink` VALUES ('7564', NULL, 'participant', '104', NULL, '1f9ea8d4-90c2-11ed-a190-d85ed3d43c87');
INSERT INTO `act_hi_identitylink` VALUES ('80903400-90c3-11ed-aeb9-d85ed3d43c87', NULL, 'participant', '103', NULL, '808bc81f-90c3-11ed-aeb9-d85ed3d43c87');
INSERT INTO `act_hi_identitylink` VALUES ('85aa4671-90c1-11ed-a190-d85ed3d43c87', NULL, 'participant', '103', NULL, '85a675d0-90c1-11ed-a190-d85ed3d43c87');
INSERT INTO `act_hi_identitylink` VALUES ('8bcc4475-90ba-11ed-8ce0-d85ed3d43c87', NULL, 'participant', '103', NULL, '8bc8c1f4-90ba-11ed-8ce0-d85ed3d43c87');

-- ----------------------------
-- Table structure for act_hi_procinst
-- ----------------------------
DROP TABLE IF EXISTS `act_hi_procinst`;
CREATE TABLE `act_hi_procinst`  (
  `ID_` varchar(64) CHARACTER SET utf8 COLLATE utf8_bin NOT NULL,
  `PROC_INST_ID_` varchar(64) CHARACTER SET utf8 COLLATE utf8_bin NOT NULL,
  `BUSINESS_KEY_` varchar(255) CHARACTER SET utf8 COLLATE utf8_bin NULL DEFAULT NULL,
  `PROC_DEF_ID_` varchar(64) CHARACTER SET utf8 COLLATE utf8_bin NOT NULL,
  `START_TIME_` datetime(3) NOT NULL,
  `END_TIME_` datetime(3) NULL DEFAULT NULL,
  `DURATION_` bigint(20) NULL DEFAULT NULL,
  `START_USER_ID_` varchar(255) CHARACTER SET utf8 COLLATE utf8_bin NULL DEFAULT NULL,
  `START_ACT_ID_` varchar(255) CHARACTER SET utf8 COLLATE utf8_bin NULL DEFAULT NULL,
  `END_ACT_ID_` varchar(255) CHARACTER SET utf8 COLLATE utf8_bin NULL DEFAULT NULL,
  `SUPER_PROCESS_INSTANCE_ID_` varchar(64) CHARACTER SET utf8 COLLATE utf8_bin NULL DEFAULT NULL,
  `DELETE_REASON_` varchar(4000) CHARACTER SET utf8 COLLATE utf8_bin NULL DEFAULT NULL,
  `TENANT_ID_` varchar(255) CHARACTER SET utf8 COLLATE utf8_bin NULL DEFAULT '',
  `NAME_` varchar(255) CHARACTER SET utf8 COLLATE utf8_bin NULL DEFAULT NULL,
  PRIMARY KEY (`ID_`) USING BTREE,
  UNIQUE INDEX `PROC_INST_ID_`(`PROC_INST_ID_`) USING BTREE,
  INDEX `ACT_IDX_HI_PRO_INST_END`(`END_TIME_`) USING BTREE,
  INDEX `ACT_IDX_HI_PRO_I_BUSKEY`(`BUSINESS_KEY_`) USING BTREE
) ENGINE = InnoDB CHARACTER SET = utf8 COLLATE = utf8_bin ROW_FORMAT = Compact;

-- ----------------------------
-- Records of act_hi_procinst
-- ----------------------------
INSERT INTO `act_hi_procinst` VALUES ('12501', '12501', '42', 'bus_car_package:6:e13c5501-8f26-11ed-b40b-d85ed3d43c87', '2023-01-11 11:28:05.009', NULL, NULL, NULL, '_2', NULL, NULL, NULL, '', NULL);
INSERT INTO `act_hi_procinst` VALUES ('15001', '15001', '43', 'bus_car_package:6:e13c5501-8f26-11ed-b40b-d85ed3d43c87', '2023-01-11 11:31:02.601', NULL, NULL, NULL, '_2', NULL, NULL, NULL, '', NULL);
INSERT INTO `act_hi_procinst` VALUES ('17501', '17501', '44', 'bus_car_package:6:e13c5501-8f26-11ed-b40b-d85ed3d43c87', '2023-01-11 15:53:21.485', '2023-01-11 16:13:59.684', 1238199, NULL, '_2', '_7', NULL, NULL, '', NULL);
INSERT INTO `act_hi_procinst` VALUES ('1f9ea8d4-90c2-11ed-a190-d85ed3d43c87', '1f9ea8d4-90c2-11ed-a190-d85ed3d43c87', '40', 'bus_car_package:6:e13c5501-8f26-11ed-b40b-d85ed3d43c87', '2023-01-10 16:38:14.690', '2023-01-10 17:24:12.990', 2758300, NULL, '_2', '_7', NULL, NULL, '', NULL);
INSERT INTO `act_hi_procinst` VALUES ('22501', '22501', '45', 'bus_car_package:6:e13c5501-8f26-11ed-b40b-d85ed3d43c87', '2023-03-08 19:27:02.161', '2023-03-08 19:33:51.598', 409437, NULL, '_2', '_7', NULL, NULL, '', NULL);
INSERT INTO `act_hi_procinst` VALUES ('2501', '2501', '41', 'bus_car_package:6:e13c5501-8f26-11ed-b40b-d85ed3d43c87', '2023-01-10 16:58:05.228', '2023-01-10 17:04:10.172', 364944, NULL, '_2', '_7', NULL, NULL, '', NULL);
INSERT INTO `act_hi_procinst` VALUES ('808bc81f-90c3-11ed-aeb9-d85ed3d43c87', '808bc81f-90c3-11ed-aeb9-d85ed3d43c87', '41', 'bus_car_package:6:e13c5501-8f26-11ed-b40b-d85ed3d43c87', '2023-01-10 16:48:06.802', '2023-01-10 17:23:42.691', 2135889, NULL, '_2', '_7', NULL, NULL, '', NULL);
INSERT INTO `act_hi_procinst` VALUES ('85a675d0-90c1-11ed-a190-d85ed3d43c87', '85a675d0-90c1-11ed-a190-d85ed3d43c87', '39', 'bus_car_package:6:e13c5501-8f26-11ed-b40b-d85ed3d43c87', '2023-01-10 16:33:56.372', NULL, NULL, NULL, '_2', NULL, NULL, NULL, '', NULL);
INSERT INTO `act_hi_procinst` VALUES ('8bc8c1f4-90ba-11ed-8ce0-d85ed3d43c87', '8bc8c1f4-90ba-11ed-8ce0-d85ed3d43c87', '38', 'bus_car_package:6:e13c5501-8f26-11ed-b40b-d85ed3d43c87', '2023-01-10 15:44:00.186', '2023-01-10 16:05:02.959', 1262773, NULL, '_2', '_7', NULL, NULL, '', NULL);

-- ----------------------------
-- Table structure for act_hi_taskinst
-- ----------------------------
DROP TABLE IF EXISTS `act_hi_taskinst`;
CREATE TABLE `act_hi_taskinst`  (
  `ID_` varchar(64) CHARACTER SET utf8 COLLATE utf8_bin NOT NULL,
  `PROC_DEF_ID_` varchar(64) CHARACTER SET utf8 COLLATE utf8_bin NULL DEFAULT NULL,
  `TASK_DEF_KEY_` varchar(255) CHARACTER SET utf8 COLLATE utf8_bin NULL DEFAULT NULL,
  `PROC_INST_ID_` varchar(64) CHARACTER SET utf8 COLLATE utf8_bin NULL DEFAULT NULL,
  `EXECUTION_ID_` varchar(64) CHARACTER SET utf8 COLLATE utf8_bin NULL DEFAULT NULL,
  `NAME_` varchar(255) CHARACTER SET utf8 COLLATE utf8_bin NULL DEFAULT NULL,
  `PARENT_TASK_ID_` varchar(64) CHARACTER SET utf8 COLLATE utf8_bin NULL DEFAULT NULL,
  `DESCRIPTION_` varchar(4000) CHARACTER SET utf8 COLLATE utf8_bin NULL DEFAULT NULL,
  `OWNER_` varchar(255) CHARACTER SET utf8 COLLATE utf8_bin NULL DEFAULT NULL,
  `ASSIGNEE_` varchar(255) CHARACTER SET utf8 COLLATE utf8_bin NULL DEFAULT NULL,
  `START_TIME_` datetime(3) NOT NULL,
  `CLAIM_TIME_` datetime(3) NULL DEFAULT NULL,
  `END_TIME_` datetime(3) NULL DEFAULT NULL,
  `DURATION_` bigint(20) NULL DEFAULT NULL,
  `DELETE_REASON_` varchar(4000) CHARACTER SET utf8 COLLATE utf8_bin NULL DEFAULT NULL,
  `PRIORITY_` int(11) NULL DEFAULT NULL,
  `DUE_DATE_` datetime(3) NULL DEFAULT NULL,
  `FORM_KEY_` varchar(255) CHARACTER SET utf8 COLLATE utf8_bin NULL DEFAULT NULL,
  `CATEGORY_` varchar(255) CHARACTER SET utf8 COLLATE utf8_bin NULL DEFAULT NULL,
  `TENANT_ID_` varchar(255) CHARACTER SET utf8 COLLATE utf8_bin NULL DEFAULT '',
  PRIMARY KEY (`ID_`) USING BTREE,
  INDEX `ACT_IDX_HI_TASK_INST_PROCINST`(`PROC_INST_ID_`) USING BTREE
) ENGINE = InnoDB CHARACTER SET = utf8 COLLATE = utf8_bin ROW_FORMAT = Compact;

-- ----------------------------
-- Records of act_hi_taskinst
-- ----------------------------
INSERT INTO `act_hi_taskinst` VALUES ('10024', 'bus_car_package:6:e13c5501-8f26-11ed-b40b-d85ed3d43c87', 'financial', '85a675d0-90c1-11ed-a190-d85ed3d43c87', '85a71217-90c1-11ed-a190-d85ed3d43c87', '', NULL, NULL, NULL, '104', '2023-01-11 09:46:39.797', NULL, NULL, NULL, NULL, 50, NULL, NULL, NULL, '');
INSERT INTO `act_hi_taskinst` VALUES ('12511', 'bus_car_package:6:e13c5501-8f26-11ed-b40b-d85ed3d43c87', 'shopOwner', '12501', '12508', '', NULL, NULL, NULL, '103', '2023-01-11 11:28:05.037', NULL, NULL, NULL, NULL, 50, NULL, NULL, NULL, '');
INSERT INTO `act_hi_taskinst` VALUES ('15011', 'bus_car_package:6:e13c5501-8f26-11ed-b40b-d85ed3d43c87', 'shopOwner', '15001', '15008', '', NULL, NULL, NULL, '103', '2023-01-11 11:31:02.628', NULL, '2023-01-11 11:31:42.074', 39446, NULL, 50, NULL, NULL, NULL, '');
INSERT INTO `act_hi_taskinst` VALUES ('15028', 'bus_car_package:6:e13c5501-8f26-11ed-b40b-d85ed3d43c87', 'financial', '15001', '15008', '', NULL, NULL, NULL, '104', '2023-01-11 11:31:42.093', NULL, NULL, NULL, NULL, 50, NULL, NULL, NULL, '');
INSERT INTO `act_hi_taskinst` VALUES ('17511', 'bus_car_package:6:e13c5501-8f26-11ed-b40b-d85ed3d43c87', 'shopOwner', '17501', '17508', '', NULL, NULL, NULL, '103', '2023-01-11 15:53:21.508', NULL, '2023-01-11 16:12:47.439', 1165931, NULL, 50, NULL, NULL, NULL, '');
INSERT INTO `act_hi_taskinst` VALUES ('1f9ef6fe-90c2-11ed-a190-d85ed3d43c87', 'bus_car_package:6:e13c5501-8f26-11ed-b40b-d85ed3d43c87', 'shopOwner', '1f9ea8d4-90c2-11ed-a190-d85ed3d43c87', '1f9ecfeb-90c2-11ed-a190-d85ed3d43c87', '', NULL, NULL, NULL, '103', '2023-01-10 16:38:14.692', NULL, '2023-01-10 17:20:50.911', 2556219, NULL, 50, NULL, NULL, NULL, '');
INSERT INTO `act_hi_taskinst` VALUES ('20010', 'bus_car_package:6:e13c5501-8f26-11ed-b40b-d85ed3d43c87', 'financial', '17501', '17508', '', NULL, NULL, NULL, '104', '2023-01-11 16:12:47.472', NULL, '2023-01-11 16:13:59.664', 72192, NULL, 50, NULL, NULL, NULL, '');
INSERT INTO `act_hi_taskinst` VALUES ('22511', 'bus_car_package:6:e13c5501-8f26-11ed-b40b-d85ed3d43c87', 'shopOwner', '22501', '22508', '', NULL, NULL, NULL, '103', '2023-03-08 19:27:02.196', NULL, '2023-03-08 19:32:58.855', 356659, NULL, 50, NULL, NULL, NULL, '');
INSERT INTO `act_hi_taskinst` VALUES ('22528', 'bus_car_package:6:e13c5501-8f26-11ed-b40b-d85ed3d43c87', 'financial', '22501', '22508', '', NULL, NULL, NULL, '104', '2023-03-08 19:32:58.876', NULL, '2023-03-08 19:33:51.567', 52691, NULL, 50, NULL, NULL, NULL, '');
INSERT INTO `act_hi_taskinst` VALUES ('2511', 'bus_car_package:6:e13c5501-8f26-11ed-b40b-d85ed3d43c87', 'shopOwner', '2501', '2508', '', NULL, NULL, NULL, '103', '2023-01-10 16:58:05.261', NULL, '2023-01-10 17:03:49.601', 344340, NULL, 50, NULL, NULL, NULL, '');
INSERT INTO `act_hi_taskinst` VALUES ('7510', 'bus_car_package:6:e13c5501-8f26-11ed-b40b-d85ed3d43c87', 'financial', '2501', '2508', '', NULL, NULL, NULL, '104', '2023-01-10 17:03:49.638', NULL, '2023-01-10 17:04:10.151', 20513, NULL, 50, NULL, NULL, NULL, '');
INSERT INTO `act_hi_taskinst` VALUES ('7536', 'bus_car_package:6:e13c5501-8f26-11ed-b40b-d85ed3d43c87', 'financial', '808bc81f-90c3-11ed-aeb9-d85ed3d43c87', '808cb186-90c3-11ed-aeb9-d85ed3d43c87', '', NULL, NULL, NULL, '104', '2023-01-10 17:20:21.972', NULL, '2023-01-10 17:23:42.657', 200685, NULL, 50, NULL, NULL, NULL, '');
INSERT INTO `act_hi_taskinst` VALUES ('7555', 'bus_car_package:6:e13c5501-8f26-11ed-b40b-d85ed3d43c87', 'financial', '1f9ea8d4-90c2-11ed-a190-d85ed3d43c87', '1f9ecfeb-90c2-11ed-a190-d85ed3d43c87', '', NULL, NULL, NULL, '104', '2023-01-10 17:20:50.919', NULL, '2023-01-10 17:24:12.971', 202052, NULL, 50, NULL, NULL, NULL, '');
INSERT INTO `act_hi_taskinst` VALUES ('808f97b9-90c3-11ed-aeb9-d85ed3d43c87', 'bus_car_package:6:e13c5501-8f26-11ed-b40b-d85ed3d43c87', 'shopOwner', '808bc81f-90c3-11ed-aeb9-d85ed3d43c87', '808cb186-90c3-11ed-aeb9-d85ed3d43c87', '', NULL, NULL, NULL, '103', '2023-01-10 16:48:06.827', NULL, '2023-01-10 17:20:21.964', 1935137, NULL, 50, NULL, NULL, NULL, '');
INSERT INTO `act_hi_taskinst` VALUES ('85a95c0a-90c1-11ed-a190-d85ed3d43c87', 'bus_car_package:6:e13c5501-8f26-11ed-b40b-d85ed3d43c87', 'shopOwner', '85a675d0-90c1-11ed-a190-d85ed3d43c87', '85a71217-90c1-11ed-a190-d85ed3d43c87', '', NULL, NULL, NULL, '103', '2023-01-10 16:33:56.391', NULL, '2023-01-11 09:46:39.761', 61963370, NULL, 50, NULL, NULL, NULL, '');
INSERT INTO `act_hi_taskinst` VALUES ('8bcba82e-90ba-11ed-8ce0-d85ed3d43c87', 'bus_car_package:6:e13c5501-8f26-11ed-b40b-d85ed3d43c87', 'shopOwner', '8bc8c1f4-90ba-11ed-8ce0-d85ed3d43c87', '8bc9ac5b-90ba-11ed-8ce0-d85ed3d43c87', '', NULL, NULL, NULL, '103', '2023-01-10 15:44:00.206', NULL, '2023-01-10 16:05:02.552', 1262346, NULL, 50, NULL, NULL, NULL, '');

-- ----------------------------
-- Table structure for act_hi_varinst
-- ----------------------------
DROP TABLE IF EXISTS `act_hi_varinst`;
CREATE TABLE `act_hi_varinst`  (
  `ID_` varchar(64) CHARACTER SET utf8 COLLATE utf8_bin NOT NULL,
  `PROC_INST_ID_` varchar(64) CHARACTER SET utf8 COLLATE utf8_bin NULL DEFAULT NULL,
  `EXECUTION_ID_` varchar(64) CHARACTER SET utf8 COLLATE utf8_bin NULL DEFAULT NULL,
  `TASK_ID_` varchar(64) CHARACTER SET utf8 COLLATE utf8_bin NULL DEFAULT NULL,
  `NAME_` varchar(255) CHARACTER SET utf8 COLLATE utf8_bin NOT NULL,
  `VAR_TYPE_` varchar(100) CHARACTER SET utf8 COLLATE utf8_bin NULL DEFAULT NULL,
  `REV_` int(11) NULL DEFAULT NULL,
  `BYTEARRAY_ID_` varchar(64) CHARACTER SET utf8 COLLATE utf8_bin NULL DEFAULT NULL,
  `DOUBLE_` double NULL DEFAULT NULL,
  `LONG_` bigint(20) NULL DEFAULT NULL,
  `TEXT_` varchar(4000) CHARACTER SET utf8 COLLATE utf8_bin NULL DEFAULT NULL,
  `TEXT2_` varchar(4000) CHARACTER SET utf8 COLLATE utf8_bin NULL DEFAULT NULL,
  `CREATE_TIME_` datetime(3) NULL DEFAULT NULL,
  `LAST_UPDATED_TIME_` datetime(3) NULL DEFAULT NULL,
  PRIMARY KEY (`ID_`) USING BTREE,
  INDEX `ACT_IDX_HI_PROCVAR_PROC_INST`(`PROC_INST_ID_`) USING BTREE,
  INDEX `ACT_IDX_HI_PROCVAR_NAME_TYPE`(`NAME_`, `VAR_TYPE_`) USING BTREE,
  INDEX `ACT_IDX_HI_PROCVAR_TASK_ID`(`TASK_ID_`) USING BTREE
) ENGINE = InnoDB CHARACTER SET = utf8 COLLATE = utf8_bin ROW_FORMAT = Compact;

-- ----------------------------
-- Records of act_hi_varinst
-- ----------------------------
INSERT INTO `act_hi_varinst` VALUES ('03b0608f-9099-11ed-aa72-d85ed3d43c87', '03b0126e-9099-11ed-aa72-d85ed3d43c87', '03b0126e-9099-11ed-aa72-d85ed3d43c87', NULL, 'shopOwnerId', 'long', 1, NULL, NULL, 103, '103', NULL, '2023-01-10 15:45:19.193', '2023-01-10 15:45:19.193');
INSERT INTO `act_hi_varinst` VALUES ('03b0aeb0-9099-11ed-aa72-d85ed3d43c87', '03b0126e-9099-11ed-aa72-d85ed3d43c87', '03b0126e-9099-11ed-aa72-d85ed3d43c87', NULL, 'financeId', 'long', 1, NULL, NULL, 104, '104', NULL, '2023-01-10 15:45:19.196', '2023-01-10 15:45:19.196');
INSERT INTO `act_hi_varinst` VALUES ('03b0fcd1-9099-11ed-aa72-d85ed3d43c87', '03b0126e-9099-11ed-aa72-d85ed3d43c87', '03b0126e-9099-11ed-aa72-d85ed3d43c87', NULL, 'disCountPrice', 'json', 1, NULL, NULL, NULL, '3000.0', NULL, '2023-01-10 15:45:19.197', '2023-01-10 15:45:19.197');
INSERT INTO `act_hi_varinst` VALUES ('10015', '85a675d0-90c1-11ed-a190-d85ed3d43c87', '85a675d0-90c1-11ed-a190-d85ed3d43c87', NULL, 'shopOwner', 'boolean', 0, NULL, NULL, 1, NULL, NULL, '2023-01-11 09:46:39.733', '2023-01-11 09:46:39.733');
INSERT INTO `act_hi_varinst` VALUES ('10025', '85a675d0-90c1-11ed-a190-d85ed3d43c87', '85a71217-90c1-11ed-a190-d85ed3d43c87', '10024', 'shopOwnerId', 'long', 0, NULL, NULL, 103, '103', NULL, '2023-01-11 09:46:39.798', '2023-01-11 09:46:39.798');
INSERT INTO `act_hi_varinst` VALUES ('10027', '85a675d0-90c1-11ed-a190-d85ed3d43c87', '85a71217-90c1-11ed-a190-d85ed3d43c87', '10024', 'shopOwner', 'boolean', 0, NULL, NULL, 1, NULL, NULL, '2023-01-11 09:46:39.799', '2023-01-11 09:46:39.799');
INSERT INTO `act_hi_varinst` VALUES ('10029', '85a675d0-90c1-11ed-a190-d85ed3d43c87', '85a71217-90c1-11ed-a190-d85ed3d43c87', '10024', 'financeId', 'long', 0, NULL, NULL, 104, '104', NULL, '2023-01-11 09:46:39.799', '2023-01-11 09:46:39.799');
INSERT INTO `act_hi_varinst` VALUES ('10031', '85a675d0-90c1-11ed-a190-d85ed3d43c87', '85a71217-90c1-11ed-a190-d85ed3d43c87', '10024', 'disCountPrice', 'long', 0, NULL, NULL, 3333, '3333', NULL, '2023-01-11 09:46:39.799', '2023-01-11 09:46:39.799');
INSERT INTO `act_hi_varinst` VALUES ('12502', '12501', '12501', NULL, 'shopOwnerId', 'long', 0, NULL, NULL, 103, '103', NULL, '2023-01-11 11:28:05.018', '2023-01-11 11:28:05.018');
INSERT INTO `act_hi_varinst` VALUES ('12504', '12501', '12501', NULL, 'discountPrice', 'long', 0, NULL, NULL, 3000, '3000', NULL, '2023-01-11 11:28:05.019', '2023-01-11 11:28:05.019');
INSERT INTO `act_hi_varinst` VALUES ('12506', '12501', '12501', NULL, 'financeId', 'long', 0, NULL, NULL, 104, '104', NULL, '2023-01-11 11:28:05.019', '2023-01-11 11:28:05.019');
INSERT INTO `act_hi_varinst` VALUES ('12512', '12501', '12508', '12511', 'shopOwnerId', 'long', 0, NULL, NULL, 103, '103', NULL, '2023-01-11 11:28:05.041', '2023-01-11 11:28:05.041');
INSERT INTO `act_hi_varinst` VALUES ('12514', '12501', '12508', '12511', 'discountPrice', 'long', 0, NULL, NULL, 3000, '3000', NULL, '2023-01-11 11:28:05.042', '2023-01-11 11:28:05.042');
INSERT INTO `act_hi_varinst` VALUES ('12516', '12501', '12508', '12511', 'financeId', 'long', 0, NULL, NULL, 104, '104', NULL, '2023-01-11 11:28:05.042', '2023-01-11 11:28:05.042');
INSERT INTO `act_hi_varinst` VALUES ('15002', '15001', '15001', NULL, 'shopOwnerId', 'long', 1, NULL, NULL, 103, '103', NULL, '2023-01-11 11:31:02.610', '2023-01-11 11:31:42.066');
INSERT INTO `act_hi_varinst` VALUES ('15004', '15001', '15001', NULL, 'financeId', 'long', 1, NULL, NULL, 104, '104', NULL, '2023-01-11 11:31:02.611', '2023-01-11 11:31:42.069');
INSERT INTO `act_hi_varinst` VALUES ('15006', '15001', '15001', NULL, 'disCountPrice', 'long', 1, NULL, NULL, 3000, '3000', NULL, '2023-01-11 11:31:02.611', '2023-01-11 11:31:42.070');
INSERT INTO `act_hi_varinst` VALUES ('15012', '15001', '15008', '15011', 'shopOwnerId', 'long', 0, NULL, NULL, 103, '103', NULL, '2023-01-11 11:31:02.631', '2023-01-11 11:31:02.631');
INSERT INTO `act_hi_varinst` VALUES ('15014', '15001', '15008', '15011', 'financeId', 'long', 0, NULL, NULL, 104, '104', NULL, '2023-01-11 11:31:02.631', '2023-01-11 11:31:02.631');
INSERT INTO `act_hi_varinst` VALUES ('15016', '15001', '15008', '15011', 'disCountPrice', 'long', 0, NULL, NULL, 3000, '3000', NULL, '2023-01-11 11:31:02.631', '2023-01-11 11:31:02.631');
INSERT INTO `act_hi_varinst` VALUES ('15019', '15001', '15001', NULL, 'shopOwner', 'boolean', 0, NULL, NULL, 1, NULL, NULL, '2023-01-11 11:31:42.047', '2023-01-11 11:31:42.047');
INSERT INTO `act_hi_varinst` VALUES ('15029', '15001', '15008', '15028', 'shopOwnerId', 'long', 0, NULL, NULL, 103, '103', NULL, '2023-01-11 11:31:42.094', '2023-01-11 11:31:42.094');
INSERT INTO `act_hi_varinst` VALUES ('15031', '15001', '15008', '15028', 'shopOwner', 'boolean', 0, NULL, NULL, 1, NULL, NULL, '2023-01-11 11:31:42.094', '2023-01-11 11:31:42.094');
INSERT INTO `act_hi_varinst` VALUES ('15033', '15001', '15008', '15028', 'disCountPrice', 'long', 0, NULL, NULL, 3000, '3000', NULL, '2023-01-11 11:31:42.095', '2023-01-11 11:31:42.095');
INSERT INTO `act_hi_varinst` VALUES ('15035', '15001', '15008', '15028', 'financeId', 'long', 0, NULL, NULL, 104, '104', NULL, '2023-01-11 11:31:42.095', '2023-01-11 11:31:42.095');
INSERT INTO `act_hi_varinst` VALUES ('17502', '17501', '17501', NULL, 'shopOwnerId', 'long', 2, NULL, NULL, 103, '103', NULL, '2023-01-11 15:53:21.493', '2023-01-11 16:13:59.660');
INSERT INTO `act_hi_varinst` VALUES ('17504', '17501', '17501', NULL, 'financeId', 'long', 2, NULL, NULL, 104, '104', NULL, '2023-01-11 15:53:21.494', '2023-01-11 16:13:59.662');
INSERT INTO `act_hi_varinst` VALUES ('17506', '17501', '17501', NULL, 'disCountPrice', 'long', 2, NULL, NULL, 3999, '3999', NULL, '2023-01-11 15:53:21.494', '2023-01-11 16:13:59.661');
INSERT INTO `act_hi_varinst` VALUES ('17512', '17501', '17508', '17511', 'shopOwnerId', 'long', 0, NULL, NULL, 103, '103', NULL, '2023-01-11 15:53:21.510', '2023-01-11 15:53:21.510');
INSERT INTO `act_hi_varinst` VALUES ('17514', '17501', '17508', '17511', 'financeId', 'long', 0, NULL, NULL, 104, '104', NULL, '2023-01-11 15:53:21.510', '2023-01-11 15:53:21.510');
INSERT INTO `act_hi_varinst` VALUES ('17516', '17501', '17508', '17511', 'disCountPrice', 'long', 0, NULL, NULL, 3999, '3999', NULL, '2023-01-11 15:53:21.510', '2023-01-11 15:53:21.510');
INSERT INTO `act_hi_varinst` VALUES ('1f9ea8d5-90c2-11ed-a190-d85ed3d43c87', '1f9ea8d4-90c2-11ed-a190-d85ed3d43c87', '1f9ea8d4-90c2-11ed-a190-d85ed3d43c87', NULL, 'shopOwnerId', 'long', 2, NULL, NULL, 103, '103', NULL, '2023-01-10 16:38:14.690', '2023-01-10 17:24:12.965');
INSERT INTO `act_hi_varinst` VALUES ('1f9ecfe7-90c2-11ed-a190-d85ed3d43c87', '1f9ea8d4-90c2-11ed-a190-d85ed3d43c87', '1f9ea8d4-90c2-11ed-a190-d85ed3d43c87', NULL, 'financeId', 'long', 2, NULL, NULL, 104, '104', NULL, '2023-01-10 16:38:14.691', '2023-01-10 17:24:12.967');
INSERT INTO `act_hi_varinst` VALUES ('1f9ecfe9-90c2-11ed-a190-d85ed3d43c87', '1f9ea8d4-90c2-11ed-a190-d85ed3d43c87', '1f9ea8d4-90c2-11ed-a190-d85ed3d43c87', NULL, 'disCountPrice', 'long', 2, NULL, NULL, 3000, '3000', NULL, '2023-01-10 16:38:14.691', '2023-01-10 17:24:12.968');
INSERT INTO `act_hi_varinst` VALUES ('1f9f1e0f-90c2-11ed-a190-d85ed3d43c87', '1f9ea8d4-90c2-11ed-a190-d85ed3d43c87', '1f9ecfeb-90c2-11ed-a190-d85ed3d43c87', '1f9ef6fe-90c2-11ed-a190-d85ed3d43c87', 'shopOwnerId', 'long', 0, NULL, NULL, 103, '103', NULL, '2023-01-10 16:38:14.693', '2023-01-10 16:38:14.693');
INSERT INTO `act_hi_varinst` VALUES ('1f9f4521-90c2-11ed-a190-d85ed3d43c87', '1f9ea8d4-90c2-11ed-a190-d85ed3d43c87', '1f9ecfeb-90c2-11ed-a190-d85ed3d43c87', '1f9ef6fe-90c2-11ed-a190-d85ed3d43c87', 'financeId', 'long', 0, NULL, NULL, 104, '104', NULL, '2023-01-10 16:38:14.694', '2023-01-10 16:38:14.694');
INSERT INTO `act_hi_varinst` VALUES ('1f9f4523-90c2-11ed-a190-d85ed3d43c87', '1f9ea8d4-90c2-11ed-a190-d85ed3d43c87', '1f9ecfeb-90c2-11ed-a190-d85ed3d43c87', '1f9ef6fe-90c2-11ed-a190-d85ed3d43c87', 'disCountPrice', 'long', 0, NULL, NULL, 3000, '3000', NULL, '2023-01-10 16:38:14.694', '2023-01-10 16:38:14.694');
INSERT INTO `act_hi_varinst` VALUES ('20001', '17501', '17501', NULL, 'shopOwner', 'boolean', 1, NULL, NULL, 0, NULL, NULL, '2023-01-11 16:12:47.398', '2023-01-11 16:13:59.661');
INSERT INTO `act_hi_varinst` VALUES ('20011', '17501', '17508', '20010', 'shopOwnerId', 'long', 0, NULL, NULL, 103, '103', NULL, '2023-01-11 16:12:47.474', '2023-01-11 16:12:47.474');
INSERT INTO `act_hi_varinst` VALUES ('20013', '17501', '17508', '20010', 'shopOwner', 'boolean', 1, NULL, NULL, 0, NULL, NULL, '2023-01-11 16:12:47.474', '2023-01-11 16:13:59.641');
INSERT INTO `act_hi_varinst` VALUES ('20015', '17501', '17508', '20010', 'disCountPrice', 'long', 0, NULL, NULL, 3999, '3999', NULL, '2023-01-11 16:12:47.474', '2023-01-11 16:12:47.474');
INSERT INTO `act_hi_varinst` VALUES ('20017', '17501', '17508', '20010', 'financeId', 'long', 0, NULL, NULL, 104, '104', NULL, '2023-01-11 16:12:47.474', '2023-01-11 16:12:47.474');
INSERT INTO `act_hi_varinst` VALUES ('22502', '22501', '22501', NULL, 'shopOwnerId', 'long', 2, NULL, NULL, 103, '103', NULL, '2023-03-08 19:27:02.170', '2023-03-08 19:33:51.561');
INSERT INTO `act_hi_varinst` VALUES ('22504', '22501', '22501', NULL, 'financeId', 'long', 2, NULL, NULL, 104, '104', NULL, '2023-03-08 19:27:02.172', '2023-03-08 19:33:51.563');
INSERT INTO `act_hi_varinst` VALUES ('22506', '22501', '22501', NULL, 'disCountPrice', 'long', 2, NULL, NULL, 3001, '3001', NULL, '2023-03-08 19:27:02.172', '2023-03-08 19:33:51.565');
INSERT INTO `act_hi_varinst` VALUES ('22512', '22501', '22508', '22511', 'shopOwnerId', 'long', 0, NULL, NULL, 103, '103', NULL, '2023-03-08 19:27:02.198', '2023-03-08 19:27:02.198');
INSERT INTO `act_hi_varinst` VALUES ('22514', '22501', '22508', '22511', 'financeId', 'long', 0, NULL, NULL, 104, '104', NULL, '2023-03-08 19:27:02.198', '2023-03-08 19:27:02.198');
INSERT INTO `act_hi_varinst` VALUES ('22516', '22501', '22508', '22511', 'disCountPrice', 'long', 0, NULL, NULL, 3001, '3001', NULL, '2023-03-08 19:27:02.199', '2023-03-08 19:27:02.199');
INSERT INTO `act_hi_varinst` VALUES ('22520', '22501', '22501', NULL, 'shopOwner', 'boolean', 1, NULL, NULL, 1, NULL, NULL, '2023-03-08 19:32:58.834', '2023-03-08 19:33:51.562');
INSERT INTO `act_hi_varinst` VALUES ('22529', '22501', '22508', '22528', 'shopOwnerId', 'long', 0, NULL, NULL, 103, '103', NULL, '2023-03-08 19:32:58.878', '2023-03-08 19:32:58.878');
INSERT INTO `act_hi_varinst` VALUES ('22531', '22501', '22508', '22528', 'shopOwner', 'boolean', 0, NULL, NULL, 1, NULL, NULL, '2023-03-08 19:32:58.878', '2023-03-08 19:32:58.878');
INSERT INTO `act_hi_varinst` VALUES ('22533', '22501', '22508', '22528', 'financeId', 'long', 0, NULL, NULL, 104, '104', NULL, '2023-03-08 19:32:58.878', '2023-03-08 19:32:58.878');
INSERT INTO `act_hi_varinst` VALUES ('22535', '22501', '22508', '22528', 'disCountPrice', 'long', 0, NULL, NULL, 3001, '3001', NULL, '2023-03-08 19:32:58.879', '2023-03-08 19:32:58.879');
INSERT INTO `act_hi_varinst` VALUES ('22539', '22501', '22501', NULL, 'financial', 'boolean', 0, NULL, NULL, 1, NULL, NULL, '2023-03-08 19:33:51.541', '2023-03-08 19:33:51.541');
INSERT INTO `act_hi_varinst` VALUES ('2502', '2501', '2501', NULL, 'shopOwnerId', 'long', 2, NULL, NULL, 103, '103', NULL, '2023-01-10 16:58:05.241', '2023-01-10 17:04:10.146');
INSERT INTO `act_hi_varinst` VALUES ('2504', '2501', '2501', NULL, 'financeId', 'long', 2, NULL, NULL, 104, '104', NULL, '2023-01-10 16:58:05.243', '2023-01-10 17:04:10.148');
INSERT INTO `act_hi_varinst` VALUES ('2506', '2501', '2501', NULL, 'disCountPrice', 'long', 2, NULL, NULL, 3000, '3000', NULL, '2023-01-10 16:58:05.243', '2023-01-10 17:04:10.149');
INSERT INTO `act_hi_varinst` VALUES ('2512', '2501', '2508', '2511', 'shopOwnerId', 'long', 0, NULL, NULL, 103, '103', NULL, '2023-01-10 16:58:05.263', '2023-01-10 16:58:05.263');
INSERT INTO `act_hi_varinst` VALUES ('2514', '2501', '2508', '2511', 'financeId', 'long', 0, NULL, NULL, 104, '104', NULL, '2023-01-10 16:58:05.263', '2023-01-10 16:58:05.263');
INSERT INTO `act_hi_varinst` VALUES ('2516', '2501', '2508', '2511', 'disCountPrice', 'long', 0, NULL, NULL, 3000, '3000', NULL, '2023-01-10 16:58:05.263', '2023-01-10 16:58:05.263');
INSERT INTO `act_hi_varinst` VALUES ('7501', '2501', '2501', NULL, 'shopOwner', 'boolean', 1, NULL, NULL, 1, NULL, NULL, '2023-01-10 17:03:49.560', '2023-01-10 17:04:10.146');
INSERT INTO `act_hi_varinst` VALUES ('7511', '2501', '2508', '7510', 'shopOwnerId', 'long', 0, NULL, NULL, 103, '103', NULL, '2023-01-10 17:03:49.639', '2023-01-10 17:03:49.639');
INSERT INTO `act_hi_varinst` VALUES ('7513', '2501', '2508', '7510', 'shopOwner', 'boolean', 1, NULL, NULL, 1, NULL, NULL, '2023-01-10 17:03:49.639', '2023-01-10 17:04:10.125');
INSERT INTO `act_hi_varinst` VALUES ('7515', '2501', '2508', '7510', 'financeId', 'long', 0, NULL, NULL, 104, '104', NULL, '2023-01-10 17:03:49.639', '2023-01-10 17:03:49.639');
INSERT INTO `act_hi_varinst` VALUES ('7517', '2501', '2508', '7510', 'disCountPrice', 'long', 0, NULL, NULL, 3000, '3000', NULL, '2023-01-10 17:03:49.639', '2023-01-10 17:03:49.639');
INSERT INTO `act_hi_varinst` VALUES ('7527', '808bc81f-90c3-11ed-aeb9-d85ed3d43c87', '808bc81f-90c3-11ed-aeb9-d85ed3d43c87', NULL, 'shopOwner', 'boolean', 1, NULL, NULL, 1, NULL, NULL, '2023-01-10 17:20:21.946', '2023-01-10 17:23:42.648');
INSERT INTO `act_hi_varinst` VALUES ('7537', '808bc81f-90c3-11ed-aeb9-d85ed3d43c87', '808cb186-90c3-11ed-aeb9-d85ed3d43c87', '7536', 'shopOwnerId', 'long', 0, NULL, NULL, 103, '103', NULL, '2023-01-10 17:20:21.972', '2023-01-10 17:20:21.972');
INSERT INTO `act_hi_varinst` VALUES ('7539', '808bc81f-90c3-11ed-aeb9-d85ed3d43c87', '808cb186-90c3-11ed-aeb9-d85ed3d43c87', '7536', 'shopOwner', 'boolean', 1, NULL, NULL, 1, NULL, NULL, '2023-01-10 17:20:21.973', '2023-01-10 17:23:42.592');
INSERT INTO `act_hi_varinst` VALUES ('7541', '808bc81f-90c3-11ed-aeb9-d85ed3d43c87', '808cb186-90c3-11ed-aeb9-d85ed3d43c87', '7536', 'disCountPrice', 'long', 0, NULL, NULL, 3000, '3000', NULL, '2023-01-10 17:20:21.973', '2023-01-10 17:20:21.973');
INSERT INTO `act_hi_varinst` VALUES ('7543', '808bc81f-90c3-11ed-aeb9-d85ed3d43c87', '808cb186-90c3-11ed-aeb9-d85ed3d43c87', '7536', 'financeId', 'long', 0, NULL, NULL, 104, '104', NULL, '2023-01-10 17:20:21.973', '2023-01-10 17:20:21.973');
INSERT INTO `act_hi_varinst` VALUES ('7546', '1f9ea8d4-90c2-11ed-a190-d85ed3d43c87', '1f9ea8d4-90c2-11ed-a190-d85ed3d43c87', NULL, 'shopOwner', 'boolean', 1, NULL, NULL, 1, NULL, NULL, '2023-01-10 17:20:50.893', '2023-01-10 17:24:12.966');
INSERT INTO `act_hi_varinst` VALUES ('7556', '1f9ea8d4-90c2-11ed-a190-d85ed3d43c87', '1f9ecfeb-90c2-11ed-a190-d85ed3d43c87', '7555', 'shopOwnerId', 'long', 0, NULL, NULL, 103, '103', NULL, '2023-01-10 17:20:50.919', '2023-01-10 17:20:50.919');
INSERT INTO `act_hi_varinst` VALUES ('7558', '1f9ea8d4-90c2-11ed-a190-d85ed3d43c87', '1f9ecfeb-90c2-11ed-a190-d85ed3d43c87', '7555', 'shopOwner', 'boolean', 1, NULL, NULL, 1, NULL, NULL, '2023-01-10 17:20:50.920', '2023-01-10 17:24:12.949');
INSERT INTO `act_hi_varinst` VALUES ('7560', '1f9ea8d4-90c2-11ed-a190-d85ed3d43c87', '1f9ecfeb-90c2-11ed-a190-d85ed3d43c87', '7555', 'financeId', 'long', 0, NULL, NULL, 104, '104', NULL, '2023-01-10 17:20:50.920', '2023-01-10 17:20:50.920');
INSERT INTO `act_hi_varinst` VALUES ('7562', '1f9ea8d4-90c2-11ed-a190-d85ed3d43c87', '1f9ecfeb-90c2-11ed-a190-d85ed3d43c87', '7555', 'disCountPrice', 'long', 0, NULL, NULL, 3000, '3000', NULL, '2023-01-10 17:20:50.920', '2023-01-10 17:20:50.920');
INSERT INTO `act_hi_varinst` VALUES ('7b802e3c-90bd-11ed-9261-d85ed3d43c87', '8bc8c1f4-90ba-11ed-8ce0-d85ed3d43c87', '8bc8c1f4-90ba-11ed-8ce0-d85ed3d43c87', NULL, 'shopOwner', 'null', 0, NULL, NULL, NULL, NULL, NULL, '2023-01-10 16:05:01.373', '2023-01-10 16:05:01.373');
INSERT INTO `act_hi_varinst` VALUES ('808c3c50-90c3-11ed-aeb9-d85ed3d43c87', '808bc81f-90c3-11ed-aeb9-d85ed3d43c87', '808bc81f-90c3-11ed-aeb9-d85ed3d43c87', NULL, 'shopOwnerId', 'long', 2, NULL, NULL, 103, '103', NULL, '2023-01-10 16:48:06.805', '2023-01-10 17:23:42.646');
INSERT INTO `act_hi_varinst` VALUES ('808c8a72-90c3-11ed-aeb9-d85ed3d43c87', '808bc81f-90c3-11ed-aeb9-d85ed3d43c87', '808bc81f-90c3-11ed-aeb9-d85ed3d43c87', NULL, 'financeId', 'long', 2, NULL, NULL, 104, '104', NULL, '2023-01-10 16:48:06.807', '2023-01-10 17:23:42.651');
INSERT INTO `act_hi_varinst` VALUES ('808c8a74-90c3-11ed-aeb9-d85ed3d43c87', '808bc81f-90c3-11ed-aeb9-d85ed3d43c87', '808bc81f-90c3-11ed-aeb9-d85ed3d43c87', NULL, 'disCountPrice', 'long', 2, NULL, NULL, 3000, '3000', NULL, '2023-01-10 16:48:06.807', '2023-01-10 17:23:42.649');
INSERT INTO `act_hi_varinst` VALUES ('808fe5da-90c3-11ed-aeb9-d85ed3d43c87', '808bc81f-90c3-11ed-aeb9-d85ed3d43c87', '808cb186-90c3-11ed-aeb9-d85ed3d43c87', '808f97b9-90c3-11ed-aeb9-d85ed3d43c87', 'shopOwnerId', 'long', 0, NULL, NULL, 103, '103', NULL, '2023-01-10 16:48:06.829', '2023-01-10 16:48:06.829');
INSERT INTO `act_hi_varinst` VALUES ('808fe5dc-90c3-11ed-aeb9-d85ed3d43c87', '808bc81f-90c3-11ed-aeb9-d85ed3d43c87', '808cb186-90c3-11ed-aeb9-d85ed3d43c87', '808f97b9-90c3-11ed-aeb9-d85ed3d43c87', 'financeId', 'long', 0, NULL, NULL, 104, '104', NULL, '2023-01-10 16:48:06.829', '2023-01-10 16:48:06.829');
INSERT INTO `act_hi_varinst` VALUES ('808fe5de-90c3-11ed-aeb9-d85ed3d43c87', '808bc81f-90c3-11ed-aeb9-d85ed3d43c87', '808cb186-90c3-11ed-aeb9-d85ed3d43c87', '808f97b9-90c3-11ed-aeb9-d85ed3d43c87', 'disCountPrice', 'long', 0, NULL, NULL, 3000, '3000', NULL, '2023-01-10 16:48:06.829', '2023-01-10 16:48:06.829');
INSERT INTO `act_hi_varinst` VALUES ('85a69ce1-90c1-11ed-a190-d85ed3d43c87', '85a675d0-90c1-11ed-a190-d85ed3d43c87', '85a675d0-90c1-11ed-a190-d85ed3d43c87', NULL, 'shopOwnerId', 'long', 1, NULL, NULL, 103, '103', NULL, '2023-01-10 16:33:56.373', '2023-01-11 09:46:39.756');
INSERT INTO `act_hi_varinst` VALUES ('85a6eb03-90c1-11ed-a190-d85ed3d43c87', '85a675d0-90c1-11ed-a190-d85ed3d43c87', '85a675d0-90c1-11ed-a190-d85ed3d43c87', NULL, 'financeId', 'long', 1, NULL, NULL, 104, '104', NULL, '2023-01-10 16:33:56.375', '2023-01-11 09:46:39.757');
INSERT INTO `act_hi_varinst` VALUES ('85a6eb05-90c1-11ed-a190-d85ed3d43c87', '85a675d0-90c1-11ed-a190-d85ed3d43c87', '85a675d0-90c1-11ed-a190-d85ed3d43c87', NULL, 'disCountPrice', 'long', 1, NULL, NULL, 3333, '3333', NULL, '2023-01-10 16:33:56.375', '2023-01-11 09:46:39.758');
INSERT INTO `act_hi_varinst` VALUES ('85a9d13b-90c1-11ed-a190-d85ed3d43c87', '85a675d0-90c1-11ed-a190-d85ed3d43c87', '85a71217-90c1-11ed-a190-d85ed3d43c87', '85a95c0a-90c1-11ed-a190-d85ed3d43c87', 'shopOwnerId', 'long', 0, NULL, NULL, 103, '103', NULL, '2023-01-10 16:33:56.394', '2023-01-10 16:33:56.394');
INSERT INTO `act_hi_varinst` VALUES ('85a9f84d-90c1-11ed-a190-d85ed3d43c87', '85a675d0-90c1-11ed-a190-d85ed3d43c87', '85a71217-90c1-11ed-a190-d85ed3d43c87', '85a95c0a-90c1-11ed-a190-d85ed3d43c87', 'financeId', 'long', 0, NULL, NULL, 104, '104', NULL, '2023-01-10 16:33:56.395', '2023-01-10 16:33:56.395');
INSERT INTO `act_hi_varinst` VALUES ('85a9f84f-90c1-11ed-a190-d85ed3d43c87', '85a675d0-90c1-11ed-a190-d85ed3d43c87', '85a71217-90c1-11ed-a190-d85ed3d43c87', '85a95c0a-90c1-11ed-a190-d85ed3d43c87', 'disCountPrice', 'long', 0, NULL, NULL, 3333, '3333', NULL, '2023-01-10 16:33:56.395', '2023-01-10 16:33:56.395');
INSERT INTO `act_hi_varinst` VALUES ('8bc91015-90ba-11ed-8ce0-d85ed3d43c87', '8bc8c1f4-90ba-11ed-8ce0-d85ed3d43c87', '8bc8c1f4-90ba-11ed-8ce0-d85ed3d43c87', NULL, 'shopOwnerId', 'long', 1, NULL, NULL, 103, '103', NULL, '2023-01-10 15:44:00.188', '2023-01-10 16:05:02.471');
INSERT INTO `act_hi_varinst` VALUES ('8bc95e37-90ba-11ed-8ce0-d85ed3d43c87', '8bc8c1f4-90ba-11ed-8ce0-d85ed3d43c87', '8bc8c1f4-90ba-11ed-8ce0-d85ed3d43c87', NULL, 'financeId', 'long', 1, NULL, NULL, 104, '104', NULL, '2023-01-10 15:44:00.190', '2023-01-10 16:05:02.486');
INSERT INTO `act_hi_varinst` VALUES ('8bc98549-90ba-11ed-8ce0-d85ed3d43c87', '8bc8c1f4-90ba-11ed-8ce0-d85ed3d43c87', '8bc8c1f4-90ba-11ed-8ce0-d85ed3d43c87', NULL, 'disCountPrice', 'json', 1, NULL, NULL, NULL, '3333.0', NULL, '2023-01-10 15:44:00.191', '2023-01-10 16:05:02.506');
INSERT INTO `act_hi_varinst` VALUES ('8bcbf64f-90ba-11ed-8ce0-d85ed3d43c87', '8bc8c1f4-90ba-11ed-8ce0-d85ed3d43c87', '8bc9ac5b-90ba-11ed-8ce0-d85ed3d43c87', '8bcba82e-90ba-11ed-8ce0-d85ed3d43c87', 'shopOwnerId', 'long', 0, NULL, NULL, 103, '103', NULL, '2023-01-10 15:44:00.207', '2023-01-10 15:44:00.207');
INSERT INTO `act_hi_varinst` VALUES ('8bcbf651-90ba-11ed-8ce0-d85ed3d43c87', '8bc8c1f4-90ba-11ed-8ce0-d85ed3d43c87', '8bc9ac5b-90ba-11ed-8ce0-d85ed3d43c87', '8bcba82e-90ba-11ed-8ce0-d85ed3d43c87', 'financeId', 'long', 0, NULL, NULL, 104, '104', NULL, '2023-01-10 15:44:00.208', '2023-01-10 15:44:00.208');
INSERT INTO `act_hi_varinst` VALUES ('8bcc1d63-90ba-11ed-8ce0-d85ed3d43c87', '8bc8c1f4-90ba-11ed-8ce0-d85ed3d43c87', '8bc9ac5b-90ba-11ed-8ce0-d85ed3d43c87', '8bcba82e-90ba-11ed-8ce0-d85ed3d43c87', 'disCountPrice', 'json', 0, NULL, NULL, NULL, '3333.00', NULL, '2023-01-10 15:44:00.208', '2023-01-10 15:44:00.208');
INSERT INTO `act_hi_varinst` VALUES ('badcc286-90ba-11ed-8ce0-d85ed3d43c87', '03b0126e-9099-11ed-aa72-d85ed3d43c87', '03b0126e-9099-11ed-aa72-d85ed3d43c87', NULL, 'shopOwner', 'null', 0, NULL, NULL, NULL, NULL, NULL, '2023-01-10 15:45:19.170', '2023-01-10 15:45:19.170');

-- ----------------------------
-- Table structure for act_procdef_info
-- ----------------------------
DROP TABLE IF EXISTS `act_procdef_info`;
CREATE TABLE `act_procdef_info`  (
  `ID_` varchar(64) CHARACTER SET utf8 COLLATE utf8_bin NOT NULL,
  `PROC_DEF_ID_` varchar(64) CHARACTER SET utf8 COLLATE utf8_bin NOT NULL,
  `REV_` int(11) NULL DEFAULT NULL,
  `INFO_JSON_ID_` varchar(64) CHARACTER SET utf8 COLLATE utf8_bin NULL DEFAULT NULL,
  PRIMARY KEY (`ID_`) USING BTREE,
  UNIQUE INDEX `ACT_UNIQ_INFO_PROCDEF`(`PROC_DEF_ID_`) USING BTREE,
  INDEX `ACT_IDX_INFO_PROCDEF`(`PROC_DEF_ID_`) USING BTREE,
  INDEX `ACT_FK_INFO_JSON_BA`(`INFO_JSON_ID_`) USING BTREE,
  CONSTRAINT `ACT_FK_INFO_JSON_BA` FOREIGN KEY (`INFO_JSON_ID_`) REFERENCES `act_ge_bytearray` (`ID_`) ON DELETE RESTRICT ON UPDATE RESTRICT,
  CONSTRAINT `ACT_FK_INFO_PROCDEF` FOREIGN KEY (`PROC_DEF_ID_`) REFERENCES `act_re_procdef` (`ID_`) ON DELETE RESTRICT ON UPDATE RESTRICT
) ENGINE = InnoDB CHARACTER SET = utf8 COLLATE = utf8_bin ROW_FORMAT = Compact;

-- ----------------------------
-- Records of act_procdef_info
-- ----------------------------

-- ----------------------------
-- Table structure for act_re_deployment
-- ----------------------------
DROP TABLE IF EXISTS `act_re_deployment`;
CREATE TABLE `act_re_deployment`  (
  `ID_` varchar(64) CHARACTER SET utf8 COLLATE utf8_bin NOT NULL DEFAULT '',
  `NAME_` varchar(255) CHARACTER SET utf8 COLLATE utf8_bin NULL DEFAULT NULL,
  `CATEGORY_` varchar(255) CHARACTER SET utf8 COLLATE utf8_bin NULL DEFAULT NULL,
  `KEY_` varchar(255) CHARACTER SET utf8 COLLATE utf8_bin NULL DEFAULT NULL,
  `TENANT_ID_` varchar(255) CHARACTER SET utf8 COLLATE utf8_bin NULL DEFAULT '',
  `DEPLOY_TIME_` timestamp(3) NULL DEFAULT NULL,
  `ENGINE_VERSION_` varchar(255) CHARACTER SET utf8 COLLATE utf8_bin NULL DEFAULT NULL,
  PRIMARY KEY (`ID_`) USING BTREE
) ENGINE = InnoDB CHARACTER SET = utf8 COLLATE = utf8_bin ROW_FORMAT = Compact;

-- ----------------------------
-- Records of act_re_deployment
-- ----------------------------
INSERT INTO `act_re_deployment` VALUES ('22546', NULL, NULL, NULL, '', '2023-03-08 19:35:01.015', NULL);
INSERT INTO `act_re_deployment` VALUES ('22549', NULL, NULL, NULL, '', '2023-03-08 19:35:43.383', NULL);
INSERT INTO `act_re_deployment` VALUES ('491a0ff7-8e61-11ed-90b5-d85ed3d43c87', NULL, NULL, NULL, '', '2023-01-07 16:00:00.776', NULL);
INSERT INTO `act_re_deployment` VALUES ('64cd451b-8e52-11ed-9a4b-d85ed3d43c87', NULL, NULL, NULL, '', '2023-01-07 14:13:24.799', NULL);
INSERT INTO `act_re_deployment` VALUES ('81d0a35e-8e52-11ed-9a4b-d85ed3d43c87', NULL, NULL, NULL, '', '2023-01-07 14:14:13.475', NULL);
INSERT INTO `act_re_deployment` VALUES ('aa0b9bdc-8f26-11ed-b40b-d85ed3d43c87', NULL, NULL, NULL, '', '2023-01-08 15:32:54.277', NULL);
INSERT INTO `act_re_deployment` VALUES ('e13920af-8f26-11ed-b40b-d85ed3d43c87', NULL, NULL, NULL, '', '2023-01-08 15:34:26.850', NULL);
INSERT INTO `act_re_deployment` VALUES ('f3133d19-8e52-11ed-9ab8-d85ed3d43c87', NULL, NULL, NULL, '', '2023-01-07 14:17:23.494', NULL);

-- ----------------------------
-- Table structure for act_re_model
-- ----------------------------
DROP TABLE IF EXISTS `act_re_model`;
CREATE TABLE `act_re_model`  (
  `ID_` varchar(64) CHARACTER SET utf8 COLLATE utf8_bin NOT NULL,
  `REV_` int(11) NULL DEFAULT NULL,
  `NAME_` varchar(255) CHARACTER SET utf8 COLLATE utf8_bin NULL DEFAULT NULL,
  `KEY_` varchar(255) CHARACTER SET utf8 COLLATE utf8_bin NULL DEFAULT NULL,
  `CATEGORY_` varchar(255) CHARACTER SET utf8 COLLATE utf8_bin NULL DEFAULT NULL,
  `CREATE_TIME_` timestamp(3) NULL DEFAULT NULL,
  `LAST_UPDATE_TIME_` timestamp(3) NULL DEFAULT NULL,
  `VERSION_` int(11) NULL DEFAULT NULL,
  `META_INFO_` varchar(4000) CHARACTER SET utf8 COLLATE utf8_bin NULL DEFAULT NULL,
  `DEPLOYMENT_ID_` varchar(64) CHARACTER SET utf8 COLLATE utf8_bin NULL DEFAULT NULL,
  `EDITOR_SOURCE_VALUE_ID_` varchar(64) CHARACTER SET utf8 COLLATE utf8_bin NULL DEFAULT NULL,
  `EDITOR_SOURCE_EXTRA_VALUE_ID_` varchar(64) CHARACTER SET utf8 COLLATE utf8_bin NULL DEFAULT NULL,
  `TENANT_ID_` varchar(255) CHARACTER SET utf8 COLLATE utf8_bin NULL DEFAULT '',
  PRIMARY KEY (`ID_`) USING BTREE,
  INDEX `ACT_FK_MODEL_SOURCE`(`EDITOR_SOURCE_VALUE_ID_`) USING BTREE,
  INDEX `ACT_FK_MODEL_SOURCE_EXTRA`(`EDITOR_SOURCE_EXTRA_VALUE_ID_`) USING BTREE,
  INDEX `ACT_FK_MODEL_DEPLOYMENT`(`DEPLOYMENT_ID_`) USING BTREE,
  CONSTRAINT `ACT_FK_MODEL_DEPLOYMENT` FOREIGN KEY (`DEPLOYMENT_ID_`) REFERENCES `act_re_deployment` (`ID_`) ON DELETE RESTRICT ON UPDATE RESTRICT,
  CONSTRAINT `ACT_FK_MODEL_SOURCE` FOREIGN KEY (`EDITOR_SOURCE_VALUE_ID_`) REFERENCES `act_ge_bytearray` (`ID_`) ON DELETE RESTRICT ON UPDATE RESTRICT,
  CONSTRAINT `ACT_FK_MODEL_SOURCE_EXTRA` FOREIGN KEY (`EDITOR_SOURCE_EXTRA_VALUE_ID_`) REFERENCES `act_ge_bytearray` (`ID_`) ON DELETE RESTRICT ON UPDATE RESTRICT
) ENGINE = InnoDB CHARACTER SET = utf8 COLLATE = utf8_bin ROW_FORMAT = Compact;

-- ----------------------------
-- Records of act_re_model
-- ----------------------------

-- ----------------------------
-- Table structure for act_re_procdef
-- ----------------------------
DROP TABLE IF EXISTS `act_re_procdef`;
CREATE TABLE `act_re_procdef`  (
  `ID_` varchar(64) CHARACTER SET utf8 COLLATE utf8_bin NOT NULL,
  `REV_` int(11) NULL DEFAULT NULL,
  `CATEGORY_` varchar(255) CHARACTER SET utf8 COLLATE utf8_bin NULL DEFAULT NULL,
  `NAME_` varchar(255) CHARACTER SET utf8 COLLATE utf8_bin NULL DEFAULT NULL,
  `KEY_` varchar(255) CHARACTER SET utf8 COLLATE utf8_bin NOT NULL,
  `VERSION_` int(11) NOT NULL,
  `DEPLOYMENT_ID_` varchar(64) CHARACTER SET utf8 COLLATE utf8_bin NULL DEFAULT NULL,
  `RESOURCE_NAME_` varchar(4000) CHARACTER SET utf8 COLLATE utf8_bin NULL DEFAULT NULL,
  `DGRM_RESOURCE_NAME_` varchar(4000) CHARACTER SET utf8 COLLATE utf8_bin NULL DEFAULT NULL,
  `DESCRIPTION_` varchar(4000) CHARACTER SET utf8 COLLATE utf8_bin NULL DEFAULT NULL,
  `HAS_START_FORM_KEY_` tinyint(4) NULL DEFAULT NULL,
  `HAS_GRAPHICAL_NOTATION_` tinyint(4) NULL DEFAULT NULL,
  `SUSPENSION_STATE_` int(11) NULL DEFAULT NULL,
  `TENANT_ID_` varchar(255) CHARACTER SET utf8 COLLATE utf8_bin NULL DEFAULT '',
  `ENGINE_VERSION_` varchar(255) CHARACTER SET utf8 COLLATE utf8_bin NULL DEFAULT NULL,
  PRIMARY KEY (`ID_`) USING BTREE,
  UNIQUE INDEX `ACT_UNIQ_PROCDEF`(`KEY_`, `VERSION_`, `TENANT_ID_`) USING BTREE
) ENGINE = InnoDB CHARACTER SET = utf8 COLLATE = utf8_bin ROW_FORMAT = Compact;

-- ----------------------------
-- Records of act_re_procdef
-- ----------------------------
INSERT INTO `act_re_procdef` VALUES ('bus_car_package:1:64ec8ced-8e52-11ed-9a4b-d85ed3d43c87', 1, 'http://www.activiti.org/test', '', 'bus_car_package', 1, '64cd451b-8e52-11ed-9a4b-d85ed3d43c87', 'bus_service_car_package.bpmn', NULL, NULL, 0, 1, 1, '', NULL);
INSERT INTO `act_re_procdef` VALUES ('bus_car_package:2:81d3fec0-8e52-11ed-9a4b-d85ed3d43c87', 1, 'http://www.activiti.org/test', '', 'bus_car_package', 2, '81d0a35e-8e52-11ed-9a4b-d85ed3d43c87', 'bus_service_car_package4000.bpmn', NULL, NULL, 0, 1, 1, '', NULL);
INSERT INTO `act_re_procdef` VALUES ('bus_car_package:3:f3679eab-8e52-11ed-9ab8-d85ed3d43c87', 1, 'http://www.activiti.org/test', '', 'bus_car_package', 3, 'f3133d19-8e52-11ed-9ab8-d85ed3d43c87', 'bus_service_car_package.bpmn', NULL, NULL, 0, 1, 1, '', NULL);
INSERT INTO `act_re_procdef` VALUES ('bus_car_package:4:491d1d39-8e61-11ed-90b5-d85ed3d43c87', 1, 'http://www.activiti.org/test', '', 'bus_car_package', 4, '491a0ff7-8e61-11ed-90b5-d85ed3d43c87', 'bus_service_car_package.bpmn', NULL, NULL, 0, 1, 1, '', NULL);
INSERT INTO `act_re_procdef` VALUES ('bus_car_package:5:aa2601ae-8f26-11ed-b40b-d85ed3d43c87', 1, 'http://www.activiti.org/test', '', 'bus_car_package', 5, 'aa0b9bdc-8f26-11ed-b40b-d85ed3d43c87', 'bus_service_car_package4000.bpmn', NULL, NULL, 0, 1, 1, '', NULL);
INSERT INTO `act_re_procdef` VALUES ('bus_car_package:6:e13c5501-8f26-11ed-b40b-d85ed3d43c87', 1, 'http://www.activiti.org/test', '', 'bus_car_package', 6, 'e13920af-8f26-11ed-b40b-d85ed3d43c87', 'bus_service_car_package.bpmn', NULL, NULL, 0, 1, 1, '', NULL);
INSERT INTO `act_re_procdef` VALUES ('bus_car_package:7:22548', 1, 'http://www.activiti.org/test', '', 'bus_car_package', 7, '22546', 'bus_service_car_package4000.bpmn', NULL, NULL, 0, 1, 1, '', NULL);
INSERT INTO `act_re_procdef` VALUES ('bus_car_package:8:22551', 1, 'http://www.activiti.org/test', '', 'bus_car_package', 8, '22549', 'bus_service_car_package.bpmn', NULL, NULL, 0, 1, 1, '', NULL);

-- ----------------------------
-- Table structure for act_ru_deadletter_job
-- ----------------------------
DROP TABLE IF EXISTS `act_ru_deadletter_job`;
CREATE TABLE `act_ru_deadletter_job`  (
  `ID_` varchar(64) CHARACTER SET utf8 COLLATE utf8_bin NOT NULL,
  `REV_` int(11) NULL DEFAULT NULL,
  `TYPE_` varchar(255) CHARACTER SET utf8 COLLATE utf8_bin NOT NULL,
  `EXCLUSIVE_` tinyint(1) NULL DEFAULT NULL,
  `EXECUTION_ID_` varchar(64) CHARACTER SET utf8 COLLATE utf8_bin NULL DEFAULT NULL,
  `PROCESS_INSTANCE_ID_` varchar(64) CHARACTER SET utf8 COLLATE utf8_bin NULL DEFAULT NULL,
  `PROC_DEF_ID_` varchar(64) CHARACTER SET utf8 COLLATE utf8_bin NULL DEFAULT NULL,
  `EXCEPTION_STACK_ID_` varchar(64) CHARACTER SET utf8 COLLATE utf8_bin NULL DEFAULT NULL,
  `EXCEPTION_MSG_` varchar(4000) CHARACTER SET utf8 COLLATE utf8_bin NULL DEFAULT NULL,
  `DUEDATE_` timestamp(3) NULL DEFAULT NULL,
  `REPEAT_` varchar(255) CHARACTER SET utf8 COLLATE utf8_bin NULL DEFAULT NULL,
  `HANDLER_TYPE_` varchar(255) CHARACTER SET utf8 COLLATE utf8_bin NULL DEFAULT NULL,
  `HANDLER_CFG_` varchar(4000) CHARACTER SET utf8 COLLATE utf8_bin NULL DEFAULT NULL,
  `TENANT_ID_` varchar(255) CHARACTER SET utf8 COLLATE utf8_bin NULL DEFAULT '',
  PRIMARY KEY (`ID_`) USING BTREE,
  INDEX `ACT_FK_DEADLETTER_JOB_EXECUTION`(`EXECUTION_ID_`) USING BTREE,
  INDEX `ACT_FK_DEADLETTER_JOB_PROCESS_INSTANCE`(`PROCESS_INSTANCE_ID_`) USING BTREE,
  INDEX `ACT_FK_DEADLETTER_JOB_PROC_DEF`(`PROC_DEF_ID_`) USING BTREE,
  INDEX `ACT_FK_DEADLETTER_JOB_EXCEPTION`(`EXCEPTION_STACK_ID_`) USING BTREE,
  CONSTRAINT `ACT_FK_DEADLETTER_JOB_EXCEPTION` FOREIGN KEY (`EXCEPTION_STACK_ID_`) REFERENCES `act_ge_bytearray` (`ID_`) ON DELETE RESTRICT ON UPDATE RESTRICT,
  CONSTRAINT `ACT_FK_DEADLETTER_JOB_EXECUTION` FOREIGN KEY (`EXECUTION_ID_`) REFERENCES `act_ru_execution` (`ID_`) ON DELETE RESTRICT ON UPDATE RESTRICT,
  CONSTRAINT `ACT_FK_DEADLETTER_JOB_PROCESS_INSTANCE` FOREIGN KEY (`PROCESS_INSTANCE_ID_`) REFERENCES `act_ru_execution` (`ID_`) ON DELETE RESTRICT ON UPDATE RESTRICT,
  CONSTRAINT `ACT_FK_DEADLETTER_JOB_PROC_DEF` FOREIGN KEY (`PROC_DEF_ID_`) REFERENCES `act_re_procdef` (`ID_`) ON DELETE RESTRICT ON UPDATE RESTRICT
) ENGINE = InnoDB CHARACTER SET = utf8 COLLATE = utf8_bin ROW_FORMAT = Compact;

-- ----------------------------
-- Records of act_ru_deadletter_job
-- ----------------------------

-- ----------------------------
-- Table structure for act_ru_event_subscr
-- ----------------------------
DROP TABLE IF EXISTS `act_ru_event_subscr`;
CREATE TABLE `act_ru_event_subscr`  (
  `ID_` varchar(64) CHARACTER SET utf8 COLLATE utf8_bin NOT NULL,
  `REV_` int(11) NULL DEFAULT NULL,
  `EVENT_TYPE_` varchar(255) CHARACTER SET utf8 COLLATE utf8_bin NOT NULL,
  `EVENT_NAME_` varchar(255) CHARACTER SET utf8 COLLATE utf8_bin NULL DEFAULT NULL,
  `EXECUTION_ID_` varchar(64) CHARACTER SET utf8 COLLATE utf8_bin NULL DEFAULT NULL,
  `PROC_INST_ID_` varchar(64) CHARACTER SET utf8 COLLATE utf8_bin NULL DEFAULT NULL,
  `ACTIVITY_ID_` varchar(64) CHARACTER SET utf8 COLLATE utf8_bin NULL DEFAULT NULL,
  `CONFIGURATION_` varchar(255) CHARACTER SET utf8 COLLATE utf8_bin NULL DEFAULT NULL,
  `CREATED_` timestamp(3) NOT NULL DEFAULT CURRENT_TIMESTAMP(3),
  `PROC_DEF_ID_` varchar(64) CHARACTER SET utf8 COLLATE utf8_bin NULL DEFAULT NULL,
  `TENANT_ID_` varchar(255) CHARACTER SET utf8 COLLATE utf8_bin NULL DEFAULT '',
  PRIMARY KEY (`ID_`) USING BTREE,
  INDEX `ACT_IDX_EVENT_SUBSCR_CONFIG_`(`CONFIGURATION_`) USING BTREE,
  INDEX `ACT_FK_EVENT_EXEC`(`EXECUTION_ID_`) USING BTREE,
  CONSTRAINT `ACT_FK_EVENT_EXEC` FOREIGN KEY (`EXECUTION_ID_`) REFERENCES `act_ru_execution` (`ID_`) ON DELETE RESTRICT ON UPDATE RESTRICT
) ENGINE = InnoDB CHARACTER SET = utf8 COLLATE = utf8_bin ROW_FORMAT = Compact;

-- ----------------------------
-- Records of act_ru_event_subscr
-- ----------------------------

-- ----------------------------
-- Table structure for act_ru_execution
-- ----------------------------
DROP TABLE IF EXISTS `act_ru_execution`;
CREATE TABLE `act_ru_execution`  (
  `ID_` varchar(64) CHARACTER SET utf8 COLLATE utf8_bin NOT NULL DEFAULT '',
  `REV_` int(11) NULL DEFAULT NULL,
  `PROC_INST_ID_` varchar(64) CHARACTER SET utf8 COLLATE utf8_bin NULL DEFAULT NULL,
  `BUSINESS_KEY_` varchar(255) CHARACTER SET utf8 COLLATE utf8_bin NULL DEFAULT NULL,
  `PARENT_ID_` varchar(64) CHARACTER SET utf8 COLLATE utf8_bin NULL DEFAULT NULL,
  `PROC_DEF_ID_` varchar(64) CHARACTER SET utf8 COLLATE utf8_bin NULL DEFAULT NULL,
  `SUPER_EXEC_` varchar(64) CHARACTER SET utf8 COLLATE utf8_bin NULL DEFAULT NULL,
  `ROOT_PROC_INST_ID_` varchar(64) CHARACTER SET utf8 COLLATE utf8_bin NULL DEFAULT NULL,
  `ACT_ID_` varchar(255) CHARACTER SET utf8 COLLATE utf8_bin NULL DEFAULT NULL,
  `IS_ACTIVE_` tinyint(4) NULL DEFAULT NULL,
  `IS_CONCURRENT_` tinyint(4) NULL DEFAULT NULL,
  `IS_SCOPE_` tinyint(4) NULL DEFAULT NULL,
  `IS_EVENT_SCOPE_` tinyint(4) NULL DEFAULT NULL,
  `IS_MI_ROOT_` tinyint(4) NULL DEFAULT NULL,
  `SUSPENSION_STATE_` int(11) NULL DEFAULT NULL,
  `CACHED_ENT_STATE_` int(11) NULL DEFAULT NULL,
  `TENANT_ID_` varchar(255) CHARACTER SET utf8 COLLATE utf8_bin NULL DEFAULT '',
  `NAME_` varchar(255) CHARACTER SET utf8 COLLATE utf8_bin NULL DEFAULT NULL,
  `START_TIME_` datetime(3) NULL DEFAULT NULL,
  `START_USER_ID_` varchar(255) CHARACTER SET utf8 COLLATE utf8_bin NULL DEFAULT NULL,
  `LOCK_TIME_` timestamp(3) NULL DEFAULT NULL,
  `IS_COUNT_ENABLED_` tinyint(4) NULL DEFAULT NULL,
  `EVT_SUBSCR_COUNT_` int(11) NULL DEFAULT NULL,
  `TASK_COUNT_` int(11) NULL DEFAULT NULL,
  `JOB_COUNT_` int(11) NULL DEFAULT NULL,
  `TIMER_JOB_COUNT_` int(11) NULL DEFAULT NULL,
  `SUSP_JOB_COUNT_` int(11) NULL DEFAULT NULL,
  `DEADLETTER_JOB_COUNT_` int(11) NULL DEFAULT NULL,
  `VAR_COUNT_` int(11) NULL DEFAULT NULL,
  `ID_LINK_COUNT_` int(11) NULL DEFAULT NULL,
  PRIMARY KEY (`ID_`) USING BTREE,
  INDEX `ACT_IDX_EXEC_BUSKEY`(`BUSINESS_KEY_`) USING BTREE,
  INDEX `ACT_IDC_EXEC_ROOT`(`ROOT_PROC_INST_ID_`) USING BTREE,
  INDEX `ACT_FK_EXE_PROCINST`(`PROC_INST_ID_`) USING BTREE,
  INDEX `ACT_FK_EXE_PARENT`(`PARENT_ID_`) USING BTREE,
  INDEX `ACT_FK_EXE_SUPER`(`SUPER_EXEC_`) USING BTREE,
  INDEX `ACT_FK_EXE_PROCDEF`(`PROC_DEF_ID_`) USING BTREE,
  CONSTRAINT `ACT_FK_EXE_PARENT` FOREIGN KEY (`PARENT_ID_`) REFERENCES `act_ru_execution` (`ID_`) ON DELETE CASCADE ON UPDATE RESTRICT,
  CONSTRAINT `ACT_FK_EXE_PROCDEF` FOREIGN KEY (`PROC_DEF_ID_`) REFERENCES `act_re_procdef` (`ID_`) ON DELETE RESTRICT ON UPDATE RESTRICT,
  CONSTRAINT `ACT_FK_EXE_PROCINST` FOREIGN KEY (`PROC_INST_ID_`) REFERENCES `act_ru_execution` (`ID_`) ON DELETE CASCADE ON UPDATE CASCADE,
  CONSTRAINT `ACT_FK_EXE_SUPER` FOREIGN KEY (`SUPER_EXEC_`) REFERENCES `act_ru_execution` (`ID_`) ON DELETE CASCADE ON UPDATE RESTRICT
) ENGINE = InnoDB CHARACTER SET = utf8 COLLATE = utf8_bin ROW_FORMAT = Compact;

-- ----------------------------
-- Records of act_ru_execution
-- ----------------------------
INSERT INTO `act_ru_execution` VALUES ('12501', 1, '12501', '42', NULL, 'bus_car_package:6:e13c5501-8f26-11ed-b40b-d85ed3d43c87', NULL, '12501', NULL, 1, 0, 1, 0, 0, 1, NULL, '', NULL, '2023-01-11 11:28:05.009', NULL, NULL, 0, 0, 0, 0, 0, 0, 0, 0, 0);
INSERT INTO `act_ru_execution` VALUES ('12508', 1, '12501', NULL, '12501', 'bus_car_package:6:e13c5501-8f26-11ed-b40b-d85ed3d43c87', NULL, '12501', 'shopOwner', 1, 0, 0, 0, 0, 1, NULL, '', NULL, '2023-01-11 11:28:05.020', NULL, NULL, 0, 0, 0, 0, 0, 0, 0, 0, 0);
INSERT INTO `act_ru_execution` VALUES ('15001', 1, '15001', '43', NULL, 'bus_car_package:6:e13c5501-8f26-11ed-b40b-d85ed3d43c87', NULL, '15001', NULL, 1, 0, 1, 0, 0, 1, NULL, '', NULL, '2023-01-11 11:31:02.601', NULL, NULL, 0, 0, 0, 0, 0, 0, 0, 0, 0);
INSERT INTO `act_ru_execution` VALUES ('15008', 2, '15001', NULL, '15001', 'bus_car_package:6:e13c5501-8f26-11ed-b40b-d85ed3d43c87', NULL, '15001', 'financial', 1, 0, 0, 0, 0, 1, NULL, '', NULL, '2023-01-11 11:31:02.612', NULL, NULL, 0, 0, 0, 0, 0, 0, 0, 0, 0);
INSERT INTO `act_ru_execution` VALUES ('21304c60-8f37-11ed-9871-d85ed3d43c87', 1, '21304c60-8f37-11ed-9871-d85ed3d43c87', '36', NULL, 'bus_car_package:6:e13c5501-8f26-11ed-b40b-d85ed3d43c87', NULL, '21304c60-8f37-11ed-9871-d85ed3d43c87', NULL, 1, 0, 1, 0, 0, 1, NULL, '', NULL, '2023-01-08 17:30:46.114', NULL, NULL, 0, 0, 0, 0, 0, 0, 0, 0, 0);
INSERT INTO `act_ru_execution` VALUES ('2131abf3-8f37-11ed-9871-d85ed3d43c87', 1, '21304c60-8f37-11ed-9871-d85ed3d43c87', NULL, '21304c60-8f37-11ed-9871-d85ed3d43c87', 'bus_car_package:6:e13c5501-8f26-11ed-b40b-d85ed3d43c87', NULL, '21304c60-8f37-11ed-9871-d85ed3d43c87', 'shopOwner', 1, 0, 0, 0, 0, 1, NULL, '', NULL, '2023-01-08 17:30:46.123', NULL, NULL, 0, 0, 0, 0, 0, 0, 0, 0, 0);
INSERT INTO `act_ru_execution` VALUES ('85a675d0-90c1-11ed-a190-d85ed3d43c87', 1, '85a675d0-90c1-11ed-a190-d85ed3d43c87', '39', NULL, 'bus_car_package:6:e13c5501-8f26-11ed-b40b-d85ed3d43c87', NULL, '85a675d0-90c1-11ed-a190-d85ed3d43c87', NULL, 1, 0, 1, 0, 0, 1, NULL, '', NULL, '2023-01-10 16:33:56.372', NULL, NULL, 0, 0, 0, 0, 0, 0, 0, 0, 0);
INSERT INTO `act_ru_execution` VALUES ('85a71217-90c1-11ed-a190-d85ed3d43c87', 2, '85a675d0-90c1-11ed-a190-d85ed3d43c87', NULL, '85a675d0-90c1-11ed-a190-d85ed3d43c87', 'bus_car_package:6:e13c5501-8f26-11ed-b40b-d85ed3d43c87', NULL, '85a675d0-90c1-11ed-a190-d85ed3d43c87', 'financial', 1, 0, 0, 0, 0, 1, NULL, '', NULL, '2023-01-10 16:33:56.376', NULL, NULL, 0, 0, 0, 0, 0, 0, 0, 0, 0);
INSERT INTO `act_ru_execution` VALUES ('af2b9b8a-8f36-11ed-9733-d85ed3d43c87', 1, 'af2b9b8a-8f36-11ed-9733-d85ed3d43c87', '37', NULL, 'bus_car_package:6:e13c5501-8f26-11ed-b40b-d85ed3d43c87', NULL, 'af2b9b8a-8f36-11ed-9733-d85ed3d43c87', NULL, 1, 0, 1, 0, 0, 1, NULL, '', NULL, '2023-01-08 17:27:34.823', NULL, NULL, 0, 0, 0, 0, 0, 0, 0, 0, 0);
INSERT INTO `act_ru_execution` VALUES ('af2ecfde-8f36-11ed-9733-d85ed3d43c87', 1, 'af2b9b8a-8f36-11ed-9733-d85ed3d43c87', NULL, 'af2b9b8a-8f36-11ed-9733-d85ed3d43c87', 'bus_car_package:6:e13c5501-8f26-11ed-b40b-d85ed3d43c87', NULL, 'af2b9b8a-8f36-11ed-9733-d85ed3d43c87', 'shopOwner', 1, 0, 0, 0, 0, 1, NULL, '', NULL, '2023-01-08 17:27:34.844', NULL, NULL, 0, 0, 0, 0, 0, 0, 0, 0, 0);

-- ----------------------------
-- Table structure for act_ru_identitylink
-- ----------------------------
DROP TABLE IF EXISTS `act_ru_identitylink`;
CREATE TABLE `act_ru_identitylink`  (
  `ID_` varchar(64) CHARACTER SET utf8 COLLATE utf8_bin NOT NULL DEFAULT '',
  `REV_` int(11) NULL DEFAULT NULL,
  `GROUP_ID_` varchar(255) CHARACTER SET utf8 COLLATE utf8_bin NULL DEFAULT NULL,
  `TYPE_` varchar(255) CHARACTER SET utf8 COLLATE utf8_bin NULL DEFAULT NULL,
  `USER_ID_` varchar(255) CHARACTER SET utf8 COLLATE utf8_bin NULL DEFAULT NULL,
  `TASK_ID_` varchar(64) CHARACTER SET utf8 COLLATE utf8_bin NULL DEFAULT NULL,
  `PROC_INST_ID_` varchar(64) CHARACTER SET utf8 COLLATE utf8_bin NULL DEFAULT NULL,
  `PROC_DEF_ID_` varchar(64) CHARACTER SET utf8 COLLATE utf8_bin NULL DEFAULT NULL,
  PRIMARY KEY (`ID_`) USING BTREE,
  INDEX `ACT_IDX_IDENT_LNK_USER`(`USER_ID_`) USING BTREE,
  INDEX `ACT_IDX_IDENT_LNK_GROUP`(`GROUP_ID_`) USING BTREE,
  INDEX `ACT_IDX_ATHRZ_PROCEDEF`(`PROC_DEF_ID_`) USING BTREE,
  INDEX `ACT_FK_TSKASS_TASK`(`TASK_ID_`) USING BTREE,
  INDEX `ACT_FK_IDL_PROCINST`(`PROC_INST_ID_`) USING BTREE,
  CONSTRAINT `ACT_FK_ATHRZ_PROCEDEF` FOREIGN KEY (`PROC_DEF_ID_`) REFERENCES `act_re_procdef` (`ID_`) ON DELETE RESTRICT ON UPDATE RESTRICT,
  CONSTRAINT `ACT_FK_IDL_PROCINST` FOREIGN KEY (`PROC_INST_ID_`) REFERENCES `act_ru_execution` (`ID_`) ON DELETE RESTRICT ON UPDATE RESTRICT,
  CONSTRAINT `ACT_FK_TSKASS_TASK` FOREIGN KEY (`TASK_ID_`) REFERENCES `act_ru_task` (`ID_`) ON DELETE RESTRICT ON UPDATE RESTRICT
) ENGINE = InnoDB CHARACTER SET = utf8 COLLATE = utf8_bin ROW_FORMAT = Compact;

-- ----------------------------
-- Records of act_ru_identitylink
-- ----------------------------
INSERT INTO `act_ru_identitylink` VALUES ('10033', 1, NULL, 'participant', '104', NULL, '85a675d0-90c1-11ed-a190-d85ed3d43c87', NULL);
INSERT INTO `act_ru_identitylink` VALUES ('12518', 1, NULL, 'participant', '103', NULL, '12501', NULL);
INSERT INTO `act_ru_identitylink` VALUES ('15018', 1, NULL, 'participant', '103', NULL, '15001', NULL);
INSERT INTO `act_ru_identitylink` VALUES ('15037', 1, NULL, 'participant', '104', NULL, '15001', NULL);
INSERT INTO `act_ru_identitylink` VALUES ('2137ed87-8f37-11ed-9871-d85ed3d43c87', 1, NULL, 'participant', '103', NULL, '21304c60-8f37-11ed-9871-d85ed3d43c87', NULL);
INSERT INTO `act_ru_identitylink` VALUES ('85aa4671-90c1-11ed-a190-d85ed3d43c87', 1, NULL, 'participant', '103', NULL, '85a675d0-90c1-11ed-a190-d85ed3d43c87', NULL);
INSERT INTO `act_ru_identitylink` VALUES ('af347533-8f36-11ed-9733-d85ed3d43c87', 1, NULL, 'participant', '103', NULL, 'af2b9b8a-8f36-11ed-9733-d85ed3d43c87', NULL);

-- ----------------------------
-- Table structure for act_ru_integration
-- ----------------------------
DROP TABLE IF EXISTS `act_ru_integration`;
CREATE TABLE `act_ru_integration`  (
  `ID_` varchar(64) CHARACTER SET utf8 COLLATE utf8_bin NOT NULL,
  `EXECUTION_ID_` varchar(64) CHARACTER SET utf8 COLLATE utf8_bin NULL DEFAULT NULL,
  `PROCESS_INSTANCE_ID_` varchar(64) CHARACTER SET utf8 COLLATE utf8_bin NULL DEFAULT NULL,
  `PROC_DEF_ID_` varchar(64) CHARACTER SET utf8 COLLATE utf8_bin NULL DEFAULT NULL,
  `FLOW_NODE_ID_` varchar(64) CHARACTER SET utf8 COLLATE utf8_bin NULL DEFAULT NULL,
  `CREATED_DATE_` timestamp(3) NOT NULL DEFAULT CURRENT_TIMESTAMP(3) ON UPDATE CURRENT_TIMESTAMP(3),
  PRIMARY KEY (`ID_`) USING BTREE,
  INDEX `ACT_FK_INT_EXECUTION`(`EXECUTION_ID_`) USING BTREE,
  INDEX `ACT_FK_INT_PROC_INST`(`PROCESS_INSTANCE_ID_`) USING BTREE,
  INDEX `ACT_FK_INT_PROC_DEF`(`PROC_DEF_ID_`) USING BTREE,
  CONSTRAINT `ACT_FK_INT_EXECUTION` FOREIGN KEY (`EXECUTION_ID_`) REFERENCES `act_ru_execution` (`ID_`) ON DELETE CASCADE ON UPDATE RESTRICT,
  CONSTRAINT `ACT_FK_INT_PROC_DEF` FOREIGN KEY (`PROC_DEF_ID_`) REFERENCES `act_re_procdef` (`ID_`) ON DELETE RESTRICT ON UPDATE RESTRICT,
  CONSTRAINT `ACT_FK_INT_PROC_INST` FOREIGN KEY (`PROCESS_INSTANCE_ID_`) REFERENCES `act_ru_execution` (`ID_`) ON DELETE RESTRICT ON UPDATE RESTRICT
) ENGINE = InnoDB CHARACTER SET = utf8 COLLATE = utf8_bin ROW_FORMAT = Compact;

-- ----------------------------
-- Records of act_ru_integration
-- ----------------------------

-- ----------------------------
-- Table structure for act_ru_job
-- ----------------------------
DROP TABLE IF EXISTS `act_ru_job`;
CREATE TABLE `act_ru_job`  (
  `ID_` varchar(64) CHARACTER SET utf8 COLLATE utf8_bin NOT NULL,
  `REV_` int(11) NULL DEFAULT NULL,
  `TYPE_` varchar(255) CHARACTER SET utf8 COLLATE utf8_bin NOT NULL,
  `LOCK_EXP_TIME_` timestamp(3) NULL DEFAULT NULL,
  `LOCK_OWNER_` varchar(255) CHARACTER SET utf8 COLLATE utf8_bin NULL DEFAULT NULL,
  `EXCLUSIVE_` tinyint(1) NULL DEFAULT NULL,
  `EXECUTION_ID_` varchar(64) CHARACTER SET utf8 COLLATE utf8_bin NULL DEFAULT NULL,
  `PROCESS_INSTANCE_ID_` varchar(64) CHARACTER SET utf8 COLLATE utf8_bin NULL DEFAULT NULL,
  `PROC_DEF_ID_` varchar(64) CHARACTER SET utf8 COLLATE utf8_bin NULL DEFAULT NULL,
  `RETRIES_` int(11) NULL DEFAULT NULL,
  `EXCEPTION_STACK_ID_` varchar(64) CHARACTER SET utf8 COLLATE utf8_bin NULL DEFAULT NULL,
  `EXCEPTION_MSG_` varchar(4000) CHARACTER SET utf8 COLLATE utf8_bin NULL DEFAULT NULL,
  `DUEDATE_` timestamp(3) NULL DEFAULT NULL,
  `REPEAT_` varchar(255) CHARACTER SET utf8 COLLATE utf8_bin NULL DEFAULT NULL,
  `HANDLER_TYPE_` varchar(255) CHARACTER SET utf8 COLLATE utf8_bin NULL DEFAULT NULL,
  `HANDLER_CFG_` varchar(4000) CHARACTER SET utf8 COLLATE utf8_bin NULL DEFAULT NULL,
  `TENANT_ID_` varchar(255) CHARACTER SET utf8 COLLATE utf8_bin NULL DEFAULT '',
  PRIMARY KEY (`ID_`) USING BTREE,
  INDEX `ACT_FK_JOB_EXECUTION`(`EXECUTION_ID_`) USING BTREE,
  INDEX `ACT_FK_JOB_PROCESS_INSTANCE`(`PROCESS_INSTANCE_ID_`) USING BTREE,
  INDEX `ACT_FK_JOB_PROC_DEF`(`PROC_DEF_ID_`) USING BTREE,
  INDEX `ACT_FK_JOB_EXCEPTION`(`EXCEPTION_STACK_ID_`) USING BTREE,
  CONSTRAINT `ACT_FK_JOB_EXCEPTION` FOREIGN KEY (`EXCEPTION_STACK_ID_`) REFERENCES `act_ge_bytearray` (`ID_`) ON DELETE RESTRICT ON UPDATE RESTRICT,
  CONSTRAINT `ACT_FK_JOB_EXECUTION` FOREIGN KEY (`EXECUTION_ID_`) REFERENCES `act_ru_execution` (`ID_`) ON DELETE RESTRICT ON UPDATE RESTRICT,
  CONSTRAINT `ACT_FK_JOB_PROCESS_INSTANCE` FOREIGN KEY (`PROCESS_INSTANCE_ID_`) REFERENCES `act_ru_execution` (`ID_`) ON DELETE RESTRICT ON UPDATE RESTRICT,
  CONSTRAINT `ACT_FK_JOB_PROC_DEF` FOREIGN KEY (`PROC_DEF_ID_`) REFERENCES `act_re_procdef` (`ID_`) ON DELETE RESTRICT ON UPDATE RESTRICT
) ENGINE = InnoDB CHARACTER SET = utf8 COLLATE = utf8_bin ROW_FORMAT = Compact;

-- ----------------------------
-- Records of act_ru_job
-- ----------------------------

-- ----------------------------
-- Table structure for act_ru_suspended_job
-- ----------------------------
DROP TABLE IF EXISTS `act_ru_suspended_job`;
CREATE TABLE `act_ru_suspended_job`  (
  `ID_` varchar(64) CHARACTER SET utf8 COLLATE utf8_bin NOT NULL,
  `REV_` int(11) NULL DEFAULT NULL,
  `TYPE_` varchar(255) CHARACTER SET utf8 COLLATE utf8_bin NOT NULL,
  `EXCLUSIVE_` tinyint(1) NULL DEFAULT NULL,
  `EXECUTION_ID_` varchar(64) CHARACTER SET utf8 COLLATE utf8_bin NULL DEFAULT NULL,
  `PROCESS_INSTANCE_ID_` varchar(64) CHARACTER SET utf8 COLLATE utf8_bin NULL DEFAULT NULL,
  `PROC_DEF_ID_` varchar(64) CHARACTER SET utf8 COLLATE utf8_bin NULL DEFAULT NULL,
  `RETRIES_` int(11) NULL DEFAULT NULL,
  `EXCEPTION_STACK_ID_` varchar(64) CHARACTER SET utf8 COLLATE utf8_bin NULL DEFAULT NULL,
  `EXCEPTION_MSG_` varchar(4000) CHARACTER SET utf8 COLLATE utf8_bin NULL DEFAULT NULL,
  `DUEDATE_` timestamp(3) NULL DEFAULT NULL,
  `REPEAT_` varchar(255) CHARACTER SET utf8 COLLATE utf8_bin NULL DEFAULT NULL,
  `HANDLER_TYPE_` varchar(255) CHARACTER SET utf8 COLLATE utf8_bin NULL DEFAULT NULL,
  `HANDLER_CFG_` varchar(4000) CHARACTER SET utf8 COLLATE utf8_bin NULL DEFAULT NULL,
  `TENANT_ID_` varchar(255) CHARACTER SET utf8 COLLATE utf8_bin NULL DEFAULT '',
  PRIMARY KEY (`ID_`) USING BTREE,
  INDEX `ACT_FK_SUSPENDED_JOB_EXECUTION`(`EXECUTION_ID_`) USING BTREE,
  INDEX `ACT_FK_SUSPENDED_JOB_PROCESS_INSTANCE`(`PROCESS_INSTANCE_ID_`) USING BTREE,
  INDEX `ACT_FK_SUSPENDED_JOB_PROC_DEF`(`PROC_DEF_ID_`) USING BTREE,
  INDEX `ACT_FK_SUSPENDED_JOB_EXCEPTION`(`EXCEPTION_STACK_ID_`) USING BTREE,
  CONSTRAINT `ACT_FK_SUSPENDED_JOB_EXCEPTION` FOREIGN KEY (`EXCEPTION_STACK_ID_`) REFERENCES `act_ge_bytearray` (`ID_`) ON DELETE RESTRICT ON UPDATE RESTRICT,
  CONSTRAINT `ACT_FK_SUSPENDED_JOB_EXECUTION` FOREIGN KEY (`EXECUTION_ID_`) REFERENCES `act_ru_execution` (`ID_`) ON DELETE RESTRICT ON UPDATE RESTRICT,
  CONSTRAINT `ACT_FK_SUSPENDED_JOB_PROCESS_INSTANCE` FOREIGN KEY (`PROCESS_INSTANCE_ID_`) REFERENCES `act_ru_execution` (`ID_`) ON DELETE RESTRICT ON UPDATE RESTRICT,
  CONSTRAINT `ACT_FK_SUSPENDED_JOB_PROC_DEF` FOREIGN KEY (`PROC_DEF_ID_`) REFERENCES `act_re_procdef` (`ID_`) ON DELETE RESTRICT ON UPDATE RESTRICT
) ENGINE = InnoDB CHARACTER SET = utf8 COLLATE = utf8_bin ROW_FORMAT = Compact;

-- ----------------------------
-- Records of act_ru_suspended_job
-- ----------------------------

-- ----------------------------
-- Table structure for act_ru_task
-- ----------------------------
DROP TABLE IF EXISTS `act_ru_task`;
CREATE TABLE `act_ru_task`  (
  `ID_` varchar(64) CHARACTER SET utf8 COLLATE utf8_bin NOT NULL DEFAULT '',
  `REV_` int(11) NULL DEFAULT NULL,
  `EXECUTION_ID_` varchar(64) CHARACTER SET utf8 COLLATE utf8_bin NULL DEFAULT NULL,
  `PROC_INST_ID_` varchar(64) CHARACTER SET utf8 COLLATE utf8_bin NULL DEFAULT NULL,
  `PROC_DEF_ID_` varchar(64) CHARACTER SET utf8 COLLATE utf8_bin NULL DEFAULT NULL,
  `NAME_` varchar(255) CHARACTER SET utf8 COLLATE utf8_bin NULL DEFAULT NULL,
  `PARENT_TASK_ID_` varchar(64) CHARACTER SET utf8 COLLATE utf8_bin NULL DEFAULT NULL,
  `DESCRIPTION_` varchar(4000) CHARACTER SET utf8 COLLATE utf8_bin NULL DEFAULT NULL,
  `TASK_DEF_KEY_` varchar(255) CHARACTER SET utf8 COLLATE utf8_bin NULL DEFAULT NULL,
  `OWNER_` varchar(255) CHARACTER SET utf8 COLLATE utf8_bin NULL DEFAULT NULL,
  `ASSIGNEE_` varchar(255) CHARACTER SET utf8 COLLATE utf8_bin NULL DEFAULT NULL,
  `DELEGATION_` varchar(64) CHARACTER SET utf8 COLLATE utf8_bin NULL DEFAULT NULL,
  `PRIORITY_` int(11) NULL DEFAULT NULL,
  `CREATE_TIME_` timestamp(3) NULL DEFAULT NULL,
  `DUE_DATE_` datetime(3) NULL DEFAULT NULL,
  `CATEGORY_` varchar(255) CHARACTER SET utf8 COLLATE utf8_bin NULL DEFAULT NULL,
  `SUSPENSION_STATE_` int(11) NULL DEFAULT NULL,
  `TENANT_ID_` varchar(255) CHARACTER SET utf8 COLLATE utf8_bin NULL DEFAULT '',
  `FORM_KEY_` varchar(255) CHARACTER SET utf8 COLLATE utf8_bin NULL DEFAULT NULL,
  `CLAIM_TIME_` datetime(3) NULL DEFAULT NULL,
  PRIMARY KEY (`ID_`) USING BTREE,
  INDEX `ACT_IDX_TASK_CREATE`(`CREATE_TIME_`) USING BTREE,
  INDEX `ACT_FK_TASK_EXE`(`EXECUTION_ID_`) USING BTREE,
  INDEX `ACT_FK_TASK_PROCINST`(`PROC_INST_ID_`) USING BTREE,
  INDEX `ACT_FK_TASK_PROCDEF`(`PROC_DEF_ID_`) USING BTREE,
  CONSTRAINT `ACT_FK_TASK_EXE` FOREIGN KEY (`EXECUTION_ID_`) REFERENCES `act_ru_execution` (`ID_`) ON DELETE RESTRICT ON UPDATE RESTRICT,
  CONSTRAINT `ACT_FK_TASK_PROCDEF` FOREIGN KEY (`PROC_DEF_ID_`) REFERENCES `act_re_procdef` (`ID_`) ON DELETE RESTRICT ON UPDATE RESTRICT,
  CONSTRAINT `ACT_FK_TASK_PROCINST` FOREIGN KEY (`PROC_INST_ID_`) REFERENCES `act_ru_execution` (`ID_`) ON DELETE RESTRICT ON UPDATE RESTRICT
) ENGINE = InnoDB CHARACTER SET = utf8 COLLATE = utf8_bin ROW_FORMAT = Compact;

-- ----------------------------
-- Records of act_ru_task
-- ----------------------------
INSERT INTO `act_ru_task` VALUES ('10024', 1, '85a71217-90c1-11ed-a190-d85ed3d43c87', '85a675d0-90c1-11ed-a190-d85ed3d43c87', 'bus_car_package:6:e13c5501-8f26-11ed-b40b-d85ed3d43c87', '', NULL, NULL, 'financial', NULL, '104', NULL, 50, '2023-01-11 09:46:39.796', NULL, NULL, 1, '', NULL, NULL);
INSERT INTO `act_ru_task` VALUES ('12511', 1, '12508', '12501', 'bus_car_package:6:e13c5501-8f26-11ed-b40b-d85ed3d43c87', '', NULL, NULL, 'shopOwner', NULL, '103', NULL, 50, '2023-01-11 11:28:05.027', NULL, NULL, 1, '', NULL, NULL);
INSERT INTO `act_ru_task` VALUES ('15028', 1, '15008', '15001', 'bus_car_package:6:e13c5501-8f26-11ed-b40b-d85ed3d43c87', '', NULL, NULL, 'financial', NULL, '104', NULL, 50, '2023-01-11 11:31:42.093', NULL, NULL, 1, '', NULL, NULL);
INSERT INTO `act_ru_task` VALUES ('21370324-8f37-11ed-9871-d85ed3d43c87', 1, '2131abf3-8f37-11ed-9871-d85ed3d43c87', '21304c60-8f37-11ed-9871-d85ed3d43c87', 'bus_car_package:6:e13c5501-8f26-11ed-b40b-d85ed3d43c87', '', NULL, NULL, 'shopOwner', NULL, '103', NULL, 50, '2023-01-08 17:30:46.148', NULL, NULL, 1, '', NULL, NULL);
INSERT INTO `act_ru_task` VALUES ('af33b1df-8f36-11ed-9733-d85ed3d43c87', 1, 'af2ecfde-8f36-11ed-9733-d85ed3d43c87', 'af2b9b8a-8f36-11ed-9733-d85ed3d43c87', 'bus_car_package:6:e13c5501-8f26-11ed-b40b-d85ed3d43c87', '', NULL, NULL, 'shopOwner', NULL, '103', NULL, 50, '2023-01-08 17:27:34.852', NULL, NULL, 1, '', NULL, NULL);

-- ----------------------------
-- Table structure for act_ru_timer_job
-- ----------------------------
DROP TABLE IF EXISTS `act_ru_timer_job`;
CREATE TABLE `act_ru_timer_job`  (
  `ID_` varchar(64) CHARACTER SET utf8 COLLATE utf8_bin NOT NULL,
  `REV_` int(11) NULL DEFAULT NULL,
  `TYPE_` varchar(255) CHARACTER SET utf8 COLLATE utf8_bin NOT NULL,
  `LOCK_EXP_TIME_` timestamp(3) NULL DEFAULT NULL,
  `LOCK_OWNER_` varchar(255) CHARACTER SET utf8 COLLATE utf8_bin NULL DEFAULT NULL,
  `EXCLUSIVE_` tinyint(1) NULL DEFAULT NULL,
  `EXECUTION_ID_` varchar(64) CHARACTER SET utf8 COLLATE utf8_bin NULL DEFAULT NULL,
  `PROCESS_INSTANCE_ID_` varchar(64) CHARACTER SET utf8 COLLATE utf8_bin NULL DEFAULT NULL,
  `PROC_DEF_ID_` varchar(64) CHARACTER SET utf8 COLLATE utf8_bin NULL DEFAULT NULL,
  `RETRIES_` int(11) NULL DEFAULT NULL,
  `EXCEPTION_STACK_ID_` varchar(64) CHARACTER SET utf8 COLLATE utf8_bin NULL DEFAULT NULL,
  `EXCEPTION_MSG_` varchar(4000) CHARACTER SET utf8 COLLATE utf8_bin NULL DEFAULT NULL,
  `DUEDATE_` timestamp(3) NULL DEFAULT NULL,
  `REPEAT_` varchar(255) CHARACTER SET utf8 COLLATE utf8_bin NULL DEFAULT NULL,
  `HANDLER_TYPE_` varchar(255) CHARACTER SET utf8 COLLATE utf8_bin NULL DEFAULT NULL,
  `HANDLER_CFG_` varchar(4000) CHARACTER SET utf8 COLLATE utf8_bin NULL DEFAULT NULL,
  `TENANT_ID_` varchar(255) CHARACTER SET utf8 COLLATE utf8_bin NULL DEFAULT '',
  PRIMARY KEY (`ID_`) USING BTREE,
  INDEX `ACT_FK_TIMER_JOB_EXECUTION`(`EXECUTION_ID_`) USING BTREE,
  INDEX `ACT_FK_TIMER_JOB_PROCESS_INSTANCE`(`PROCESS_INSTANCE_ID_`) USING BTREE,
  INDEX `ACT_FK_TIMER_JOB_PROC_DEF`(`PROC_DEF_ID_`) USING BTREE,
  INDEX `ACT_FK_TIMER_JOB_EXCEPTION`(`EXCEPTION_STACK_ID_`) USING BTREE,
  CONSTRAINT `ACT_FK_TIMER_JOB_EXCEPTION` FOREIGN KEY (`EXCEPTION_STACK_ID_`) REFERENCES `act_ge_bytearray` (`ID_`) ON DELETE RESTRICT ON UPDATE RESTRICT,
  CONSTRAINT `ACT_FK_TIMER_JOB_EXECUTION` FOREIGN KEY (`EXECUTION_ID_`) REFERENCES `act_ru_execution` (`ID_`) ON DELETE RESTRICT ON UPDATE RESTRICT,
  CONSTRAINT `ACT_FK_TIMER_JOB_PROCESS_INSTANCE` FOREIGN KEY (`PROCESS_INSTANCE_ID_`) REFERENCES `act_ru_execution` (`ID_`) ON DELETE RESTRICT ON UPDATE RESTRICT,
  CONSTRAINT `ACT_FK_TIMER_JOB_PROC_DEF` FOREIGN KEY (`PROC_DEF_ID_`) REFERENCES `act_re_procdef` (`ID_`) ON DELETE RESTRICT ON UPDATE RESTRICT
) ENGINE = InnoDB CHARACTER SET = utf8 COLLATE = utf8_bin ROW_FORMAT = Compact;

-- ----------------------------
-- Records of act_ru_timer_job
-- ----------------------------

-- ----------------------------
-- Table structure for act_ru_variable
-- ----------------------------
DROP TABLE IF EXISTS `act_ru_variable`;
CREATE TABLE `act_ru_variable`  (
  `ID_` varchar(64) CHARACTER SET utf8 COLLATE utf8_bin NOT NULL,
  `REV_` int(11) NULL DEFAULT NULL,
  `TYPE_` varchar(255) CHARACTER SET utf8 COLLATE utf8_bin NOT NULL,
  `NAME_` varchar(255) CHARACTER SET utf8 COLLATE utf8_bin NOT NULL,
  `EXECUTION_ID_` varchar(64) CHARACTER SET utf8 COLLATE utf8_bin NULL DEFAULT NULL,
  `PROC_INST_ID_` varchar(64) CHARACTER SET utf8 COLLATE utf8_bin NULL DEFAULT NULL,
  `TASK_ID_` varchar(64) CHARACTER SET utf8 COLLATE utf8_bin NULL DEFAULT NULL,
  `BYTEARRAY_ID_` varchar(64) CHARACTER SET utf8 COLLATE utf8_bin NULL DEFAULT NULL,
  `DOUBLE_` double NULL DEFAULT NULL,
  `LONG_` bigint(20) NULL DEFAULT NULL,
  `TEXT_` varchar(4000) CHARACTER SET utf8 COLLATE utf8_bin NULL DEFAULT NULL,
  `TEXT2_` varchar(4000) CHARACTER SET utf8 COLLATE utf8_bin NULL DEFAULT NULL,
  PRIMARY KEY (`ID_`) USING BTREE,
  INDEX `ACT_IDX_VARIABLE_TASK_ID`(`TASK_ID_`) USING BTREE,
  INDEX `ACT_FK_VAR_EXE`(`EXECUTION_ID_`) USING BTREE,
  INDEX `ACT_FK_VAR_PROCINST`(`PROC_INST_ID_`) USING BTREE,
  INDEX `ACT_FK_VAR_BYTEARRAY`(`BYTEARRAY_ID_`) USING BTREE,
  CONSTRAINT `ACT_FK_VAR_BYTEARRAY` FOREIGN KEY (`BYTEARRAY_ID_`) REFERENCES `act_ge_bytearray` (`ID_`) ON DELETE RESTRICT ON UPDATE RESTRICT,
  CONSTRAINT `ACT_FK_VAR_EXE` FOREIGN KEY (`EXECUTION_ID_`) REFERENCES `act_ru_execution` (`ID_`) ON DELETE RESTRICT ON UPDATE RESTRICT,
  CONSTRAINT `ACT_FK_VAR_PROCINST` FOREIGN KEY (`PROC_INST_ID_`) REFERENCES `act_ru_execution` (`ID_`) ON DELETE RESTRICT ON UPDATE RESTRICT
) ENGINE = InnoDB CHARACTER SET = utf8 COLLATE = utf8_bin ROW_FORMAT = Compact;

-- ----------------------------
-- Records of act_ru_variable
-- ----------------------------
INSERT INTO `act_ru_variable` VALUES ('10015', 1, 'boolean', 'shopOwner', '85a675d0-90c1-11ed-a190-d85ed3d43c87', '85a675d0-90c1-11ed-a190-d85ed3d43c87', NULL, NULL, NULL, 1, NULL, NULL);
INSERT INTO `act_ru_variable` VALUES ('10025', 1, 'long', 'shopOwnerId', '85a71217-90c1-11ed-a190-d85ed3d43c87', '85a675d0-90c1-11ed-a190-d85ed3d43c87', '10024', NULL, NULL, 103, '103', NULL);
INSERT INTO `act_ru_variable` VALUES ('10027', 1, 'boolean', 'shopOwner', '85a71217-90c1-11ed-a190-d85ed3d43c87', '85a675d0-90c1-11ed-a190-d85ed3d43c87', '10024', NULL, NULL, 1, NULL, NULL);
INSERT INTO `act_ru_variable` VALUES ('10029', 1, 'long', 'financeId', '85a71217-90c1-11ed-a190-d85ed3d43c87', '85a675d0-90c1-11ed-a190-d85ed3d43c87', '10024', NULL, NULL, 104, '104', NULL);
INSERT INTO `act_ru_variable` VALUES ('10031', 1, 'long', 'disCountPrice', '85a71217-90c1-11ed-a190-d85ed3d43c87', '85a675d0-90c1-11ed-a190-d85ed3d43c87', '10024', NULL, NULL, 3333, '3333', NULL);
INSERT INTO `act_ru_variable` VALUES ('12502', 1, 'long', 'shopOwnerId', '12501', '12501', NULL, NULL, NULL, 103, '103', NULL);
INSERT INTO `act_ru_variable` VALUES ('12504', 1, 'long', 'discountPrice', '12501', '12501', NULL, NULL, NULL, 3000, '3000', NULL);
INSERT INTO `act_ru_variable` VALUES ('12506', 1, 'long', 'financeId', '12501', '12501', NULL, NULL, NULL, 104, '104', NULL);
INSERT INTO `act_ru_variable` VALUES ('12512', 1, 'long', 'shopOwnerId', '12508', '12501', '12511', NULL, NULL, 103, '103', NULL);
INSERT INTO `act_ru_variable` VALUES ('12514', 1, 'long', 'discountPrice', '12508', '12501', '12511', NULL, NULL, 3000, '3000', NULL);
INSERT INTO `act_ru_variable` VALUES ('12516', 1, 'long', 'financeId', '12508', '12501', '12511', NULL, NULL, 104, '104', NULL);
INSERT INTO `act_ru_variable` VALUES ('15002', 1, 'long', 'shopOwnerId', '15001', '15001', NULL, NULL, NULL, 103, '103', NULL);
INSERT INTO `act_ru_variable` VALUES ('15004', 1, 'long', 'financeId', '15001', '15001', NULL, NULL, NULL, 104, '104', NULL);
INSERT INTO `act_ru_variable` VALUES ('15006', 1, 'long', 'disCountPrice', '15001', '15001', NULL, NULL, NULL, 3000, '3000', NULL);
INSERT INTO `act_ru_variable` VALUES ('15019', 1, 'boolean', 'shopOwner', '15001', '15001', NULL, NULL, NULL, 1, NULL, NULL);
INSERT INTO `act_ru_variable` VALUES ('15029', 1, 'long', 'shopOwnerId', '15008', '15001', '15028', NULL, NULL, 103, '103', NULL);
INSERT INTO `act_ru_variable` VALUES ('15031', 1, 'boolean', 'shopOwner', '15008', '15001', '15028', NULL, NULL, 1, NULL, NULL);
INSERT INTO `act_ru_variable` VALUES ('15033', 1, 'long', 'disCountPrice', '15008', '15001', '15028', NULL, NULL, 3000, '3000', NULL);
INSERT INTO `act_ru_variable` VALUES ('15035', 1, 'long', 'financeId', '15008', '15001', '15028', NULL, NULL, 104, '104', NULL);
INSERT INTO `act_ru_variable` VALUES ('2130c191-8f37-11ed-9871-d85ed3d43c87', 1, 'long', 'shopOwnerId', '21304c60-8f37-11ed-9871-d85ed3d43c87', '21304c60-8f37-11ed-9871-d85ed3d43c87', NULL, NULL, NULL, 103, '103', NULL);
INSERT INTO `act_ru_variable` VALUES ('213184e2-8f37-11ed-9871-d85ed3d43c87', 1, 'json', 'disCountPrice', '21304c60-8f37-11ed-9871-d85ed3d43c87', '21304c60-8f37-11ed-9871-d85ed3d43c87', NULL, NULL, NULL, NULL, '99.00', NULL);
INSERT INTO `act_ru_variable` VALUES ('21375145-8f37-11ed-9871-d85ed3d43c87', 1, 'long', 'shopOwnerId', '2131abf3-8f37-11ed-9871-d85ed3d43c87', '21304c60-8f37-11ed-9871-d85ed3d43c87', '21370324-8f37-11ed-9871-d85ed3d43c87', NULL, NULL, 103, '103', NULL);
INSERT INTO `act_ru_variable` VALUES ('21377856-8f37-11ed-9871-d85ed3d43c87', 1, 'json', 'disCountPrice', '2131abf3-8f37-11ed-9871-d85ed3d43c87', '21304c60-8f37-11ed-9871-d85ed3d43c87', '21370324-8f37-11ed-9871-d85ed3d43c87', NULL, NULL, NULL, '99.00', NULL);
INSERT INTO `act_ru_variable` VALUES ('85a69ce1-90c1-11ed-a190-d85ed3d43c87', 1, 'long', 'shopOwnerId', '85a675d0-90c1-11ed-a190-d85ed3d43c87', '85a675d0-90c1-11ed-a190-d85ed3d43c87', NULL, NULL, NULL, 103, '103', NULL);
INSERT INTO `act_ru_variable` VALUES ('85a6eb03-90c1-11ed-a190-d85ed3d43c87', 1, 'long', 'financeId', '85a675d0-90c1-11ed-a190-d85ed3d43c87', '85a675d0-90c1-11ed-a190-d85ed3d43c87', NULL, NULL, NULL, 104, '104', NULL);
INSERT INTO `act_ru_variable` VALUES ('85a6eb05-90c1-11ed-a190-d85ed3d43c87', 1, 'long', 'disCountPrice', '85a675d0-90c1-11ed-a190-d85ed3d43c87', '85a675d0-90c1-11ed-a190-d85ed3d43c87', NULL, NULL, NULL, 3333, '3333', NULL);
INSERT INTO `act_ru_variable` VALUES ('af2bc29b-8f36-11ed-9733-d85ed3d43c87', 1, 'long', 'shopOwnerId', 'af2b9b8a-8f36-11ed-9733-d85ed3d43c87', 'af2b9b8a-8f36-11ed-9733-d85ed3d43c87', NULL, NULL, NULL, 103, '103', NULL);
INSERT INTO `act_ru_variable` VALUES ('af2c10bc-8f36-11ed-9733-d85ed3d43c87', 1, 'long', 'financeId', 'af2b9b8a-8f36-11ed-9733-d85ed3d43c87', 'af2b9b8a-8f36-11ed-9733-d85ed3d43c87', NULL, NULL, NULL, 104, '104', NULL);
INSERT INTO `act_ru_variable` VALUES ('af2ecfdd-8f36-11ed-9733-d85ed3d43c87', 1, 'json', 'disCountPrice', 'af2b9b8a-8f36-11ed-9733-d85ed3d43c87', 'af2b9b8a-8f36-11ed-9733-d85ed3d43c87', NULL, NULL, NULL, NULL, '6666.00', NULL);
INSERT INTO `act_ru_variable` VALUES ('af342710-8f36-11ed-9733-d85ed3d43c87', 1, 'long', 'shopOwnerId', 'af2ecfde-8f36-11ed-9733-d85ed3d43c87', 'af2b9b8a-8f36-11ed-9733-d85ed3d43c87', 'af33b1df-8f36-11ed-9733-d85ed3d43c87', NULL, NULL, 103, '103', NULL);
INSERT INTO `act_ru_variable` VALUES ('af342711-8f36-11ed-9733-d85ed3d43c87', 1, 'long', 'financeId', 'af2ecfde-8f36-11ed-9733-d85ed3d43c87', 'af2b9b8a-8f36-11ed-9733-d85ed3d43c87', 'af33b1df-8f36-11ed-9733-d85ed3d43c87', NULL, NULL, 104, '104', NULL);
INSERT INTO `act_ru_variable` VALUES ('af342712-8f36-11ed-9733-d85ed3d43c87', 1, 'json', 'disCountPrice', 'af2ecfde-8f36-11ed-9733-d85ed3d43c87', 'af2b9b8a-8f36-11ed-9733-d85ed3d43c87', 'af33b1df-8f36-11ed-9733-d85ed3d43c87', NULL, NULL, NULL, '6666.00', NULL);

-- ----------------------------
-- Table structure for bus_appointment
-- ----------------------------
DROP TABLE IF EXISTS `bus_appointment`;
CREATE TABLE `bus_appointment`  (
  `id` bigint(20) NOT NULL AUTO_INCREMENT,
  `customer_name` varchar(20) CHARACTER SET utf8 COLLATE utf8_general_ci NULL DEFAULT NULL COMMENT '',
  `customer_phone` varchar(11) CHARACTER SET utf8 COLLATE utf8_general_ci NULL DEFAULT NULL COMMENT '',
  `appointment_time` datetime(0) NULL DEFAULT NULL COMMENT '',
  `actual_arrival_time` datetime(0) NULL DEFAULT NULL COMMENT '',
  `license_plate` varchar(9) CHARACTER SET utf8 COLLATE utf8_general_ci NULL DEFAULT NULL COMMENT '',
  `car_series` varchar(20) CHARACTER SET utf8 COLLATE utf8_general_ci NULL DEFAULT NULL COMMENT '',
  `service_type` int(1) NULL DEFAULT NULL COMMENT '0/1',
  `create_time` datetime(0) NULL DEFAULT CURRENT_TIMESTAMP(0) COMMENT '',
  `info` varchar(255) CHARACTER SET utf8 COLLATE utf8_general_ci NULL DEFAULT NULL COMMENT '',
  `status` int(1) NULL DEFAULT 0 COMMENT '0/1/2/3/4/5',
  PRIMARY KEY (`id`) USING BTREE
) ENGINE = InnoDB AUTO_INCREMENT = 75 CHARACTER SET = utf8 COLLATE = utf8_general_ci COMMENT = '' ROW_FORMAT = Compact;

-- ----------------------------
-- Records of bus_appointment
-- ----------------------------
INSERT INTO `bus_appointment` VALUES (1, '', '13088889999', '2021-05-19 15:45:00', '2021-05-19 11:49:24', 'A66688', 'X5', 1, '2021-05-19 11:49:17', 'hello', 2);
INSERT INTO `bus_appointment` VALUES (3, '', '13088886666', '2021-05-28 10:00:00', '2022-09-20 11:30:10', 'A55588', 'Model3', 1, '2021-05-28 10:27:32', '', 5);
INSERT INTO `bus_appointment` VALUES (4, '', '13033335555', '2021-05-28 10:10:00', '2021-05-28 10:28:48', 'G88888', '', 0, '2021-05-28 10:28:45', '', 2);
INSERT INTO `bus_appointment` VALUES (5, '', '13055558882', '2021-06-15 00:00:00', '2022-09-20 11:44:16', 'B88899', '', 1, '2021-06-15 00:00:00', '', 1);
INSERT INTO `bus_appointment` VALUES (7, '', '13066668888', '2022-09-21 00:00:00', '2022-09-20 11:44:38', 'AB8899', '', 1, NULL, 'ddd', 4);
INSERT INTO `bus_appointment` VALUES (9, '', '13099996666', '2021-10-28 16:05:00', '2022-09-20 11:44:18', 'A88888', '', 0, NULL, '', 1);
INSERT INTO `bus_appointment` VALUES (13, '', '13088889999', '2021-12-14 09:45:00', '2022-09-20 11:44:22', 'A98888', '', 0, '2021-12-13 16:49:55', '444', 1);
INSERT INTO `bus_appointment` VALUES (14, '', '15545678987', '2022-08-19 17:10:00', '2022-09-20 11:44:25', 'A1233', '', 0, '2022-08-12 16:10:45', '', 1);
INSERT INTO `bus_appointment` VALUES (15, '', '15545678987', '2022-08-12 14:50:00', NULL, 'A1233', '', 1, '2022-08-12 16:12:38', '', 2);
INSERT INTO `bus_appointment` VALUES (17, '', '15545678987', '2022-08-19 17:10:00', '2022-09-26 16:53:05', 'A1233', '', 0, '2022-08-12 16:20:25', '', 4);
INSERT INTO `bus_appointment` VALUES (18, '', '15545678987', '2022-08-12 14:50:00', '2022-08-12 17:39:17', 'A1233', '', 1, '2022-08-12 17:27:51', '', 5);
INSERT INTO `bus_appointment` VALUES (19, '', '15545678987', '2022-08-12 14:50:00', '2022-09-20 11:53:42', 'A1233', '', 1, '2022-08-13 09:23:06', '7777', 1);
INSERT INTO `bus_appointment` VALUES (20, '', '15545678987', '2022-08-19 17:10:00', '2022-08-14 16:11:17', 'ffsfdsfsd', '', 0, '2022-08-13 09:53:15', '', 5);
INSERT INTO `bus_appointment` VALUES (21, '', '15545678987', '2022-08-19 17:10:00', '2022-08-17 10:33:01', 'A1233', '', 0, '2022-08-17 10:32:54', '', 5);
INSERT INTO `bus_appointment` VALUES (22, '88', '15545678987', '2022-08-12 14:50:00', '2022-08-17 18:06:23', 'A1233', '', 1, '2022-08-17 18:06:13', '1111122', 5);
INSERT INTO `bus_appointment` VALUES (23, '89', '15545678987', '2022-08-12 14:50:00', '2022-08-17 18:35:17', 'A1233', '', 1, '2022-08-17 18:35:13', '', 5);
INSERT INTO `bus_appointment` VALUES (24, '87', '15545678987', '2022-08-12 14:50:00', '2022-08-17 19:22:26', 'A1233', '', 0, '2022-08-17 19:22:20', '', 5);
INSERT INTO `bus_appointment` VALUES (25, '88', '15545678987', '2022-08-19 17:10:00', '2022-08-18 10:22:25', 'A1233', '', 0, '2022-08-18 10:22:20', '1112', 5);
INSERT INTO `bus_appointment` VALUES (26, '1', '15545678987', '2022-08-12 14:50:00', '2022-08-23 09:36:15', 'A1233', '', 0, '2022-08-23 09:36:07', '', 5);
INSERT INTO `bus_appointment` VALUES (27, '', '13088889999', '2022-08-31 16:01:00', '2022-08-29 17:46:02', 'A88887', '', 0, '2022-08-29 17:45:43', '123456', 5);
INSERT INTO `bus_appointment` VALUES (28, 'aaaqa', '15555555555', '2022-08-31 17:50:26', '2022-09-01 09:49:22', 'A44445', '', 0, '2022-08-31 17:50:47', NULL, 1);
INSERT INTO `bus_appointment` VALUES (29, '', '15522222222', '2022-09-01 09:45:55', NULL, 'D12345', '', 0, '2022-09-01 09:46:13', NULL, 2);
INSERT INTO `bus_appointment` VALUES (30, '', '14444444444', '2022-09-01 09:49:48', NULL, 'S52520', 'AAA', 0, '2022-09-01 09:50:05', NULL, 2);
INSERT INTO `bus_appointment` VALUES (33, '', '15522222111', '2022-09-01 16:49:39', '2022-09-01 16:52:15', 'B12345', '', 0, '2022-09-01 16:50:00', NULL, 5);
INSERT INTO `bus_appointment` VALUES (34, '666666', '13005100647', '2022-09-09 11:10:00', '2022-09-20 11:29:37', NULL, NULL, 0, '2022-09-03 11:15:31', '', 4);
INSERT INTO `bus_appointment` VALUES (35, 'D', '13005100648', '2022-09-08 14:10:00', '2022-09-20 11:16:00', NULL, NULL, 0, '2022-09-03 12:07:18', '', 4);
INSERT INTO `bus_appointment` VALUES (36, 'E', '13005100648', '2022-09-06 10:10:00', NULL, NULL, NULL, 0, '2022-09-03 12:10:27', '123', 2);
INSERT INTO `bus_appointment` VALUES (37, '1', '15918747133', '2022-09-21 09:00:00', NULL, 'A99999', '', 1, '2022-09-20 00:00:00', '123', 2);
INSERT INTO `bus_appointment` VALUES (38, '3', '15918747132', '2022-09-25 16:57:21', '2022-09-23 16:57:39', 'A66666', '', 0, '2022-09-20 00:00:00', '123', 5);
INSERT INTO `bus_appointment` VALUES (39, '', '15918717111', '2022-09-22 00:00:00', NULL, 'A88888', '', 0, '2022-09-20 00:00:00', '123', 2);
INSERT INTO `bus_appointment` VALUES (40, '168', '15918747132', '2022-09-21 17:35:00', '2022-10-01 00:51:47', NULL, '168', 0, '2022-09-20 17:37:26', '', 4);
INSERT INTO `bus_appointment` VALUES (41, '', '15918747122', '2022-09-21 17:35:00', '2022-10-01 00:52:00', NULL, '', NULL, '2022-09-20 17:40:41', '', 5);
INSERT INTO `bus_appointment` VALUES (42, '', '15918747135', '2022-09-22 17:40:00', NULL, NULL, '', 0, '2022-09-20 17:43:21', '', 2);
INSERT INTO `bus_appointment` VALUES (43, '', '15918747135', '2022-11-21 15:45:00', '2022-11-20 10:16:25', 'A66666', '', 0, '2022-09-20 00:00:00', '111', 5);
INSERT INTO `bus_appointment` VALUES (44, '', '15915834852', '2022-10-01 15:35:00', NULL, 'A66666', 'SUV', 0, '2022-09-23 00:00:00', '', 2);
INSERT INTO `bus_appointment` VALUES (45, '', '15915834866', '2022-09-28 15:30:00', '2022-09-23 15:16:03', NULL, '', NULL, '2022-09-23 15:15:11', '', 5);
INSERT INTO `bus_appointment` VALUES (46, '', '15918747111', '2022-10-08 10:55:00', '2022-10-01 00:48:01', NULL, 'SUV', NULL, '2022-10-01 00:44:13', '', 4);
INSERT INTO `bus_appointment` VALUES (47, '', '15918743331', '2022-10-01 03:15:00', NULL, NULL, 'SUV', NULL, '2022-10-01 00:46:50', '136', 2);
INSERT INTO `bus_appointment` VALUES (48, '', '15918747122', '2023-09-02 00:00:00', '2022-10-01 00:58:28', 'A88888', '', 0, '2022-10-01 00:58:04', NULL, 4);
INSERT INTO `bus_appointment` VALUES (49, '', '15918747111', '2022-10-10 09:30:00', NULL, NULL, 'SUV', NULL, '2022-10-10 09:13:04', '', 2);
INSERT INTO `bus_appointment` VALUES (50, '', '15915834111', '2023-05-31 08:54:02', '2023-05-28 08:54:28', 'B33333', 'SUV', 0, '2022-10-10 00:00:00', '', 1);
INSERT INTO `bus_appointment` VALUES (51, '', '15911111111', '2022-11-22 09:00:00', NULL, 'A55555', '', 1, '2022-11-20 10:13:06', '', 2);
INSERT INTO `bus_appointment` VALUES (52, '', '15988822222', '2022-11-26 14:35:33', '2022-11-25 14:36:39', 'A55522', ' ', 1, '2022-11-25 14:36:00', '', 5);
INSERT INTO `bus_appointment` VALUES (53, '', '15955552222', '2022-11-26 00:00:00', '2022-11-25 14:41:07', 'A55522', ' ', 0, '2022-11-25 14:40:39', '', 4);
INSERT INTO `bus_appointment` VALUES (54, '', '15955552222', '2022-11-26 02:00:00', '2022-11-25 15:08:10', 'A66655', '', 0, '2022-11-25 15:07:58', '111', 4);
INSERT INTO `bus_appointment` VALUES (55, '', '15955521111', '2022-11-26 13:01:00', '2022-11-25 15:10:05', 'A55522', '', 1, '2022-11-25 15:09:54', '', 4);
INSERT INTO `bus_appointment` VALUES (56, '', '15922221111', '2022-12-30 10:00:00', '2022-12-27 15:00:52', 'A88888', '', 1, '2022-12-27 00:00:00', '', 5);
INSERT INTO `bus_appointment` VALUES (57, '', '15918744422', '2022-12-30 09:00:00', NULL, 'A22233', 'S600', 0, '2022-12-27 15:07:42', '', 2);
INSERT INTO `bus_appointment` VALUES (58, '', '15922221111', '2022-12-30 00:00:00', '2022-12-27 15:09:42', 'A22222', 'AE86', 0, '2022-12-27 15:09:24', '', 5);
INSERT INTO `bus_appointment` VALUES (59, '', '15922222111', '2022-12-30 00:00:00', NULL, 'A55566', '', 1, '2022-12-27 15:32:28', '', 2);
INSERT INTO `bus_appointment` VALUES (60, '70', '15922211122', '2022-12-31 00:00:00', '2022-12-30 11:22:04', 'A55522', '', 0, '2022-12-29 16:17:13', '', 5);
INSERT INTO `bus_appointment` VALUES (61, '70', '15922211122', '2022-12-31 09:00:00', '2023-01-07 09:11:05', 'A22255', '', 1, '2022-12-29 16:20:32', '', 4);
INSERT INTO `bus_appointment` VALUES (62, '66', '15922221111', '2022-12-31 11:25:57', '2022-12-30 11:26:45', 'A55551', '', 1, '2022-12-30 11:26:33', '', 1);
INSERT INTO `bus_appointment` VALUES (63, '70', '15955552222', '2022-12-31 00:00:00', NULL, 'A55552', '', 1, '2022-12-30 11:40:04', '', 2);
INSERT INTO `bus_appointment` VALUES (64, '', '15912221112', '2023-01-07 00:00:00', '2023-01-05 11:26:39', 'A11111', '', 0, '2023-01-05 11:26:25', '11111', 5);
INSERT INTO `bus_appointment` VALUES (65, '', '15922221111', '2023-01-14 14:49:46', '2023-01-05 14:50:15', 'A22211', '', 0, '2023-01-05 14:50:09', NULL, 1);
INSERT INTO `bus_appointment` VALUES (66, '12', '15922211111', '2023-01-13 14:55:05', '2023-01-05 14:55:34', 'A22211', '', 1, '2023-01-05 14:55:26', NULL, 1);
INSERT INTO `bus_appointment` VALUES (67, '222', '15922211122', '2023-01-13 00:00:00', '2023-01-05 14:56:56', 'A22211', '111', 1, '2023-01-05 14:56:50', NULL, 1);
INSERT INTO `bus_appointment` VALUES (68, '1111', '15922211111', '2023-01-13 00:00:00', '2023-01-05 15:12:52', 'A22211', 'bbb', 0, '2023-01-05 15:12:43', NULL, 5);
INSERT INTO `bus_appointment` VALUES (69, 'test', '15922221111', '2023-01-21 00:00:00', '2023-01-05 15:39:51', 'A12221', '', 0, '2023-01-05 15:39:44', NULL, 1);
INSERT INTO `bus_appointment` VALUES (70, '', '15918744221', '2023-01-27 00:00:00', '2023-01-05 15:48:30', 'A55522', '', 2, '2023-01-05 15:48:20', NULL, 5);
INSERT INTO `bus_appointment` VALUES (71, '', '15922151142', '2023-01-28 00:00:00', '2023-01-05 15:51:05', 'A55221', '', 1, '2023-01-05 15:50:59', NULL, 1);
INSERT INTO `bus_appointment` VALUES (72, '', '15922211221', '2023-01-28 00:00:00', '2023-01-05 15:57:27', 'A22211', '', 1, '2023-01-05 15:57:17', NULL, 5);
INSERT INTO `bus_appointment` VALUES (73, '1', '15918722222', '2023-03-10 11:00:00', NULL, 'A55522', '', 0, '2023-03-08 00:00:00', '111', 2);
INSERT INTO `bus_appointment` VALUES (74, '2', '15918711111', '2023-03-17 10:00:00', '2023-03-08 19:14:34', 'A22211', '', 0, '2023-03-08 19:14:26', '1', 5);

-- ----------------------------
-- Table structure for bus_bpmn_info
-- ----------------------------
DROP TABLE IF EXISTS `bus_bpmn_info`;
CREATE TABLE `bus_bpmn_info`  (
  `id` bigint(20) NOT NULL AUTO_INCREMENT COMMENT '',
  `bpmn_label` varchar(255) CHARACTER SET utf8 COLLATE utf8_general_ci NULL DEFAULT NULL COMMENT '',
  `bpmn_type` int(1) NULL DEFAULT NULL COMMENT '',
  `process_definition_key` varchar(255) CHARACTER SET utf8 COLLATE utf8_general_ci NULL DEFAULT NULL COMMENT 'activitykey',
  `deploy_time` datetime(0) NULL DEFAULT CURRENT_TIMESTAMP(0) COMMENT '',
  `version` int(11) NULL DEFAULT NULL COMMENT '',
  `info` varchar(255) CHARACTER SET utf8 COLLATE utf8_general_ci NULL DEFAULT NULL COMMENT '',
  PRIMARY KEY (`id`) USING BTREE
) ENGINE = InnoDB AUTO_INCREMENT = 13 CHARACTER SET = utf8 COLLATE = utf8_general_ci COMMENT = '' ROW_FORMAT = Compact;

-- ----------------------------
-- Records of bus_bpmn_info
-- ----------------------------
INSERT INTO `bus_bpmn_info` VALUES (8, 'bus_service_car_package.bpmn', 0, 'bus_car_package', '2023-01-07 16:00:01', 4, '3000');
INSERT INTO `bus_bpmn_info` VALUES (9, 'bus_service_car_package4000.bpmn', 0, 'bus_car_package', '2023-01-08 15:32:54', 5, '4000');
INSERT INTO `bus_bpmn_info` VALUES (10, 'bus_service_car_package.bpmn', 0, 'bus_car_package', '2023-01-08 15:34:27', 6, '3000');
INSERT INTO `bus_bpmn_info` VALUES (11, 'bus_service_car_package4000.bpmn', 0, 'bus_car_package', '2023-03-08 19:35:01', 7, '111');
INSERT INTO `bus_bpmn_info` VALUES (12, 'bus_service_car_package.bpmn', 0, 'bus_car_package', '2023-03-08 19:35:43', 8, '3000');

-- ----------------------------
-- Table structure for bus_car_package_audit
-- ----------------------------
DROP TABLE IF EXISTS `bus_car_package_audit`;
CREATE TABLE `bus_car_package_audit`  (
  `id` bigint(20) NOT NULL AUTO_INCREMENT COMMENT '',
  `service_item_id` bigint(20) NULL DEFAULT NULL COMMENT 'id',
  `service_item_name` varchar(100) CHARACTER SET utf8 COLLATE utf8_general_ci NULL DEFAULT NULL COMMENT '',
  `service_item_info` varchar(255) CHARACTER SET utf8 COLLATE utf8_general_ci NULL DEFAULT NULL COMMENT '',
  `service_item_price` decimal(10, 2) NULL DEFAULT NULL COMMENT '',
  `instance_id` varchar(64) CHARACTER SET utf8 COLLATE utf8_general_ci NULL DEFAULT NULL COMMENT 'id',
  `creator_id` varchar(20) CHARACTER SET utf8 COLLATE utf8_general_ci NULL DEFAULT NULL COMMENT '',
  `info` varchar(255) CHARACTER SET utf8 COLLATE utf8_general_ci NULL DEFAULT NULL COMMENT '',
  `status` int(1) NULL DEFAULT NULL COMMENT '0/1/2/3',
  `create_time` datetime(0) NULL DEFAULT NULL COMMENT '',
  PRIMARY KEY (`id`) USING BTREE
) ENGINE = InnoDB AUTO_INCREMENT = 20 CHARACTER SET = utf8 COLLATE = utf8_general_ci COMMENT = '' ROW_FORMAT = Compact;

-- ----------------------------
-- Records of bus_car_package_audit
-- ----------------------------
INSERT INTO `bus_car_package_audit` VALUES (2, 29, '2', '2', 3500.00, '15028', '1', '2', 1, '2022-12-02 14:14:28');
INSERT INTO `bus_car_package_audit` VALUES (3, 31, 'test1', '111', 4500.00, '15073', '1', '11', 0, '2022-12-03 21:49:23');
INSERT INTO `bus_car_package_audit` VALUES (4, 33, '168', '', 2000.00, '17501', '1', '168', 1, '2022-12-27 15:16:22');
INSERT INTO `bus_car_package_audit` VALUES (5, 32, ' 168', '', 4001.00, '20007', '1', '11', 3, '2023-01-07 15:01:03');
INSERT INTO `bus_car_package_audit` VALUES (6, 32, ' 168', '', 4001.00, '20025', '1', '', 3, '2023-01-07 16:30:14');
INSERT INTO `bus_car_package_audit` VALUES (7, 32, ' 168', '', 4001.00, '20043', '1', NULL, 0, '2023-01-07 16:39:36');
INSERT INTO `bus_car_package_audit` VALUES (8, 37, '8888', NULL, 6666.00, 'af2b9b8a-8f36-11ed-9733-d85ed3d43c87', '1', '8888', 0, '2023-01-08 17:27:35');
INSERT INTO `bus_car_package_audit` VALUES (9, 36, '9999', '9999', 99.00, '21304c60-8f37-11ed-9871-d85ed3d43c87', '1', '9999', 0, '2023-01-08 17:30:46');
INSERT INTO `bus_car_package_audit` VALUES (10, 34, '168', '168', 3000.00, '03b0126e-9099-11ed-aa72-d85ed3d43c87', '1', NULL, 0, '2023-01-10 11:43:59');
INSERT INTO `bus_car_package_audit` VALUES (11, 38, '5555', '', 3333.00, '8bc8c1f4-90ba-11ed-8ce0-d85ed3d43c87', '1', NULL, 0, '2023-01-10 15:44:00');
INSERT INTO `bus_car_package_audit` VALUES (12, 39, '6666', '1', 3333.00, '85a675d0-90c1-11ed-a190-d85ed3d43c87', '1', NULL, 0, '2023-01-10 16:33:56');
INSERT INTO `bus_car_package_audit` VALUES (13, 40, '1111', '1', 3000.00, '1f9ea8d4-90c2-11ed-a190-d85ed3d43c87', '1', NULL, 2, '2023-01-10 16:38:15');
INSERT INTO `bus_car_package_audit` VALUES (14, 41, '1234', '', 3000.00, '808bc81f-90c3-11ed-aeb9-d85ed3d43c87', '1', '1', 2, '2023-01-10 16:48:07');
INSERT INTO `bus_car_package_audit` VALUES (15, 41, '1234', '', 3000.00, '2501', '1', NULL, 2, '2023-01-10 16:58:05');
INSERT INTO `bus_car_package_audit` VALUES (16, 42, '2222', '2222', 3000.00, '12501', '1', '', 0, '2023-01-11 11:28:05');
INSERT INTO `bus_car_package_audit` VALUES (17, 43, '1906', '1906', 3000.00, '15001', '1', '1906', 0, '2023-01-11 11:31:03');
INSERT INTO `bus_car_package_audit` VALUES (18, 44, '', '9999', 3999.00, '17501', '1', '111', 1, '2023-01-11 15:53:22');
INSERT INTO `bus_car_package_audit` VALUES (19, 45, '112', '111', 3001.00, '22501', '1', NULL, 1, '2023-03-08 19:27:02');

-- ----------------------------
-- Table structure for bus_service_item
-- ----------------------------
DROP TABLE IF EXISTS `bus_service_item`;
CREATE TABLE `bus_service_item`  (
  `id` bigint(20) NOT NULL AUTO_INCREMENT,
  `name` varchar(100) CHARACTER SET utf8 COLLATE utf8_general_ci NULL DEFAULT NULL COMMENT '',
  `original_price` decimal(10, 2) NULL DEFAULT NULL COMMENT '',
  `discount_price` decimal(10, 2) NULL DEFAULT NULL COMMENT '',
  `car_package` int(1) NULL DEFAULT NULL COMMENT '1/0',
  `info` varchar(255) CHARACTER SET utf8 COLLATE utf8_general_ci NULL DEFAULT NULL COMMENT '',
  `create_time` datetime(0) NULL DEFAULT CURRENT_TIMESTAMP(0) COMMENT '',
  `service_catalog` int(1) NULL DEFAULT NULL COMMENT '0/1/2',
  `audit_status` int(1) NULL DEFAULT 4 COMMENT '0/1/2/3/4',
  `sale_status` int(1) NULL DEFAULT 0 COMMENT '1/0',
  PRIMARY KEY (`id`) USING BTREE
) ENGINE = InnoDB AUTO_INCREMENT = 46 CHARACTER SET = utf8 COLLATE = utf8_general_ci COMMENT = '' ROW_FORMAT = Compact;

-- ----------------------------
-- Records of bus_service_item
-- ----------------------------
INSERT INTO `bus_service_item` VALUES (1, '()', 188.00, 100.00, 0, '', '2021-05-14 10:09:36', 2, 4, 0);
INSERT INTO `bus_service_item` VALUES (2, '', 88.00, 88.00, 0, '', '2021-05-14 10:32:30', 0, 4, 1);
INSERT INTO `bus_service_item` VALUES (3, '', 6100.00, 3600.00, 1, '11', '2021-05-14 00:00:00', 1, 1, 0);
INSERT INTO `bus_service_item` VALUES (4, '', 6000.00, 3001.00, 1, '', '2021-05-18 00:00:00', 1, 0, 0);
INSERT INTO `bus_service_item` VALUES (5, '', 99.00, 68.00, 0, '', '2021-05-18 00:00:00', 1, 0, 0);
INSERT INTO `bus_service_item` VALUES (6, '', 500.00, 399.00, 0, '', '2021-05-18 10:33:18', 0, 4, 1);
INSERT INTO `bus_service_item` VALUES (7, '', 88.00, 68.00, 0, '', '2021-05-18 10:33:48', 0, 4, 1);
INSERT INTO `bus_service_item` VALUES (8, '', 6000.00, 1504.00, 1, '', '2021-05-27 00:00:00', 1, 2, 0);
INSERT INTO `bus_service_item` VALUES (9, '', 288.00, 198.00, 0, '', '2021-05-28 10:41:49', 1, 0, 0);
INSERT INTO `bus_service_item` VALUES (10, '', 199.00, 129.00, 0, '', '2021-06-15 15:47:54', 1, 0, 1);
INSERT INTO `bus_service_item` VALUES (11, '', 99.00, 69.00, 0, '', '2021-06-15 15:48:37', 1, 0, 0);
INSERT INTO `bus_service_item` VALUES (14, 'test', 1000.00, 800.00, 1, '666', '2021-12-10 14:59:21', 1, 0, 0);
INSERT INTO `bus_service_item` VALUES (15, '', 200.00, 100.00, 0, '', '2022-08-13 11:32:23', 0, 0, 0);
INSERT INTO `bus_service_item` VALUES (16, '', 280.00, 200.00, 1, '', '2022-08-13 11:33:18', 1, 2, 0);
INSERT INTO `bus_service_item` VALUES (17, '', 6000.00, 5000.00, 1, '', '2022-08-14 09:50:08', 0, 1, 0);
INSERT INTO `bus_service_item` VALUES (18, '', 6000.00, 5000.00, 0, '', '2022-08-14 09:50:33', 1, 4, 0);
INSERT INTO `bus_service_item` VALUES (19, '', 6000.00, 5800.00, 1, '', '2022-08-14 17:58:23', 0, 1, 0);
INSERT INTO `bus_service_item` VALUES (20, '', 3888.00, 3599.00, 1, '', '2022-08-17 11:31:43', 2, 1, 0);
INSERT INTO `bus_service_item` VALUES (21, '', 100.00, 90.00, 0, '', '2022-08-17 11:32:39', 2, 4, 1);
INSERT INTO `bus_service_item` VALUES (22, '', 5000.00, 3001.00, 1, '', '2022-09-01 16:53:53', 1, 1, 0);
INSERT INTO `bus_service_item` VALUES (24, '168', 198.00, 98.00, 0, '', '2022-09-21 15:40:48', 1, 4, 0);
INSERT INTO `bus_service_item` VALUES (25, '168', 1999.00, 999.00, 1, '168', '2022-09-21 15:41:20', 1, 1, 0);
INSERT INTO `bus_service_item` VALUES (26, '168', 168.00, 68.00, 0, '', '2022-09-21 00:00:00', 2, 4, 0);
INSERT INTO `bus_service_item` VALUES (27, 'test1', 8000.00, 5000.00, 1, '', '2022-11-19 11:33:06', 0, 2, 0);
INSERT INTO `bus_service_item` VALUES (28, '69', 5000.00, 1500.00, 1, '69', '2022-11-29 00:00:00', 1, 1, 0);
INSERT INTO `bus_service_item` VALUES (29, '2', 6000.00, 3500.00, 1, '2', '2022-12-01 12:07:14', 0, 2, 0);
INSERT INTO `bus_service_item` VALUES (30, '168', 5000.00, 3100.00, 1, '168', '2022-12-01 15:45:36', 1, 2, 0);
INSERT INTO `bus_service_item` VALUES (31, 'test1', 5000.00, 4500.00, 1, '111', '2022-12-03 21:49:11', 0, 1, 0);
INSERT INTO `bus_service_item` VALUES (32, ' 168', 6000.00, 3001.00, 1, '', '2022-12-27 00:00:00', 1, 0, 0);
INSERT INTO `bus_service_item` VALUES (33, '168', 2500.00, 2000.00, 1, '', '2022-12-27 15:15:20', 0, 2, 1);
INSERT INTO `bus_service_item` VALUES (34, '168', 5000.00, 3000.00, 1, '168', '2022-12-30 17:28:28', 1, 1, 0);
INSERT INTO `bus_service_item` VALUES (35, '168', 500.00, 200.00, 0, '168', '2022-12-30 17:29:37', 0, 4, 0);
INSERT INTO `bus_service_item` VALUES (36, '9999', 9999.00, 99.00, 1, '9999', '2023-01-08 14:36:46', 1, 1, 0);
INSERT INTO `bus_service_item` VALUES (37, '8888', 8888.00, 6666.00, 1, '8888', '2023-01-08 15:33:47', 1, 1, 0);
INSERT INTO `bus_service_item` VALUES (38, '5555', 5555.00, 3333.00, 1, '', '2023-01-10 15:40:37', 1, 1, 0);
INSERT INTO `bus_service_item` VALUES (39, '6666', 6666.00, 3333.00, 1, '1', '2023-01-10 16:33:50', 1, 0, 0);
INSERT INTO `bus_service_item` VALUES (40, '1111', 6666.00, 3000.00, 1, '1', '2023-01-10 16:38:05', 0, 2, 1);
INSERT INTO `bus_service_item` VALUES (41, '1234', 6666.00, 3000.00, 1, '', '2023-01-10 16:47:57', 1, 2, 1);
INSERT INTO `bus_service_item` VALUES (42, '2222', 5000.00, 3000.00, 1, '2222', '2023-01-11 11:27:47', 1, 1, 0);
INSERT INTO `bus_service_item` VALUES (43, '1906', 5000.00, 3000.00, 1, '1906', '2023-01-11 11:30:46', 1, 1, 0);
INSERT INTO `bus_service_item` VALUES (44, '', 9999.00, 3999.00, 1, '9999', '2023-01-11 15:53:10', 0, 3, 0);
INSERT INTO `bus_service_item` VALUES (45, '112', 6000.00, 3001.00, 1, '111', '2023-03-08 19:24:49', 0, 2, 1);

-- ----------------------------
-- Table structure for bus_statement
-- ----------------------------
DROP TABLE IF EXISTS `bus_statement`;
CREATE TABLE `bus_statement`  (
  `id` bigint(11) NOT NULL AUTO_INCREMENT,
  `customer_name` varchar(20) CHARACTER SET utf8 COLLATE utf8_general_ci NULL DEFAULT NULL COMMENT '',
  `customer_phone` varchar(11) CHARACTER SET utf8 COLLATE utf8_general_ci NULL DEFAULT NULL COMMENT '',
  `actual_arrival_time` datetime(0) NULL DEFAULT NULL COMMENT '',
  `license_plate` varchar(9) CHARACTER SET utf8 COLLATE utf8_general_ci NULL DEFAULT NULL COMMENT '',
  `car_series` varchar(100) CHARACTER SET utf8 COLLATE utf8_general_ci NULL DEFAULT NULL COMMENT '',
  `service_type` int(1) NULL DEFAULT NULL COMMENT '0/1',
  `appointment_id` bigint(20) NULL DEFAULT NULL COMMENT 'ID,',
  `status` int(1) NULL DEFAULT 0 COMMENT '0/1',
  `pay_time` datetime(0) NULL DEFAULT NULL COMMENT '',
  `payee_id` bigint(11) NULL DEFAULT NULL COMMENT 'id',
  `total_amount` decimal(10, 2) NULL COMMENT '',
  `total_quantity` decimal(10, 2) NULL COMMENT '',
  `discount_amount` decimal(10, 2) NULL COMMENT '',
  `create_time` datetime(0) NULL DEFAULT CURRENT_TIMESTAMP(0) COMMENT '',
  `info` varchar(255) CHARACTER SET utf8 COLLATE utf8_general_ci NULL DEFAULT NULL COMMENT '',
  `is_delete` int(1) NULL DEFAULT 0 COMMENT '0/1',
  PRIMARY KEY (`id`) USING BTREE,
  UNIQUE INDEX `maintenance_id`(`appointment_id`) USING BTREE
) ENGINE = InnoDB AUTO_INCREMENT = 94 CHARACTER SET = utf8 COLLATE = utf8_general_ci COMMENT = '' ROW_FORMAT = Compact;

-- ----------------------------
-- Records of bus_statement
-- ----------------------------
INSERT INTO `bus_statement` VALUES (1, '', '13099996662', '2021-10-27 16:06:00', 'A88888', '', 0, 9, 1, '2021-10-27 16:24:10', 1, 256.00, 2.00, 0.00, '2021-10-27 16:23:57', NULL, 1);
INSERT INTO `bus_statement` VALUES (2, '', '13033336666', '2021-10-28 18:30:00', 'X9999', '', 0, NULL, 1, '2021-10-27 17:00:50', 1, 675.00, 3.00, 20.00, NULL, '', 1);
INSERT INTO `bus_statement` VALUES (4, '', '13088889999', '2021-12-16 10:30:00', 'A98888', '', 0, NULL, 0, NULL, NULL, 0.00, 0.00, 0.00, '2021-12-13 14:15:04', '888', 1);
INSERT INTO `bus_statement` VALUES (5, '', '13088889999', '2021-12-13 14:20:00', 'A98888', '', 0, NULL, 1, '2021-12-13 15:29:02', 1, 628.00, 6.00, 0.00, '2021-12-13 14:24:06', '111', 1);
INSERT INTO `bus_statement` VALUES (6, '', '13077778888', '2021-12-14 15:35:00', 'A98888', '', 0, NULL, 1, '2021-12-15 11:48:38', 1, 276.00, 2.00, 0.00, '2021-12-13 15:37:35', '66', 1);
INSERT INTO `bus_statement` VALUES (8, '', '13088889999', '2021-12-13 16:30:41', 'A98888', '', 1, 11, 1, '2021-12-13 16:31:58', 1, 532.00, 4.00, 0.00, '2021-12-13 16:30:47', '111', 1);
INSERT INTO `bus_statement` VALUES (9, '', '13088889999', '2021-12-13 16:39:54', 'A98888', '', 0, 12, 1, '2021-12-13 16:40:06', 1, 464.00, 3.00, 0.00, '2021-12-13 16:39:58', '1111', 0);
INSERT INTO `bus_statement` VALUES (10, '', '13088889999', '2021-12-13 16:50:01', 'A98888', '', 0, 13, 0, NULL, NULL, 0.00, 0.00, 0.00, '2021-12-13 16:50:06', '444', 1);
INSERT INTO `bus_statement` VALUES (11, '1', '13088889999', '2021-12-13 09:45:00', 'A98888', '', 0, NULL, 1, '2021-12-15 10:54:15', 1, 0.00, 0.00, 0.00, '2021-12-13 20:44:55', '111', 0);
INSERT INTO `bus_statement` VALUES (12, '', '13088889999', '2021-05-19 11:49:24', 'A66688', 'X5', 1, 1, 1, '2021-12-15 17:14:32', 1, 276.00, 2.00, 0.00, '2021-12-13 22:18:51', 'hello', 0);
INSERT INTO `bus_statement` VALUES (13, '', '13033335555', '2021-05-28 10:28:48', 'G88888', '', 0, 4, 1, '2022-08-26 11:08:55', 1, 963.00, 5.00, 0.00, '2021-12-17 01:07:16', '', 0);
INSERT INTO `bus_statement` VALUES (15, '', '15545678987', '2022-08-12 16:11:41', 'A1233', '', 0, 14, 1, '2022-08-14 16:10:42', 1, 0.00, 0.00, 0.00, '2022-08-14 16:10:10', '', 0);
INSERT INTO `bus_statement` VALUES (16, '', '15545678987', '2022-08-14 16:11:17', 'ffsfdsfsd', '', 0, 20, 1, '2022-08-14 16:11:24', 1, 0.00, 0.00, 0.00, '2022-08-14 16:11:22', '', 0);
INSERT INTO `bus_statement` VALUES (20, '', '15545678987', '2022-08-14 17:17:54', 'A1233', '', 1, 19, 1, '2022-08-14 17:23:43', 1, 0.00, 0.00, 0.00, '2022-08-14 17:17:56', '7777', 0);
INSERT INTO `bus_statement` VALUES (21, '', '13055558888', '2021-06-15 18:26:57', 'B88899', '', 1, 5, 1, '2022-08-18 11:35:11', 1, 564.00, 3.00, 0.00, '2022-08-17 10:28:18', '', 0);
INSERT INTO `bus_statement` VALUES (23, '', '15545678987', '2022-08-17 10:33:01', 'A1233', '', 0, 21, 1, '2022-08-18 10:21:29', 1, 188.00, 1.00, 0.00, '2022-08-17 10:33:03', '', 0);
INSERT INTO `bus_statement` VALUES (24, '88', '15545678987', '2022-08-17 18:06:23', 'A1233', '', 1, 22, 1, '2022-08-17 18:31:25', 1, 999.00, 6.00, 0.00, '2022-08-17 18:06:27', '1111122', 0);
INSERT INTO `bus_statement` VALUES (25, '8899', '15545678987', '2022-08-17 18:35:17', 'A1233', '', 1, 23, 1, '2022-08-17 18:35:59', 1, 188.00, 1.00, 0.00, '2022-08-17 18:35:22', '', 0);
INSERT INTO `bus_statement` VALUES (26, '889977', '15545678987', '2022-08-17 19:22:26', 'A1233', '', 0, 24, 1, '2022-08-18 10:20:53', 1, 0.00, 0.00, 0.00, '2022-08-17 19:22:30', '', 0);
INSERT INTO `bus_statement` VALUES (28, '888888', '15545678987', '2022-08-18 10:22:25', 'A1233', '', 0, 25, 1, '2022-08-18 10:22:32', 1, 0.00, 0.00, 0.00, '2022-08-18 10:22:28', '1112', 0);
INSERT INTO `bus_statement` VALUES (30, '888811', '15545678987', '2022-08-23 09:36:15', 'A1233', '', 0, 26, 1, '2022-09-01 16:44:03', 1065, 276.00, 2.00, 20.00, '2022-08-23 09:36:18', '', 0);
INSERT INTO `bus_statement` VALUES (31, '', '13088889999', '2022-08-29 17:46:02', 'A88887', '', 0, 27, 1, '2022-08-29 17:49:31', 1, 563.00, 4.00, 50.00, '2022-08-29 17:47:11', '123456', 0);
INSERT INTO `bus_statement` VALUES (32, 'aaaqa', '15555555555', '2022-09-01 09:49:22', 'A44445', '', 0, 28, 0, NULL, NULL, 787.00, 3.00, 200.00, '2022-09-01 10:38:45', NULL, 1);
INSERT INTO `bus_statement` VALUES (33, '', '15522222111', '2022-09-01 16:52:15', 'B12345', '', 0, 33, 1, '2022-09-01 16:52:55', 1, 287.00, 2.00, 50.00, '2022-09-01 16:52:25', NULL, 0);
INSERT INTO `bus_statement` VALUES (37, '1', '15918747132', '2022-09-22 01:02:00', 'A88888', '', 0, NULL, 0, NULL, NULL, 0.00, 0.00, 0.00, '2022-09-22 00:00:00', '999', 1);
INSERT INTO `bus_statement` VALUES (38, '', '15918747131', '2022-09-23 01:01:00', 'A66666', '', 1, NULL, 1, '2022-09-23 16:59:54', 1, 1616.00, 9.00, 20.00, '2022-09-22 14:06:25', '111', 0);
INSERT INTO `bus_statement` VALUES (39, '', '15915834822', '2022-09-23 14:00:00', 'A66666', '', 1, NULL, 1, '2022-09-23 15:11:16', 1, 2362.00, 10.00, 200.00, '2022-09-22 00:00:00', '168', 0);
INSERT INTO `bus_statement` VALUES (41, '', '15918747111', '2022-09-25 10:00:00', 'A55555', '', 1, NULL, 0, NULL, NULL, 0.00, 0.00, 0.00, '2022-09-22 14:52:52', '11', 1);
INSERT INTO `bus_statement` VALUES (42, '666666', '13005100647', '2022-09-20 11:29:37', NULL, NULL, 0, 34, 0, NULL, NULL, 0.00, 0.00, 0.00, '2022-09-23 17:13:18', '', 0);
INSERT INTO `bus_statement` VALUES (44, 'D', '13005100648', '2022-09-20 11:16:00', NULL, NULL, 0, 35, 0, NULL, NULL, 0.00, 0.00, 0.00, '2022-09-23 17:15:45', '', 0);
INSERT INTO `bus_statement` VALUES (45, '', '15545678987', '2022-08-12 17:39:17', 'A1233', '', 1, 18, 1, '2022-09-23 17:19:44', 1, 0.00, 0.00, 0.00, '2022-09-23 17:16:21', '', 0);
INSERT INTO `bus_statement` VALUES (46, '3', '15918747132', '2022-09-23 16:57:39', 'A66666', '', 0, 38, 1, '2022-09-23 17:17:29', 1, 1440.00, 7.00, 0.00, '2022-09-23 17:16:52', '123', 0);
INSERT INTO `bus_statement` VALUES (47, '', '15915834866', '2022-09-23 15:16:03', NULL, '', NULL, 45, 1, '2022-11-24 20:36:38', 1, 1176.00, 4.00, 100.00, '2022-09-24 10:10:54', '', 0);
INSERT INTO `bus_statement` VALUES (48, '', '15918747122', '2022-10-01 00:52:00', NULL, '', NULL, 41, 1, '2022-10-01 08:56:52', 1, 1940.00, 8.00, 100.00, '2022-10-01 00:52:38', '', 0);
INSERT INTO `bus_statement` VALUES (49, '', '15918747122', '2022-10-01 00:58:28', 'A88888', '', 0, 48, 0, NULL, NULL, 0.00, 0.00, 0.00, '2022-10-01 00:58:55', NULL, 0);
INSERT INTO `bus_statement` VALUES (50, '', '15545678987', '2022-09-26 16:53:05', 'A1233', '', 0, 17, 0, NULL, NULL, 0.00, 0.00, 0.00, '2022-11-16 02:46:04', '', 0);
INSERT INTO `bus_statement` VALUES (51, '', '15918747135', '2022-11-20 10:16:25', 'A66666', '', 0, 43, 1, '2022-11-20 18:22:42', 1, 676.00, 3.00, 100.00, '2022-11-20 10:19:43', '111', 0);
INSERT INTO `bus_statement` VALUES (52, '', '13088886666', '2022-09-20 11:30:10', 'A55588', 'Model3', 1, 3, 1, '2022-11-24 20:37:20', 1, 1352.00, 6.00, 0.00, '2022-11-20 10:27:47', '', 0);
INSERT INTO `bus_statement` VALUES (53, '', '15918747111', '2022-10-01 00:48:01', NULL, 'SUV', NULL, 46, 0, NULL, NULL, 0.00, 0.00, 0.00, '2022-11-20 10:35:03', '', 0);
INSERT INTO `bus_statement` VALUES (55, '', '13066668888', '2022-09-20 11:44:38', 'AB8899', '', 1, 7, 0, NULL, NULL, 88.00, 1.00, 0.00, '2022-11-25 14:21:40', 'ddd', 0);
INSERT INTO `bus_statement` VALUES (67, '', '15922221111', '2022-12-27 15:09:42', 'A22222', 'AE86', 0, 58, 1, '2023-01-05 11:23:37', 1, 2139.00, 9.00, 0.00, '2022-12-27 15:09:46', '', 0);
INSERT INTO `bus_statement` VALUES (68, '', '15922221111', '2023-01-02 17:00:00', 'A55222', '', 1, NULL, 1, '2023-01-05 11:22:01', 1, 1813.00, 12.00, 50.00, '2023-01-02 17:00:55', '', 0);
INSERT INTO `bus_statement` VALUES (69, '1112', '15918552222', '2023-01-03 16:19:00', 'A88822', '', 0, NULL, 1, '2023-01-05 11:17:49', 1, 1375.00, 5.00, 200.00, '2023-01-03 16:20:50', '', 0);
INSERT INTO `bus_statement` VALUES (70, '168', '15922221111', '2023-01-05 09:13:00', 'A55511', '', 1, NULL, 1, '2023-01-05 14:16:43', 1, 887.00, 4.00, 0.00, '2023-01-05 09:13:54', NULL, 0);
INSERT INTO `bus_statement` VALUES (71, '', '15912221112', '2023-01-05 11:26:39', 'A11111', '', 0, 64, 1, '2023-03-08 18:56:05', 1, 787.00, 3.00, 0.00, '2023-01-05 11:26:25', '11111', 0);
INSERT INTO `bus_statement` VALUES (74, '', '15922221111', '2023-01-05 14:50:15', 'A22211', '', 0, 65, 0, NULL, NULL, 0.00, 0.00, 0.00, '2023-01-05 14:50:09', NULL, 0);
INSERT INTO `bus_statement` VALUES (75, '12', '15922211111', '2023-01-05 14:55:34', 'A22211', '', 1, 66, 0, NULL, NULL, 0.00, 0.00, 0.00, '2023-01-05 14:55:26', NULL, 0);
INSERT INTO `bus_statement` VALUES (76, '222', '15922211122', '2023-01-05 14:56:56', 'A22211', '111', 1, 67, 0, NULL, NULL, 0.00, 0.00, 0.00, '2023-01-05 14:56:50', NULL, 0);
INSERT INTO `bus_statement` VALUES (82, '1111', '15922211111', '2023-01-05 15:12:52', 'A22211', 'bbb', 0, 68, 1, '2023-01-05 15:30:58', 1, 1662.00, 7.00, 200.00, '2023-01-05 15:12:43', NULL, 0);
INSERT INTO `bus_statement` VALUES (85, '70', '15922211122', '2022-12-30 11:22:04', 'A55522', '', 0, 60, 1, '2023-01-05 15:37:55', 1, 875.00, 4.00, 0.00, '2022-12-29 16:17:13', '', 0);
INSERT INTO `bus_statement` VALUES (88, '', '15918744221', '2023-01-05 15:48:30', 'A55522', '', 2, 70, 1, '2023-01-05 15:49:05', 1, 963.00, 5.00, 950.00, '2023-01-05 15:48:41', NULL, 0);
INSERT INTO `bus_statement` VALUES (89, '', '15922151142', '2023-01-05 15:51:05', 'A55221', '', 1, 71, 0, NULL, NULL, 676.00, 3.00, 0.00, '2023-01-05 15:51:11', NULL, 0);
INSERT INTO `bus_statement` VALUES (90, '', '15922211221', '2023-01-05 15:57:27', 'A22211', '', 1, 72, 1, '2023-01-05 15:57:58', 1, 588.00, 2.00, 500.00, '2023-01-05 15:57:30', NULL, 0);
INSERT INTO `bus_statement` VALUES (91, '70', '15922211122', '2023-01-07 09:11:05', 'A22255', '', 1, 61, 0, NULL, NULL, 0.00, 0.00, 0.00, '2023-01-07 09:11:25', '', 0);
INSERT INTO `bus_statement` VALUES (92, '2', '15918711111', '2023-03-08 19:14:34', 'A22211', '', 0, 74, 1, '2023-03-08 19:14:42', 1, 750.00, 6.00, 0.00, '2023-03-08 19:14:37', '1', 0);
INSERT INTO `bus_statement` VALUES (93, '72', '15922221111', '2023-03-10 11:00:00', 'A22211', '', 0, NULL, 1, '2023-03-08 19:26:24', 1, 1352.00, 6.00, 0.00, '2023-03-08 00:00:00', '2', 0);

-- ----------------------------
-- Table structure for bus_statement_item
-- ----------------------------
DROP TABLE IF EXISTS `bus_statement_item`;
CREATE TABLE `bus_statement_item`  (
  `id` bigint(20) NOT NULL AUTO_INCREMENT,
  `statement_id` bigint(20) NULL DEFAULT NULL COMMENT 'ID',
  `item_id` bigint(20) NULL DEFAULT NULL COMMENT 'ID',
  `item_name` varchar(255) CHARACTER SET utf8 COLLATE utf8_general_ci NULL DEFAULT NULL COMMENT '',
  `item_price` decimal(10, 2) NULL DEFAULT NULL COMMENT '',
  `item_quantity` decimal(10, 0) NULL DEFAULT NULL COMMENT '',
  PRIMARY KEY (`id`) USING BTREE
) ENGINE = InnoDB AUTO_INCREMENT = 72 CHARACTER SET = utf8 COLLATE = utf8_general_ci COMMENT = '' ROW_FORMAT = Compact;

-- ----------------------------
-- Records of bus_statement_item
-- ----------------------------
INSERT INTO `bus_statement_item` VALUES (22, 69, 2, '', 88.00, 1);
INSERT INTO `bus_statement_item` VALUES (23, 69, 6, '', 500.00, 2);
INSERT INTO `bus_statement_item` VALUES (24, 69, 7, '', 88.00, 1);
INSERT INTO `bus_statement_item` VALUES (25, 69, 10, '', 199.00, 1);
INSERT INTO `bus_statement_item` VALUES (29, 68, 2, '', 88.00, 4);
INSERT INTO `bus_statement_item` VALUES (30, 68, 6, '', 500.00, 1);
INSERT INTO `bus_statement_item` VALUES (31, 68, 7, '', 88.00, 3);
INSERT INTO `bus_statement_item` VALUES (32, 68, 10, '', 199.00, 3);
INSERT INTO `bus_statement_item` VALUES (33, 68, 21, '', 100.00, 1);
INSERT INTO `bus_statement_item` VALUES (34, 67, 2, '', 88.00, 3);
INSERT INTO `bus_statement_item` VALUES (35, 67, 6, '', 500.00, 3);
INSERT INTO `bus_statement_item` VALUES (36, 67, 7, '', 88.00, 2);
INSERT INTO `bus_statement_item` VALUES (37, 67, 10, '', 199.00, 1);
INSERT INTO `bus_statement_item` VALUES (38, 70, 2, '', 88.00, 1);
INSERT INTO `bus_statement_item` VALUES (39, 70, 6, '', 500.00, 1);
INSERT INTO `bus_statement_item` VALUES (40, 70, 10, '', 199.00, 1);
INSERT INTO `bus_statement_item` VALUES (41, 70, 21, '', 100.00, 1);
INSERT INTO `bus_statement_item` VALUES (42, 82, 2, '', 88.00, 1);
INSERT INTO `bus_statement_item` VALUES (43, 82, 6, '', 500.00, 2);
INSERT INTO `bus_statement_item` VALUES (44, 82, 7, '', 88.00, 2);
INSERT INTO `bus_statement_item` VALUES (45, 82, 10, '', 199.00, 2);
INSERT INTO `bus_statement_item` VALUES (46, 85, 2, '', 88.00, 1);
INSERT INTO `bus_statement_item` VALUES (47, 85, 6, '', 500.00, 1);
INSERT INTO `bus_statement_item` VALUES (48, 85, 7, '', 88.00, 1);
INSERT INTO `bus_statement_item` VALUES (49, 85, 10, '', 199.00, 1);
INSERT INTO `bus_statement_item` VALUES (50, 88, 2, '', 88.00, 2);
INSERT INTO `bus_statement_item` VALUES (51, 88, 6, '', 500.00, 1);
INSERT INTO `bus_statement_item` VALUES (52, 88, 7, '', 88.00, 1);
INSERT INTO `bus_statement_item` VALUES (53, 88, 10, '', 199.00, 1);
INSERT INTO `bus_statement_item` VALUES (54, 89, 2, '', 88.00, 1);
INSERT INTO `bus_statement_item` VALUES (55, 89, 6, '', 500.00, 1);
INSERT INTO `bus_statement_item` VALUES (56, 89, 7, '', 88.00, 1);
INSERT INTO `bus_statement_item` VALUES (61, 90, 2, '', 88.00, 1);
INSERT INTO `bus_statement_item` VALUES (62, 90, 6, '', 500.00, 1);
INSERT INTO `bus_statement_item` VALUES (63, 71, 2, '', 88.00, 1);
INSERT INTO `bus_statement_item` VALUES (64, 71, 6, '', 500.00, 1);
INSERT INTO `bus_statement_item` VALUES (65, 71, 10, '', 199.00, 1);
INSERT INTO `bus_statement_item` VALUES (66, 92, 2, '', 88.00, 2);
INSERT INTO `bus_statement_item` VALUES (67, 92, 7, '', 88.00, 2);
INSERT INTO `bus_statement_item` VALUES (68, 92, 10, '', 199.00, 2);
INSERT INTO `bus_statement_item` VALUES (69, 93, 2, '', 88.00, 2);
INSERT INTO `bus_statement_item` VALUES (70, 93, 6, '', 500.00, 2);
INSERT INTO `bus_statement_item` VALUES (71, 93, 7, '', 88.00, 2);

-- ----------------------------
-- Table structure for gen_table
-- ----------------------------
DROP TABLE IF EXISTS `gen_table`;
CREATE TABLE `gen_table`  (
  `table_id` bigint(20) NOT NULL AUTO_INCREMENT COMMENT '',
  `table_name` varchar(200) CHARACTER SET utf8mb4 COLLATE utf8mb4_general_ci NULL DEFAULT '' COMMENT '',
  `table_comment` varchar(500) CHARACTER SET utf8mb4 COLLATE utf8mb4_general_ci NULL DEFAULT '' COMMENT '',
  `sub_table_name` varchar(64) CHARACTER SET utf8mb4 COLLATE utf8mb4_general_ci NULL DEFAULT NULL COMMENT '',
  `sub_table_fk_name` varchar(64) CHARACTER SET utf8mb4 COLLATE utf8mb4_general_ci NULL DEFAULT NULL COMMENT '',
  `class_name` varchar(100) CHARACTER SET utf8mb4 COLLATE utf8mb4_general_ci NULL DEFAULT '' COMMENT '',
  `tpl_category` varchar(200) CHARACTER SET utf8mb4 COLLATE utf8mb4_general_ci NULL DEFAULT 'crud' COMMENT 'crud tree',
  `package_name` varchar(100) CHARACTER SET utf8mb4 COLLATE utf8mb4_general_ci NULL DEFAULT NULL COMMENT '',
  `module_name` varchar(30) CHARACTER SET utf8mb4 COLLATE utf8mb4_general_ci NULL DEFAULT NULL COMMENT '',
  `business_name` varchar(30) CHARACTER SET utf8mb4 COLLATE utf8mb4_general_ci NULL DEFAULT NULL COMMENT '',
  `function_name` varchar(50) CHARACTER SET utf8mb4 COLLATE utf8mb4_general_ci NULL DEFAULT NULL COMMENT '',
  `function_author` varchar(50) CHARACTER SET utf8mb4 COLLATE utf8mb4_general_ci NULL DEFAULT NULL COMMENT '',
  `gen_type` char(1) CHARACTER SET utf8mb4 COLLATE utf8mb4_general_ci NULL DEFAULT '0' COMMENT '0zip 1',
  `gen_path` varchar(200) CHARACTER SET utf8mb4 COLLATE utf8mb4_general_ci NULL DEFAULT '/' COMMENT '',
  `options` varchar(1000) CHARACTER SET utf8mb4 COLLATE utf8mb4_general_ci NULL DEFAULT NULL COMMENT '',
  `create_by` varchar(64) CHARACTER SET utf8mb4 COLLATE utf8mb4_general_ci NULL DEFAULT '' COMMENT '',
  `create_time` datetime(0) NULL DEFAULT NULL COMMENT '',
  `update_by` varchar(64) CHARACTER SET utf8mb4 COLLATE utf8mb4_general_ci NULL DEFAULT '' COMMENT '',
  `update_time` datetime(0) NULL DEFAULT NULL COMMENT '',
  `remark` varchar(500) CHARACTER SET utf8mb4 COLLATE utf8mb4_general_ci NULL DEFAULT NULL COMMENT '',
  PRIMARY KEY (`table_id`) USING BTREE
) ENGINE = InnoDB AUTO_INCREMENT = 13 CHARACTER SET = utf8mb4 COLLATE = utf8mb4_general_ci COMMENT = '' ROW_FORMAT = Compact;

-- ----------------------------
-- Records of gen_table
-- ----------------------------
INSERT INTO `gen_table` VALUES (5, 'bus_appointment', '', NULL, NULL, 'BusAppointment', 'crud', 'cn.wolfcode.car.appointment', 'appointment', 'appointment', '', 'wolfcode', '0', '/', NULL, 'admin', '2022-12-27 17:13:35', '', NULL, NULL);
INSERT INTO `gen_table` VALUES (6, 'bus_service_item', '', NULL, NULL, 'BusServiceItem', 'crud', 'cn.wolfcode.car.appointment', 'appointment', 'item', '', 'wolfcode', '0', '/', NULL, 'admin', '2022-12-30 14:48:14', '', NULL, NULL);
INSERT INTO `gen_table` VALUES (7, 'bus_statement', '', NULL, NULL, 'BusStatement', 'crud', 'cn.wolfcode.car.appointment', 'appointment', 'statement', '', 'wolfcode', '0', '/', NULL, 'admin', '2023-01-02 14:51:52', '', NULL, NULL);
INSERT INTO `gen_table` VALUES (8, 'bus_statement_item', '', NULL, NULL, 'BusStatementItem', 'crud', 'cn.wolfcode.car.appointment', 'appointment', 'item', '', 'wolfcode', '0', '/', NULL, 'admin', '2023-01-03 10:09:40', '', NULL, NULL);
INSERT INTO `gen_table` VALUES (10, 'bus_bpmn_info', '', NULL, NULL, 'BusBpmnInfo', 'crud', 'cn.wolfcode.car.flowdefinition', 'flowdefinition', 'info', '', 'wolfcode', '0', '/', NULL, 'admin', '2023-01-05 16:44:25', '', NULL, NULL);
INSERT INTO `gen_table` VALUES (12, 'bus_car_package_audit', '', NULL, NULL, 'BusCarPackageAudit', 'crud', 'cn.wolfcode.car.audit', 'audit', 'audit', '', 'wolfcode', '0', '/', NULL, 'admin', '2023-01-07 17:05:13', '', NULL, NULL);

-- ----------------------------
-- Table structure for gen_table_column
-- ----------------------------
DROP TABLE IF EXISTS `gen_table_column`;
CREATE TABLE `gen_table_column`  (
  `column_id` bigint(20) NOT NULL AUTO_INCREMENT COMMENT '',
  `table_id` varchar(64) CHARACTER SET utf8mb4 COLLATE utf8mb4_general_ci NULL DEFAULT NULL COMMENT '',
  `column_name` varchar(200) CHARACTER SET utf8mb4 COLLATE utf8mb4_general_ci NULL DEFAULT NULL COMMENT '',
  `column_comment` varchar(500) CHARACTER SET utf8mb4 COLLATE utf8mb4_general_ci NULL DEFAULT NULL COMMENT '',
  `column_type` varchar(100) CHARACTER SET utf8mb4 COLLATE utf8mb4_general_ci NULL DEFAULT NULL COMMENT '',
  `java_type` varchar(500) CHARACTER SET utf8mb4 COLLATE utf8mb4_general_ci NULL DEFAULT NULL COMMENT 'JAVA',
  `java_field` varchar(200) CHARACTER SET utf8mb4 COLLATE utf8mb4_general_ci NULL DEFAULT NULL COMMENT 'JAVA',
  `is_pk` char(1) CHARACTER SET utf8mb4 COLLATE utf8mb4_general_ci NULL DEFAULT NULL COMMENT '1',
  `is_increment` char(1) CHARACTER SET utf8mb4 COLLATE utf8mb4_general_ci NULL DEFAULT NULL COMMENT '1',
  `is_required` char(1) CHARACTER SET utf8mb4 COLLATE utf8mb4_general_ci NULL DEFAULT NULL COMMENT '1',
  `is_insert` char(1) CHARACTER SET utf8mb4 COLLATE utf8mb4_general_ci NULL DEFAULT NULL COMMENT '1',
  `is_edit` char(1) CHARACTER SET utf8mb4 COLLATE utf8mb4_general_ci NULL DEFAULT NULL COMMENT '1',
  `is_list` char(1) CHARACTER SET utf8mb4 COLLATE utf8mb4_general_ci NULL DEFAULT NULL COMMENT '1',
  `is_query` char(1) CHARACTER SET utf8mb4 COLLATE utf8mb4_general_ci NULL DEFAULT NULL COMMENT '1',
  `query_type` varchar(200) CHARACTER SET utf8mb4 COLLATE utf8mb4_general_ci NULL DEFAULT 'EQ' COMMENT '',
  `html_type` varchar(200) CHARACTER SET utf8mb4 COLLATE utf8mb4_general_ci NULL DEFAULT NULL COMMENT '',
  `dict_type` varchar(200) CHARACTER SET utf8mb4 COLLATE utf8mb4_general_ci NULL DEFAULT '' COMMENT '',
  `sort` int(11) NULL DEFAULT NULL COMMENT '',
  `create_by` varchar(64) CHARACTER SET utf8mb4 COLLATE utf8mb4_general_ci NULL DEFAULT '' COMMENT '',
  `create_time` datetime(0) NULL DEFAULT NULL COMMENT '',
  `update_by` varchar(64) CHARACTER SET utf8mb4 COLLATE utf8mb4_general_ci NULL DEFAULT '' COMMENT '',
  `update_time` datetime(0) NULL DEFAULT NULL COMMENT '',
  PRIMARY KEY (`column_id`) USING BTREE
) ENGINE = InnoDB AUTO_INCREMENT = 120 CHARACTER SET = utf8mb4 COLLATE = utf8mb4_general_ci COMMENT = '' ROW_FORMAT = Compact;

-- ----------------------------
-- Records of gen_table_column
-- ----------------------------
INSERT INTO `gen_table_column` VALUES (42, '5', 'id', NULL, 'bigint(20)', 'Long', 'id', '1', '1', NULL, '1', NULL, NULL, NULL, 'EQ', 'input', '', 1, 'admin', '2022-12-27 17:13:35', '', NULL);
INSERT INTO `gen_table_column` VALUES (43, '5', 'customer_name', '', 'varchar(20)', 'String', 'customerName', '0', '0', NULL, '1', '1', '1', '1', 'LIKE', 'input', '', 2, 'admin', '2022-12-27 17:13:35', '', NULL);
INSERT INTO `gen_table_column` VALUES (44, '5', 'customer_phone', '', 'varchar(11)', 'String', 'customerPhone', '0', '0', NULL, '1', '1', '1', '1', 'EQ', 'input', '', 3, 'admin', '2022-12-27 17:13:35', '', NULL);
INSERT INTO `gen_table_column` VALUES (45, '5', 'appointment_time', '', 'datetime', 'Date', 'appointmentTime', '0', '0', NULL, '1', '1', '1', '1', 'EQ', 'datetime', '', 4, 'admin', '2022-12-27 17:13:35', '', NULL);
INSERT INTO `gen_table_column` VALUES (46, '5', 'actual_arrival_time', '', 'datetime', 'Date', 'actualArrivalTime', '0', '0', NULL, '1', '1', '1', '1', 'EQ', 'datetime', '', 5, 'admin', '2022-12-27 17:13:35', '', NULL);
INSERT INTO `gen_table_column` VALUES (47, '5', 'license_plate', '', 'varchar(9)', 'String', 'licensePlate', '0', '0', NULL, '1', '1', '1', '1', 'EQ', 'input', '', 6, 'admin', '2022-12-27 17:13:35', '', NULL);
INSERT INTO `gen_table_column` VALUES (48, '5', 'car_series', '', 'varchar(20)', 'String', 'carSeries', '0', '0', NULL, '1', '1', '1', '1', 'EQ', 'input', '', 7, 'admin', '2022-12-27 17:13:35', '', NULL);
INSERT INTO `gen_table_column` VALUES (49, '5', 'service_type', '0/1', 'int(1)', 'Integer', 'serviceType', '0', '0', NULL, '1', '1', '1', '1', 'EQ', 'select', '', 8, 'admin', '2022-12-27 17:13:35', '', NULL);
INSERT INTO `gen_table_column` VALUES (50, '5', 'create_time', '', 'datetime', 'Date', 'createTime', '0', '0', NULL, '1', NULL, NULL, NULL, 'EQ', 'datetime', '', 9, 'admin', '2022-12-27 17:13:35', '', NULL);
INSERT INTO `gen_table_column` VALUES (51, '5', 'info', '', 'varchar(255)', 'String', 'info', '0', '0', NULL, '1', '1', '1', '1', 'EQ', 'input', '', 10, 'admin', '2022-12-27 17:13:35', '', NULL);
INSERT INTO `gen_table_column` VALUES (52, '5', 'status', '0/1/2/3/4/5', 'int(1)', 'Integer', 'status', '0', '0', NULL, '1', '1', '1', '1', 'EQ', 'radio', '', 11, 'admin', '2022-12-27 17:13:35', '', NULL);
INSERT INTO `gen_table_column` VALUES (53, '6', 'id', NULL, 'bigint(20)', 'Long', 'id', '1', '1', NULL, '1', NULL, NULL, NULL, 'EQ', 'input', '', 1, 'admin', '2022-12-30 14:48:14', '', NULL);
INSERT INTO `gen_table_column` VALUES (54, '6', 'name', '', 'varchar(100)', 'String', 'name', '0', '0', NULL, '1', '1', '1', '1', 'LIKE', 'input', '', 2, 'admin', '2022-12-30 14:48:14', '', NULL);
INSERT INTO `gen_table_column` VALUES (55, '6', 'original_price', '', 'decimal(10,2)', 'BigDecimal', 'originalPrice', '0', '0', NULL, '1', '1', '1', '1', 'EQ', 'input', '', 3, 'admin', '2022-12-30 14:48:14', '', NULL);
INSERT INTO `gen_table_column` VALUES (56, '6', 'discount_price', '', 'decimal(10,2)', 'BigDecimal', 'discountPrice', '0', '0', NULL, '1', '1', '1', '1', 'EQ', 'input', '', 4, 'admin', '2022-12-30 14:48:14', '', NULL);
INSERT INTO `gen_table_column` VALUES (57, '6', 'car_package', '1/0', 'int(1)', 'Integer', 'carPackage', '0', '0', NULL, '1', '1', '1', '1', 'EQ', 'input', '', 5, 'admin', '2022-12-30 14:48:14', '', NULL);
INSERT INTO `gen_table_column` VALUES (58, '6', 'info', '', 'varchar(255)', 'String', 'info', '0', '0', NULL, '1', '1', '1', '1', 'EQ', 'input', '', 6, 'admin', '2022-12-30 14:48:14', '', NULL);
INSERT INTO `gen_table_column` VALUES (59, '6', 'create_time', '', 'datetime', 'Date', 'createTime', '0', '0', NULL, '1', NULL, NULL, NULL, 'EQ', 'datetime', '', 7, 'admin', '2022-12-30 14:48:14', '', NULL);
INSERT INTO `gen_table_column` VALUES (60, '6', 'service_catalog', '//', 'int(1)', 'Integer', 'serviceCatalog', '0', '0', NULL, '1', '1', '1', '1', 'EQ', 'input', '', 8, 'admin', '2022-12-30 14:48:14', '', NULL);
INSERT INTO `gen_table_column` VALUES (61, '6', 'audit_status', '0/1/2/3/4', 'int(1)', 'Integer', 'auditStatus', '0', '0', NULL, '1', '1', '1', '1', 'EQ', 'radio', '', 9, 'admin', '2022-12-30 14:48:14', '', NULL);
INSERT INTO `gen_table_column` VALUES (62, '6', 'sale_status', '1/0', 'int(1)', 'Integer', 'saleStatus', '0', '0', NULL, '1', '1', '1', '1', 'EQ', 'radio', '', 10, 'admin', '2022-12-30 14:48:14', '', NULL);
INSERT INTO `gen_table_column` VALUES (63, '7', 'id', NULL, 'bigint(11)', 'Long', 'id', '1', '1', NULL, '1', NULL, NULL, NULL, 'EQ', 'input', '', 1, 'admin', '2023-01-02 14:51:52', '', NULL);
INSERT INTO `gen_table_column` VALUES (64, '7', 'customer_name', '', 'varchar(20)', 'String', 'customerName', '0', '0', NULL, '1', '1', '1', '1', 'LIKE', 'input', '', 2, 'admin', '2023-01-02 14:51:52', '', NULL);
INSERT INTO `gen_table_column` VALUES (65, '7', 'customer_phone', '', 'varchar(11)', 'String', 'customerPhone', '0', '0', NULL, '1', '1', '1', '1', 'EQ', 'input', '', 3, 'admin', '2023-01-02 14:51:52', '', NULL);
INSERT INTO `gen_table_column` VALUES (66, '7', 'actual_arrival_time', '', 'datetime', 'Date', 'actualArrivalTime', '0', '0', NULL, '1', '1', '1', '1', 'EQ', 'datetime', '', 4, 'admin', '2023-01-02 14:51:52', '', NULL);
INSERT INTO `gen_table_column` VALUES (67, '7', 'license_plate', '', 'varchar(9)', 'String', 'licensePlate', '0', '0', NULL, '1', '1', '1', '1', 'EQ', 'input', '', 5, 'admin', '2023-01-02 14:51:52', '', NULL);
INSERT INTO `gen_table_column` VALUES (68, '7', 'car_series', '', 'varchar(100)', 'String', 'carSeries', '0', '0', NULL, '1', '1', '1', '1', 'EQ', 'input', '', 6, 'admin', '2023-01-02 14:51:52', '', NULL);
INSERT INTO `gen_table_column` VALUES (69, '7', 'service_type', '0/1', 'int(1)', 'Integer', 'serviceType', '0', '0', NULL, '1', '1', '1', '1', 'EQ', 'select', '', 7, 'admin', '2023-01-02 14:51:52', '', NULL);
INSERT INTO `gen_table_column` VALUES (70, '7', 'appointment_id', 'ID,', 'bigint(20)', 'Long', 'appointmentId', '0', '0', NULL, '1', '1', '1', '1', 'EQ', 'input', '', 8, 'admin', '2023-01-02 14:51:52', '', NULL);
INSERT INTO `gen_table_column` VALUES (71, '7', 'status', '0/1', 'int(1)', 'Integer', 'status', '0', '0', NULL, '1', '1', '1', '1', 'EQ', 'radio', '', 9, 'admin', '2023-01-02 14:51:52', '', NULL);
INSERT INTO `gen_table_column` VALUES (72, '7', 'pay_time', '', 'datetime', 'Date', 'payTime', '0', '0', NULL, '1', '1', '1', '1', 'EQ', 'datetime', '', 10, 'admin', '2023-01-02 14:51:52', '', NULL);
INSERT INTO `gen_table_column` VALUES (73, '7', 'payee_id', 'id', 'bigint(11)', 'Long', 'payeeId', '0', '0', NULL, '1', '1', '1', '1', 'EQ', 'input', '', 11, 'admin', '2023-01-02 14:51:52', '', NULL);
INSERT INTO `gen_table_column` VALUES (74, '7', 'total_amount', '', 'decimal(10,2)', 'BigDecimal', 'totalAmount', '0', '0', NULL, '1', '1', '1', '1', 'EQ', 'input', '', 12, 'admin', '2023-01-02 14:51:52', '', NULL);
INSERT INTO `gen_table_column` VALUES (75, '7', 'total_quantity', '', 'decimal(10,2)', 'BigDecimal', 'totalQuantity', '0', '0', NULL, '1', '1', '1', '1', 'EQ', 'input', '', 13, 'admin', '2023-01-02 14:51:52', '', NULL);
INSERT INTO `gen_table_column` VALUES (76, '7', 'discount_amount', '', 'decimal(10,2)', 'BigDecimal', 'discountAmount', '0', '0', NULL, '1', '1', '1', '1', 'EQ', 'input', '', 14, 'admin', '2023-01-02 14:51:52', '', NULL);
INSERT INTO `gen_table_column` VALUES (77, '7', 'create_time', '', 'datetime', 'Date', 'createTime', '0', '0', NULL, '1', NULL, NULL, NULL, 'EQ', 'datetime', '', 15, 'admin', '2023-01-02 14:51:52', '', NULL);
INSERT INTO `gen_table_column` VALUES (78, '7', 'info', '', 'varchar(255)', 'String', 'info', '0', '0', NULL, '1', '1', '1', '1', 'EQ', 'input', '', 16, 'admin', '2023-01-02 14:51:52', '', NULL);
INSERT INTO `gen_table_column` VALUES (79, '7', 'is_delete', '0/1', 'int(1)', 'Integer', 'isDelete', '0', '0', NULL, '1', '1', '1', '1', 'EQ', 'input', '', 17, 'admin', '2023-01-02 14:51:52', '', NULL);
INSERT INTO `gen_table_column` VALUES (80, '8', 'id', NULL, 'bigint(20)', 'Long', 'id', '1', '1', NULL, '1', NULL, NULL, NULL, 'EQ', 'input', '', 1, 'admin', '2023-01-03 10:09:40', '', NULL);
INSERT INTO `gen_table_column` VALUES (81, '8', 'statement_id', 'ID', 'bigint(20)', 'Long', 'statementId', '0', '0', NULL, '1', '1', '1', '1', 'EQ', 'input', '', 2, 'admin', '2023-01-03 10:09:40', '', NULL);
INSERT INTO `gen_table_column` VALUES (82, '8', 'item_id', 'ID', 'bigint(20)', 'Long', 'itemId', '0', '0', NULL, '1', '1', '1', '1', 'EQ', 'input', '', 3, 'admin', '2023-01-03 10:09:40', '', NULL);
INSERT INTO `gen_table_column` VALUES (83, '8', 'item_name', '', 'varchar(255)', 'String', 'itemName', '0', '0', NULL, '1', '1', '1', '1', 'LIKE', 'input', '', 4, 'admin', '2023-01-03 10:09:40', '', NULL);
INSERT INTO `gen_table_column` VALUES (84, '8', 'item_price', '', 'decimal(10,2)', 'BigDecimal', 'itemPrice', '0', '0', NULL, '1', '1', '1', '1', 'EQ', 'input', '', 5, 'admin', '2023-01-03 10:09:40', '', NULL);
INSERT INTO `gen_table_column` VALUES (85, '8', 'item_quantity', '', 'decimal(10,0)', 'Long', 'itemQuantity', '0', '0', NULL, '1', '1', '1', '1', 'EQ', 'input', '', 6, 'admin', '2023-01-03 10:09:40', '', NULL);
INSERT INTO `gen_table_column` VALUES (93, '10', 'id', '', 'bigint(20)', 'Long', 'id', '1', '1', NULL, '1', NULL, NULL, NULL, 'EQ', 'input', '', 1, 'admin', '2023-01-05 16:44:25', '', NULL);
INSERT INTO `gen_table_column` VALUES (94, '10', 'bpmn_label', '', 'varchar(255)', 'String', 'bpmnLabel', '0', '0', NULL, '1', '1', '1', '1', 'EQ', 'input', '', 2, 'admin', '2023-01-05 16:44:25', '', NULL);
INSERT INTO `gen_table_column` VALUES (95, '10', 'bpmn_type', '', 'int(1)', 'Integer', 'bpmnType', '0', '0', NULL, '1', '1', '1', '1', 'EQ', 'select', '', 3, 'admin', '2023-01-05 16:44:25', '', NULL);
INSERT INTO `gen_table_column` VALUES (96, '10', 'process_definition_key', 'activitykey', 'varchar(255)', 'String', 'processDefinitionKey', '0', '0', NULL, '1', '1', '1', '1', 'EQ', 'input', '', 4, 'admin', '2023-01-05 16:44:25', '', NULL);
INSERT INTO `gen_table_column` VALUES (97, '10', 'deploy_time', '', 'datetime', 'Date', 'deployTime', '0', '0', NULL, '1', '1', '1', '1', 'EQ', 'datetime', '', 5, 'admin', '2023-01-05 16:44:25', '', NULL);
INSERT INTO `gen_table_column` VALUES (98, '10', 'version', '', 'int(11)', 'Long', 'version', '0', '0', NULL, '1', '1', '1', '1', 'EQ', 'input', '', 6, 'admin', '2023-01-05 16:44:25', '', NULL);
INSERT INTO `gen_table_column` VALUES (99, '10', 'info', '', 'varchar(255)', 'String', 'info', '0', '0', NULL, '1', '1', '1', '1', 'EQ', 'input', '', 7, 'admin', '2023-01-05 16:44:25', '', NULL);
INSERT INTO `gen_table_column` VALUES (110, '12', 'id', '', 'bigint(20)', 'Long', 'id', '1', '1', NULL, '1', NULL, NULL, NULL, 'EQ', 'input', '', 1, 'admin', '2023-01-07 17:05:13', '', NULL);
INSERT INTO `gen_table_column` VALUES (111, '12', 'service_item_id', 'id', 'bigint(20)', 'Long', 'serviceItemId', '0', '0', NULL, '1', '1', '1', '1', 'EQ', 'input', '', 2, 'admin', '2023-01-07 17:05:13', '', NULL);
INSERT INTO `gen_table_column` VALUES (112, '12', 'service_item_name', '', 'varchar(100)', 'String', 'serviceItemName', '0', '0', NULL, '1', '1', '1', '1', 'LIKE', 'input', '', 3, 'admin', '2023-01-07 17:05:13', '', NULL);
INSERT INTO `gen_table_column` VALUES (113, '12', 'service_item_info', '', 'varchar(255)', 'String', 'serviceItemInfo', '0', '0', NULL, '1', '1', '1', '1', 'EQ', 'input', '', 4, 'admin', '2023-01-07 17:05:13', '', NULL);
INSERT INTO `gen_table_column` VALUES (114, '12', 'service_item_price', '', 'decimal(10,2)', 'BigDecimal', 'serviceItemPrice', '0', '0', NULL, '1', '1', '1', '1', 'EQ', 'input', '', 5, 'admin', '2023-01-07 17:05:13', '', NULL);
INSERT INTO `gen_table_column` VALUES (115, '12', 'instance_id', 'id', 'varchar(64)', 'String', 'instanceId', '0', '0', NULL, '1', '1', '1', '1', 'EQ', 'input', '', 6, 'admin', '2023-01-07 17:05:13', '', NULL);
INSERT INTO `gen_table_column` VALUES (116, '12', 'creator_id', '', 'varchar(20)', 'String', 'creatorId', '0', '0', NULL, '1', '1', '1', '1', 'EQ', 'input', '', 7, 'admin', '2023-01-07 17:05:13', '', NULL);
INSERT INTO `gen_table_column` VALUES (117, '12', 'info', '', 'varchar(255)', 'String', 'info', '0', '0', NULL, '1', '1', '1', '1', 'EQ', 'input', '', 8, 'admin', '2023-01-07 17:05:13', '', NULL);
INSERT INTO `gen_table_column` VALUES (118, '12', 'status', '0/1/2/3', 'int(1)', 'Integer', 'status', '0', '0', NULL, '1', '1', '1', '1', 'EQ', 'radio', '', 9, 'admin', '2023-01-07 17:05:13', '', NULL);
INSERT INTO `gen_table_column` VALUES (119, '12', 'create_time', '', 'datetime', 'Date', 'createTime', '0', '0', NULL, '1', NULL, NULL, NULL, 'EQ', 'datetime', '', 10, 'admin', '2023-01-07 17:05:13', '', NULL);

-- ----------------------------
-- Table structure for sys_config
-- ----------------------------
DROP TABLE IF EXISTS `sys_config`;
CREATE TABLE `sys_config`  (
  `config_id` int(5) NOT NULL AUTO_INCREMENT COMMENT '',
  `config_name` varchar(100) CHARACTER SET utf8mb4 COLLATE utf8mb4_general_ci NULL DEFAULT '' COMMENT '',
  `config_key` varchar(100) CHARACTER SET utf8mb4 COLLATE utf8mb4_general_ci NULL DEFAULT '' COMMENT '',
  `config_value` varchar(500) CHARACTER SET utf8mb4 COLLATE utf8mb4_general_ci NULL DEFAULT '' COMMENT '',
  `config_type` char(1) CHARACTER SET utf8mb4 COLLATE utf8mb4_general_ci NULL DEFAULT 'N' COMMENT 'Y N',
  `create_by` varchar(64) CHARACTER SET utf8mb4 COLLATE utf8mb4_general_ci NULL DEFAULT '' COMMENT '',
  `create_time` datetime(0) NULL DEFAULT NULL COMMENT '',
  `update_by` varchar(64) CHARACTER SET utf8mb4 COLLATE utf8mb4_general_ci NULL DEFAULT '' COMMENT '',
  `update_time` datetime(0) NULL DEFAULT NULL COMMENT '',
  `remark` varchar(500) CHARACTER SET utf8mb4 COLLATE utf8mb4_general_ci NULL DEFAULT NULL COMMENT '',
  PRIMARY KEY (`config_id`) USING BTREE
) ENGINE = InnoDB AUTO_INCREMENT = 6 CHARACTER SET = utf8mb4 COLLATE = utf8mb4_general_ci COMMENT = '' ROW_FORMAT = Compact;

-- ----------------------------
-- Records of sys_config
-- ----------------------------
INSERT INTO `sys_config` VALUES (1, '-', 'sys.index.skinName', 'skin-blue', 'Y', 'admin', '2022-12-24 10:03:11', '', NULL, ' skin-blue skin-green skin-purple skin-red skin-yellow');
INSERT INTO `sys_config` VALUES (2, '-', 'sys.user.initPassword', '123456', 'Y', 'admin', '2022-12-24 10:03:11', '', NULL, ' 123456');
INSERT INTO `sys_config` VALUES (3, '-', 'sys.index.sideTheme', 'theme-dark', 'Y', 'admin', '2022-12-24 10:03:11', '', NULL, 'theme-darktheme-light');
INSERT INTO `sys_config` VALUES (4, '-', 'sys.account.captchaOnOff', 'true', 'Y', 'admin', '2022-12-24 10:03:11', 'admin', '2022-12-26 09:34:54', 'truefalse');
INSERT INTO `sys_config` VALUES (5, '-', 'sys.account.registerUser', 'false', 'Y', 'admin', '2022-12-24 10:03:11', '', NULL, 'truefalse');

-- ----------------------------
-- Table structure for sys_dept
-- ----------------------------
DROP TABLE IF EXISTS `sys_dept`;
CREATE TABLE `sys_dept`  (
  `dept_id` bigint(20) NOT NULL AUTO_INCREMENT COMMENT 'id',
  `parent_id` bigint(20) NULL DEFAULT 0 COMMENT 'id',
  `ancestors` varchar(50) CHARACTER SET utf8mb4 COLLATE utf8mb4_general_ci NULL DEFAULT '' COMMENT '',
  `dept_name` varchar(30) CHARACTER SET utf8mb4 COLLATE utf8mb4_general_ci NULL DEFAULT '' COMMENT '',
  `order_num` int(4) NULL DEFAULT 0 COMMENT '',
  `leader` varchar(20) CHARACTER SET utf8mb4 COLLATE utf8mb4_general_ci NULL DEFAULT NULL COMMENT '',
  `phone` varchar(11) CHARACTER SET utf8mb4 COLLATE utf8mb4_general_ci NULL DEFAULT NULL COMMENT '',
  `email` varchar(50) CHARACTER SET utf8mb4 COLLATE utf8mb4_general_ci NULL DEFAULT NULL COMMENT '',
  `status` char(1) CHARACTER SET utf8mb4 COLLATE utf8mb4_general_ci NULL DEFAULT '0' COMMENT '0 1',
  `del_flag` char(1) CHARACTER SET utf8mb4 COLLATE utf8mb4_general_ci NULL DEFAULT '0' COMMENT '0 2',
  `create_by` varchar(64) CHARACTER SET utf8mb4 COLLATE utf8mb4_general_ci NULL DEFAULT '' COMMENT '',
  `create_time` datetime(0) NULL DEFAULT NULL COMMENT '',
  `update_by` varchar(64) CHARACTER SET utf8mb4 COLLATE utf8mb4_general_ci NULL DEFAULT '' COMMENT '',
  `update_time` datetime(0) NULL DEFAULT NULL COMMENT '',
  PRIMARY KEY (`dept_id`) USING BTREE
) ENGINE = InnoDB AUTO_INCREMENT = 110 CHARACTER SET = utf8mb4 COLLATE = utf8mb4_general_ci COMMENT = '' ROW_FORMAT = Compact;

-- ----------------------------
-- Records of sys_dept
-- ----------------------------
INSERT INTO `sys_dept` VALUES (100, 0, '0', '', 0, '', '15888888888', 'ry@qq.com', '0', '0', 'admin', '2022-12-24 10:03:11', '', NULL);
INSERT INTO `sys_dept` VALUES (101, 100, '0,100', '', 1, '', '15888888888', 'ry@qq.com', '0', '0', 'admin', '2022-12-24 10:03:11', '', NULL);
INSERT INTO `sys_dept` VALUES (102, 100, '0,100', '', 2, '', '15888888888', 'ry@qq.com', '0', '0', 'admin', '2022-12-24 10:03:11', '', NULL);
INSERT INTO `sys_dept` VALUES (103, 101, '0,100,101', '', 1, '', '15888888888', 'ry@qq.com', '0', '0', 'admin', '2022-12-24 10:03:11', '', NULL);
INSERT INTO `sys_dept` VALUES (104, 101, '0,100,101', '', 2, '', '15888888888', 'ry@qq.com', '0', '0', 'admin', '2022-12-24 10:03:11', '', NULL);
INSERT INTO `sys_dept` VALUES (105, 101, '0,100,101', '', 3, '', '15888888888', 'ry@qq.com', '0', '0', 'admin', '2022-12-24 10:03:11', '', NULL);
INSERT INTO `sys_dept` VALUES (106, 101, '0,100,101', '', 4, '', '15888888888', 'ry@qq.com', '0', '0', 'admin', '2022-12-24 10:03:11', '', NULL);
INSERT INTO `sys_dept` VALUES (107, 101, '0,100,101', '', 5, '', '15888888888', 'ry@qq.com', '0', '0', 'admin', '2022-12-24 10:03:11', '', NULL);
INSERT INTO `sys_dept` VALUES (108, 102, '0,100,102', '', 1, '', '15888888888', 'ry@qq.com', '0', '0', 'admin', '2022-12-24 10:03:11', '', NULL);
INSERT INTO `sys_dept` VALUES (109, 102, '0,100,102', '', 2, '', '15888888888', 'ry@qq.com', '0', '0', 'admin', '2022-12-24 10:03:11', '', NULL);

-- ----------------------------
-- Table structure for sys_dict_data
-- ----------------------------
DROP TABLE IF EXISTS `sys_dict_data`;
CREATE TABLE `sys_dict_data`  (
  `dict_code` bigint(20) NOT NULL AUTO_INCREMENT COMMENT '',
  `dict_sort` int(4) NULL DEFAULT 0 COMMENT '',
  `dict_label` varchar(100) CHARACTER SET utf8mb4 COLLATE utf8mb4_general_ci NULL DEFAULT '' COMMENT '',
  `dict_value` varchar(100) CHARACTER SET utf8mb4 COLLATE utf8mb4_general_ci NULL DEFAULT '' COMMENT '',
  `dict_type` varchar(100) CHARACTER SET utf8mb4 COLLATE utf8mb4_general_ci NULL DEFAULT '' COMMENT '',
  `css_class` varchar(100) CHARACTER SET utf8mb4 COLLATE utf8mb4_general_ci NULL DEFAULT NULL COMMENT '',
  `list_class` varchar(100) CHARACTER SET utf8mb4 COLLATE utf8mb4_general_ci NULL DEFAULT NULL COMMENT '',
  `is_default` char(1) CHARACTER SET utf8mb4 COLLATE utf8mb4_general_ci NULL DEFAULT 'N' COMMENT 'Y N',
  `status` char(1) CHARACTER SET utf8mb4 COLLATE utf8mb4_general_ci NULL DEFAULT '0' COMMENT '0 1',
  `create_by` varchar(64) CHARACTER SET utf8mb4 COLLATE utf8mb4_general_ci NULL DEFAULT '' COMMENT '',
  `create_time` datetime(0) NULL DEFAULT NULL COMMENT '',
  `update_by` varchar(64) CHARACTER SET utf8mb4 COLLATE utf8mb4_general_ci NULL DEFAULT '' COMMENT '',
  `update_time` datetime(0) NULL DEFAULT NULL COMMENT '',
  `remark` varchar(500) CHARACTER SET utf8mb4 COLLATE utf8mb4_general_ci NULL DEFAULT NULL COMMENT '',
  PRIMARY KEY (`dict_code`) USING BTREE
) ENGINE = InnoDB AUTO_INCREMENT = 130 CHARACTER SET = utf8mb4 COLLATE = utf8mb4_general_ci COMMENT = '' ROW_FORMAT = Compact;

-- ----------------------------
-- Records of sys_dict_data
-- ----------------------------
INSERT INTO `sys_dict_data` VALUES (1, 1, '', '0', 'sys_user_sex', '', '', 'Y', '0', 'admin', '2022-12-24 10:03:11', '', NULL, '');
INSERT INTO `sys_dict_data` VALUES (2, 2, '', '1', 'sys_user_sex', '', '', 'N', '0', 'admin', '2022-12-24 10:03:11', '', NULL, '');
INSERT INTO `sys_dict_data` VALUES (3, 3, '', '2', 'sys_user_sex', '', '', 'N', '0', 'admin', '2022-12-24 10:03:11', 'admin', '2022-12-24 11:11:02', '');
INSERT INTO `sys_dict_data` VALUES (4, 1, '', '0', 'sys_show_hide', '', 'primary', 'Y', '0', 'admin', '2022-12-24 10:03:11', '', NULL, '');
INSERT INTO `sys_dict_data` VALUES (5, 2, '', '1', 'sys_show_hide', '', 'danger', 'N', '0', 'admin', '2022-12-24 10:03:11', '', NULL, '');
INSERT INTO `sys_dict_data` VALUES (6, 1, '', '0', 'sys_normal_disable', '', 'primary', 'Y', '0', 'admin', '2022-12-24 10:03:11', '', NULL, '');
INSERT INTO `sys_dict_data` VALUES (7, 2, '', '1', 'sys_normal_disable', '', 'danger', 'N', '0', 'admin', '2022-12-24 10:03:11', '', NULL, '');
INSERT INTO `sys_dict_data` VALUES (8, 1, '', '0', 'sys_job_status', '', 'primary', 'Y', '0', 'admin', '2022-12-24 10:03:11', '', NULL, '');
INSERT INTO `sys_dict_data` VALUES (9, 2, '', '1', 'sys_job_status', '', 'danger', 'N', '0', 'admin', '2022-12-24 10:03:11', '', NULL, '');
INSERT INTO `sys_dict_data` VALUES (10, 1, '', 'DEFAULT', 'sys_job_group', '', '', 'Y', '0', 'admin', '2022-12-24 10:03:11', '', NULL, '');
INSERT INTO `sys_dict_data` VALUES (11, 2, '', 'SYSTEM', 'sys_job_group', '', '', 'N', '0', 'admin', '2022-12-24 10:03:11', '', NULL, '');
INSERT INTO `sys_dict_data` VALUES (12, 1, '', 'Y', 'sys_yes_no', '', 'primary', 'Y', '0', 'admin', '2022-12-24 10:03:11', '', NULL, '');
INSERT INTO `sys_dict_data` VALUES (13, 2, '', 'N', 'sys_yes_no', '', 'danger', 'N', '0', 'admin', '2022-12-24 10:03:11', '', NULL, '');
INSERT INTO `sys_dict_data` VALUES (14, 1, '', '1', 'sys_notice_type', '', 'warning', 'Y', '0', 'admin', '2022-12-24 10:03:11', '', NULL, '');
INSERT INTO `sys_dict_data` VALUES (15, 2, '', '2', 'sys_notice_type', '', 'success', 'N', '0', 'admin', '2022-12-24 10:03:11', '', NULL, '');
INSERT INTO `sys_dict_data` VALUES (16, 1, '', '0', 'sys_notice_status', '', 'primary', 'Y', '0', 'admin', '2022-12-24 10:03:11', '', NULL, '');
INSERT INTO `sys_dict_data` VALUES (17, 2, '', '1', 'sys_notice_status', '', 'danger', 'N', '0', 'admin', '2022-12-24 10:03:11', '', NULL, '');
INSERT INTO `sys_dict_data` VALUES (18, 1, '', '1', 'sys_oper_type', '', 'info', 'N', '0', 'admin', '2022-12-24 10:03:11', '', NULL, '');
INSERT INTO `sys_dict_data` VALUES (19, 2, '', '2', 'sys_oper_type', '', 'info', 'N', '0', 'admin', '2022-12-24 10:03:11', '', NULL, '');
INSERT INTO `sys_dict_data` VALUES (20, 3, '', '3', 'sys_oper_type', '', 'danger', 'N', '0', 'admin', '2022-12-24 10:03:11', '', NULL, '');
INSERT INTO `sys_dict_data` VALUES (21, 4, '', '4', 'sys_oper_type', '', 'primary', 'N', '0', 'admin', '2022-12-24 10:03:11', '', NULL, '');
INSERT INTO `sys_dict_data` VALUES (22, 5, '', '5', 'sys_oper_type', '', 'warning', 'N', '0', 'admin', '2022-12-24 10:03:11', '', NULL, '');
INSERT INTO `sys_dict_data` VALUES (23, 6, '', '6', 'sys_oper_type', '', 'warning', 'N', '0', 'admin', '2022-12-24 10:03:11', '', NULL, '');
INSERT INTO `sys_dict_data` VALUES (24, 7, '', '7', 'sys_oper_type', '', 'danger', 'N', '0', 'admin', '2022-12-24 10:03:11', '', NULL, '');
INSERT INTO `sys_dict_data` VALUES (25, 8, '', '8', 'sys_oper_type', '', 'warning', 'N', '0', 'admin', '2022-12-24 10:03:11', '', NULL, '');
INSERT INTO `sys_dict_data` VALUES (26, 9, '', '9', 'sys_oper_type', '', 'danger', 'N', '0', 'admin', '2022-12-24 10:03:11', '', NULL, '');
INSERT INTO `sys_dict_data` VALUES (27, 1, '', '0', 'sys_common_status', '', 'primary', 'N', '0', 'admin', '2022-12-24 10:03:11', '', NULL, '');
INSERT INTO `sys_dict_data` VALUES (28, 2, '', '1', 'sys_common_status', '', 'danger', 'N', '0', 'admin', '2022-12-24 10:03:11', '', NULL, '');
INSERT INTO `sys_dict_data` VALUES (100, 0, '', '0', 'cmi_service_type', NULL, 'default', 'N', '0', 'admin', '2022-12-29 11:46:43', 'admin', '2022-12-29 12:01:20', '');
INSERT INTO `sys_dict_data` VALUES (101, 1, '', '1', 'cmi_service_type', NULL, 'default', 'N', '0', 'admin', '2022-12-29 11:47:03', 'admin', '2022-12-29 14:30:32', '');
INSERT INTO `sys_dict_data` VALUES (102, 0, '', '0', 'cmi_status', NULL, 'default', 'N', '0', 'admin', '2022-12-29 17:04:14', '', NULL, '');
INSERT INTO `sys_dict_data` VALUES (103, 1, '', '1', 'cmi_status', NULL, 'default', 'N', '0', 'admin', '2022-12-29 17:04:31', '', NULL, '');
INSERT INTO `sys_dict_data` VALUES (104, 2, '', '2', 'cmi_status', NULL, 'default', 'N', '0', 'admin', '2022-12-29 17:04:46', '', NULL, '');
INSERT INTO `sys_dict_data` VALUES (105, 3, '', '3', 'cmi_status', NULL, 'default', 'N', '0', 'admin', '2022-12-29 17:05:01', '', NULL, '');
INSERT INTO `sys_dict_data` VALUES (106, 4, '', '4', 'cmi_status', NULL, 'default', 'N', '0', 'admin', '2022-12-29 17:05:26', '', NULL, NULL);
INSERT INTO `sys_dict_data` VALUES (107, 5, '', '5', 'cmi_status', NULL, 'default', 'N', '0', 'admin', '2022-12-29 17:05:38', '', NULL, NULL);
INSERT INTO `sys_dict_data` VALUES (108, 2, '', '2', 'cmi_service_type', NULL, 'default', 'N', '0', 'admin', '2022-12-30 09:14:41', '', NULL, '');
INSERT INTO `sys_dict_data` VALUES (109, 0, '', '1', 'si_car_package', NULL, 'default', 'N', '0', 'admin', '2022-12-30 15:23:49', '', NULL, '');
INSERT INTO `sys_dict_data` VALUES (110, 1, '', '0', 'si_car_package', NULL, 'default', 'N', '0', 'admin', '2022-12-30 15:24:14', '', NULL, '');
INSERT INTO `sys_dict_data` VALUES (111, 0, '', '0', 'si_audit_status', NULL, 'default', 'N', '0', 'admin', '2022-12-30 15:26:05', '', NULL, '');
INSERT INTO `sys_dict_data` VALUES (112, 0, '', '1', 'si_audit_status', NULL, 'default', 'N', '0', 'admin', '2022-12-30 15:26:15', '', NULL, '');
INSERT INTO `sys_dict_data` VALUES (113, 0, '', '2', 'si_audit_status', NULL, 'default', 'N', '0', 'admin', '2022-12-30 15:26:23', '', NULL, '');
INSERT INTO `sys_dict_data` VALUES (114, 0, '', '3', 'si_audit_status', NULL, 'default', 'N', '0', 'admin', '2022-12-30 15:26:42', '', NULL, '');
INSERT INTO `sys_dict_data` VALUES (115, 0, '', '4', 'si_audit_status', NULL, 'default', 'N', '0', 'admin', '2022-12-30 15:26:51', '', NULL, '');
INSERT INTO `sys_dict_data` VALUES (116, 0, '', '1', 'si_sale_status', NULL, 'default', 'N', '0', 'admin', '2022-12-30 15:28:03', '', NULL, '');
INSERT INTO `sys_dict_data` VALUES (117, 1, '', '0', 'si_sale_status', NULL, 'default', 'N', '0', 'admin', '2022-12-30 15:28:17', 'admin', '2022-12-30 15:28:24', '');
INSERT INTO `sys_dict_data` VALUES (118, 0, '', '0', 'statement_status', NULL, 'default', 'N', '0', 'admin', '2023-01-02 15:20:44', '', NULL, '');
INSERT INTO `sys_dict_data` VALUES (119, 1, '', '1', 'statement_status', NULL, 'default', 'N', '0', 'admin', '2023-01-02 15:20:59', '', NULL, '');
INSERT INTO `sys_dict_data` VALUES (120, 0, '', '0', 'appointment_status', NULL, 'default', 'N', '0', 'admin', '2023-01-02 15:26:00', '', NULL, '');
INSERT INTO `sys_dict_data` VALUES (121, 1, '', '1', 'appointment_status', NULL, 'default', 'N', '0', 'admin', '2023-01-02 15:26:20', '', NULL, '\n');
INSERT INTO `sys_dict_data` VALUES (122, 0, '', '0', 'flow_audit_type', NULL, 'default', 'N', '0', 'admin', '2023-01-05 17:13:14', '', NULL, NULL);
INSERT INTO `sys_dict_data` VALUES (123, 0, '', '0', 'package_audit_status', NULL, 'default', 'N', '0', 'admin', '2023-01-08 09:43:33', 'admin', '2023-01-10 11:42:44', '');
INSERT INTO `sys_dict_data` VALUES (124, 1, '', '1', 'package_audit_status', NULL, 'default', 'N', '0', 'admin', '2023-01-08 09:43:53', '', NULL, '');
INSERT INTO `sys_dict_data` VALUES (125, 2, '', '2', 'package_audit_status', NULL, 'default', 'N', '0', 'admin', '2023-01-08 09:44:10', '', NULL, '');
INSERT INTO `sys_dict_data` VALUES (126, 3, '', '3', 'package_audit_status', NULL, 'default', 'N', '0', 'admin', '2023-01-08 09:44:25', 'admin', '2023-01-08 09:45:30', '');
INSERT INTO `sys_dict_data` VALUES (127, 0, '', '0', 'si_service_catalog', NULL, 'default', 'N', '0', 'admin', '2023-03-08 18:52:28', '', NULL, '');
INSERT INTO `sys_dict_data` VALUES (128, 1, '', '1', 'si_service_catalog', NULL, 'default', 'N', '0', 'admin', '2023-03-08 18:52:49', '', NULL, '');
INSERT INTO `sys_dict_data` VALUES (129, 2, '', '2', 'si_service_catalog', NULL, 'default', 'N', '0', 'admin', '2023-03-08 18:53:02', '', NULL, '');

-- ----------------------------
-- Table structure for sys_dict_type
-- ----------------------------
DROP TABLE IF EXISTS `sys_dict_type`;
CREATE TABLE `sys_dict_type`  (
  `dict_id` bigint(20) NOT NULL AUTO_INCREMENT COMMENT '',
  `dict_name` varchar(100) CHARACTER SET utf8mb4 COLLATE utf8mb4_general_ci NULL DEFAULT '' COMMENT '',
  `dict_type` varchar(100) CHARACTER SET utf8mb4 COLLATE utf8mb4_general_ci NULL DEFAULT '' COMMENT '',
  `status` char(1) CHARACTER SET utf8mb4 COLLATE utf8mb4_general_ci NULL DEFAULT '0' COMMENT '0 1',
  `create_by` varchar(64) CHARACTER SET utf8mb4 COLLATE utf8mb4_general_ci NULL DEFAULT '' COMMENT '',
  `create_time` datetime(0) NULL DEFAULT NULL COMMENT '',
  `update_by` varchar(64) CHARACTER SET utf8mb4 COLLATE utf8mb4_general_ci NULL DEFAULT '' COMMENT '',
  `update_time` datetime(0) NULL DEFAULT NULL COMMENT '',
  `remark` varchar(500) CHARACTER SET utf8mb4 COLLATE utf8mb4_general_ci NULL DEFAULT NULL COMMENT '',
  PRIMARY KEY (`dict_id`) USING BTREE,
  UNIQUE INDEX `dict_type`(`dict_type`) USING BTREE
) ENGINE = InnoDB AUTO_INCREMENT = 110 CHARACTER SET = utf8mb4 COLLATE = utf8mb4_general_ci COMMENT = '' ROW_FORMAT = Compact;

-- ----------------------------
-- Records of sys_dict_type
-- ----------------------------
INSERT INTO `sys_dict_type` VALUES (1, '', 'sys_user_sex', '0', 'admin', '2022-12-24 10:03:11', '', NULL, '');
INSERT INTO `sys_dict_type` VALUES (2, '', 'sys_show_hide', '0', 'admin', '2022-12-24 10:03:11', '', NULL, '');
INSERT INTO `sys_dict_type` VALUES (3, '', 'sys_normal_disable', '0', 'admin', '2022-12-24 10:03:11', '', NULL, '');
INSERT INTO `sys_dict_type` VALUES (4, '', 'sys_job_status', '0', 'admin', '2022-12-24 10:03:11', '', NULL, '');
INSERT INTO `sys_dict_type` VALUES (5, '', 'sys_job_group', '0', 'admin', '2022-12-24 10:03:11', '', NULL, '');
INSERT INTO `sys_dict_type` VALUES (6, '', 'sys_yes_no', '0', 'admin', '2022-12-24 10:03:11', '', NULL, '');
INSERT INTO `sys_dict_type` VALUES (7, '', 'sys_notice_type', '0', 'admin', '2022-12-24 10:03:11', '', NULL, '');
INSERT INTO `sys_dict_type` VALUES (8, '', 'sys_notice_status', '0', 'admin', '2022-12-24 10:03:11', '', NULL, '');
INSERT INTO `sys_dict_type` VALUES (9, '', 'sys_oper_type', '0', 'admin', '2022-12-24 10:03:11', '', NULL, '');
INSERT INTO `sys_dict_type` VALUES (10, '', 'sys_common_status', '0', 'admin', '2022-12-24 10:03:11', '', NULL, '');
INSERT INTO `sys_dict_type` VALUES (100, '', 'cmi_service_type', '0', 'admin', '2022-12-29 11:45:13', 'admin', '2023-03-08 18:44:35', '(0/,1/)');
INSERT INTO `sys_dict_type` VALUES (101, '', 'cmi_status', '0', 'admin', '2022-12-29 17:03:25', 'admin', '2023-03-08 18:46:25', '');
INSERT INTO `sys_dict_type` VALUES (102, '', 'si_car_package', '0', 'admin', '2022-12-30 15:23:26', 'admin', '2023-03-08 18:47:57', '');
INSERT INTO `sys_dict_type` VALUES (103, '', 'si_audit_status', '0', 'admin', '2022-12-30 15:25:28', 'admin', '2023-03-08 18:48:15', NULL);
INSERT INTO `sys_dict_type` VALUES (104, '', 'si_sale_status', '0', 'admin', '2022-12-30 15:27:45', 'admin', '2023-03-08 18:48:34', '');
INSERT INTO `sys_dict_type` VALUES (105, '', 'statement_status', '0', 'admin', '2023-01-02 15:20:24', 'admin', '2023-03-08 18:49:23', '');
INSERT INTO `sys_dict_type` VALUES (106, '', 'appointment_status', '0', 'admin', '2023-01-02 15:25:39', 'admin', '2023-03-08 18:49:38', '(0/1)');
INSERT INTO `sys_dict_type` VALUES (107, '', 'flow_audit_type', '0', 'admin', '2023-01-05 17:12:33', 'admin', '2023-03-08 18:50:51', '');
INSERT INTO `sys_dict_type` VALUES (108, '', 'package_audit_status', '0', 'admin', '2023-01-08 09:43:10', 'admin', '2023-03-08 18:50:15', '');
INSERT INTO `sys_dict_type` VALUES (109, '2', 'si_service_catalog', '0', 'admin', '2023-03-08 18:52:03', '', NULL, '2');

-- ----------------------------
-- Table structure for sys_job
-- ----------------------------
DROP TABLE IF EXISTS `sys_job`;
CREATE TABLE `sys_job`  (
  `job_id` bigint(20) NOT NULL AUTO_INCREMENT COMMENT 'ID',
  `job_name` varchar(64) CHARACTER SET utf8mb4 COLLATE utf8mb4_general_ci NOT NULL DEFAULT '' COMMENT '',
  `job_group` varchar(64) CHARACTER SET utf8mb4 COLLATE utf8mb4_general_ci NOT NULL DEFAULT 'DEFAULT' COMMENT '',
  `invoke_target` varchar(500) CHARACTER SET utf8mb4 COLLATE utf8mb4_general_ci NOT NULL COMMENT '',
  `cron_expression` varchar(255) CHARACTER SET utf8mb4 COLLATE utf8mb4_general_ci NULL DEFAULT '' COMMENT 'cron',
  `misfire_policy` varchar(20) CHARACTER SET utf8mb4 COLLATE utf8mb4_general_ci NULL DEFAULT '3' COMMENT '1 2 3',
  `concurrent` char(1) CHARACTER SET utf8mb4 COLLATE utf8mb4_general_ci NULL DEFAULT '1' COMMENT '0 1',
  `status` char(1) CHARACTER SET utf8mb4 COLLATE utf8mb4_general_ci NULL DEFAULT '0' COMMENT '0 1',
  `create_by` varchar(64) CHARACTER SET utf8mb4 COLLATE utf8mb4_general_ci NULL DEFAULT '' COMMENT '',
  `create_time` datetime(0) NULL DEFAULT NULL COMMENT '',
  `update_by` varchar(64) CHARACTER SET utf8mb4 COLLATE utf8mb4_general_ci NULL DEFAULT '' COMMENT '',
  `update_time` datetime(0) NULL DEFAULT NULL COMMENT '',
  `remark` varchar(500) CHARACTER SET utf8mb4 COLLATE utf8mb4_general_ci NULL DEFAULT '' COMMENT '',
  PRIMARY KEY (`job_id`, `job_name`, `job_group`) USING BTREE
) ENGINE = InnoDB AUTO_INCREMENT = 4 CHARACTER SET = utf8mb4 COLLATE = utf8mb4_general_ci COMMENT = '' ROW_FORMAT = Compact;

-- ----------------------------
-- Records of sys_job
-- ----------------------------
INSERT INTO `sys_job` VALUES (1, '', 'DEFAULT', 'ryTask.ryNoParams', '0/10 * * * * ?', '3', '1', '1', 'admin', '2022-12-24 10:03:11', '', NULL, '');
INSERT INTO `sys_job` VALUES (2, '', 'DEFAULT', 'ryTask.ryParams(\'ry\')', '0/15 * * * * ?', '3', '1', '1', 'admin', '2022-12-24 10:03:11', '', NULL, '');
INSERT INTO `sys_job` VALUES (3, '', 'DEFAULT', 'ryTask.ryMultipleParams(\'ry\', true, 2000L, 316.50D, 100)', '0/20 * * * * ?', '3', '1', '1', 'admin', '2022-12-24 10:03:11', '', NULL, '');

-- ----------------------------
-- Table structure for sys_job_log
-- ----------------------------
DROP TABLE IF EXISTS `sys_job_log`;
CREATE TABLE `sys_job_log`  (
  `job_log_id` bigint(20) NOT NULL AUTO_INCREMENT COMMENT 'ID',
  `job_name` varchar(64) CHARACTER SET utf8mb4 COLLATE utf8mb4_general_ci NOT NULL COMMENT '',
  `job_group` varchar(64) CHARACTER SET utf8mb4 COLLATE utf8mb4_general_ci NOT NULL COMMENT '',
  `invoke_target` varchar(500) CHARACTER SET utf8mb4 COLLATE utf8mb4_general_ci NOT NULL COMMENT '',
  `job_message` varchar(500) CHARACTER SET utf8mb4 COLLATE utf8mb4_general_ci NULL DEFAULT NULL COMMENT '',
  `status` char(1) CHARACTER SET utf8mb4 COLLATE utf8mb4_general_ci NULL DEFAULT '0' COMMENT '0 1',
  `exception_info` varchar(2000) CHARACTER SET utf8mb4 COLLATE utf8mb4_general_ci NULL DEFAULT '' COMMENT '',
  `create_time` datetime(0) NULL DEFAULT NULL COMMENT '',
  PRIMARY KEY (`job_log_id`) USING BTREE
) ENGINE = InnoDB AUTO_INCREMENT = 1 CHARACTER SET = utf8mb4 COLLATE = utf8mb4_general_ci COMMENT = '' ROW_FORMAT = Compact;

-- ----------------------------
-- Records of sys_job_log
-- ----------------------------

-- ----------------------------
-- Table structure for sys_logininfor
-- ----------------------------
DROP TABLE IF EXISTS `sys_logininfor`;
CREATE TABLE `sys_logininfor`  (
  `info_id` bigint(20) NOT NULL AUTO_INCREMENT COMMENT 'ID',
  `user_name` varchar(50) CHARACTER SET utf8mb4 COLLATE utf8mb4_general_ci NULL DEFAULT '' COMMENT '',
  `ipaddr` varchar(128) CHARACTER SET utf8mb4 COLLATE utf8mb4_general_ci NULL DEFAULT '' COMMENT 'IP',
  `login_location` varchar(255) CHARACTER SET utf8mb4 COLLATE utf8mb4_general_ci NULL DEFAULT '' COMMENT '',
  `browser` varchar(50) CHARACTER SET utf8mb4 COLLATE utf8mb4_general_ci NULL DEFAULT '' COMMENT '',
  `os` varchar(50) CHARACTER SET utf8mb4 COLLATE utf8mb4_general_ci NULL DEFAULT '' COMMENT '',
  `status` char(1) CHARACTER SET utf8mb4 COLLATE utf8mb4_general_ci NULL DEFAULT '0' COMMENT '0 1',
  `msg` varchar(255) CHARACTER SET utf8mb4 COLLATE utf8mb4_general_ci NULL DEFAULT '' COMMENT '',
  `login_time` datetime(0) NULL DEFAULT NULL COMMENT '',
  PRIMARY KEY (`info_id`) USING BTREE
) ENGINE = InnoDB AUTO_INCREMENT = 346 CHARACTER SET = utf8mb4 COLLATE = utf8mb4_general_ci COMMENT = '' ROW_FORMAT = Compact;

-- ----------------------------
-- Records of sys_logininfor
-- ----------------------------
INSERT INTO `sys_logininfor` VALUES (100, 'admin', '127.0.0.1', 'IP', 'Chrome', 'Windows 10', '0', '', '2022-12-24 10:21:22');
INSERT INTO `sys_logininfor` VALUES (101, 'admin', '127.0.0.1', 'IP', 'Chrome', 'Windows 10', '0', '', '2022-12-24 13:52:50');
INSERT INTO `sys_logininfor` VALUES (102, 'admin', '127.0.0.1', 'IP', 'Chrome', 'Windows 10', '0', '', '2022-12-24 13:55:55');
INSERT INTO `sys_logininfor` VALUES (103, 'admin', '127.0.0.1', 'IP', 'Chrome', 'Windows 10', '0', '', '2022-12-24 13:57:55');
INSERT INTO `sys_logininfor` VALUES (104, 'admin', '127.0.0.1', 'IP', 'Chrome', 'Windows 10', '1', '', '2022-12-24 15:25:40');
INSERT INTO `sys_logininfor` VALUES (105, 'admin', '127.0.0.1', 'IP', 'Chrome', 'Windows 10', '0', '', '2022-12-24 15:25:51');
INSERT INTO `sys_logininfor` VALUES (106, 'admin', '127.0.0.1', 'IP', 'Chrome', 'Windows 10', '0', '', '2022-12-24 16:47:03');
INSERT INTO `sys_logininfor` VALUES (107, 'admin', '127.0.0.1', 'IP', 'Chrome', 'Windows 10', '0', '', '2022-12-24 17:27:57');
INSERT INTO `sys_logininfor` VALUES (108, 'admin', '127.0.0.1', 'IP', 'Chrome', 'Windows 10', '0', '', '2022-12-24 18:56:44');
INSERT INTO `sys_logininfor` VALUES (109, 'admin', '127.0.0.1', 'IP', 'Chrome', 'Windows 10', '0', '', '2022-12-24 18:57:34');
INSERT INTO `sys_logininfor` VALUES (110, 'admin', '127.0.0.1', 'IP', 'Chrome', 'Windows 10', '0', '', '2022-12-24 18:57:37');
INSERT INTO `sys_logininfor` VALUES (111, 'admin', '127.0.0.1', 'IP', 'Chrome', 'Windows 10', '0', '', '2022-12-24 19:04:16');
INSERT INTO `sys_logininfor` VALUES (112, 'admin', '127.0.0.1', 'IP', 'Chrome', 'Windows 10', '0', '', '2022-12-24 19:06:08');
INSERT INTO `sys_logininfor` VALUES (113, 'admin', '127.0.0.1', 'IP', 'Chrome', 'Windows 10', '0', '', '2022-12-26 08:56:31');
INSERT INTO `sys_logininfor` VALUES (114, 'admin', '127.0.0.1', 'IP', 'Chrome', 'Windows 10', '0', '', '2022-12-26 09:31:49');
INSERT INTO `sys_logininfor` VALUES (115, 'admin', '127.0.0.1', 'IP', 'Chrome', 'Windows 10', '0', '', '2022-12-26 09:32:20');
INSERT INTO `sys_logininfor` VALUES (116, 'admin', '127.0.0.1', 'IP', 'Chrome', 'Windows 10', '0', '', '2022-12-26 09:32:26');
INSERT INTO `sys_logininfor` VALUES (117, 'admin', '127.0.0.1', 'IP', 'Chrome', 'Windows 10', '0', '', '2022-12-26 09:33:00');
INSERT INTO `sys_logininfor` VALUES (118, 'admin', '127.0.0.1', 'IP', 'Chrome', 'Windows 10', '0', '', '2022-12-26 09:33:30');
INSERT INTO `sys_logininfor` VALUES (119, 'admin', '127.0.0.1', 'IP', 'Chrome', 'Windows 10', '0', '', '2022-12-26 09:34:19');
INSERT INTO `sys_logininfor` VALUES (120, 'admin', '127.0.0.1', 'IP', 'Chrome', 'Windows 10', '0', '', '2022-12-26 09:35:02');
INSERT INTO `sys_logininfor` VALUES (121, 'admin', '127.0.0.1', 'IP', 'Chrome', 'Windows 10', '0', '', '2022-12-26 09:35:12');
INSERT INTO `sys_logininfor` VALUES (122, 'admin', '127.0.0.1', 'IP', 'Chrome', 'Windows 10', '0', '', '2022-12-26 09:42:41');
INSERT INTO `sys_logininfor` VALUES (123, 'admin', '127.0.0.1', 'IP', 'Chrome', 'Windows 10', '0', '', '2022-12-26 11:49:58');
INSERT INTO `sys_logininfor` VALUES (124, 'admin', '127.0.0.1', 'IP', 'Chrome', 'Windows 10', '0', '', '2022-12-26 14:04:51');
INSERT INTO `sys_logininfor` VALUES (125, 'admin', '127.0.0.1', 'IP', 'Chrome', 'Windows 10', '0', '', '2022-12-26 15:11:56');
INSERT INTO `sys_logininfor` VALUES (126, 'admin', '127.0.0.1', 'IP', 'Chrome', 'Windows 10', '0', '', '2022-12-27 08:55:40');
INSERT INTO `sys_logininfor` VALUES (127, 'admin', '127.0.0.1', 'IP', 'Chrome', 'Windows 10', '0', '', '2022-12-27 10:22:51');
INSERT INTO `sys_logininfor` VALUES (128, 'admin', '127.0.0.1', 'IP', 'Chrome', 'Windows 10', '1', '', '2022-12-27 11:06:09');
INSERT INTO `sys_logininfor` VALUES (129, 'admin', '127.0.0.1', 'IP', 'Chrome', 'Windows 10', '0', '', '2022-12-27 11:06:20');
INSERT INTO `sys_logininfor` VALUES (130, 'admin', '127.0.0.1', 'IP', 'Chrome', 'Windows 10', '0', '', '2022-12-27 11:43:11');
INSERT INTO `sys_logininfor` VALUES (131, 'admin', '127.0.0.1', 'IP', 'Chrome', 'Windows 10', '0', '', '2022-12-27 11:43:17');
INSERT INTO `sys_logininfor` VALUES (132, 'admin', '127.0.0.1', 'IP', 'Chrome', 'Windows 10', '0', '', '2022-12-27 13:59:37');
INSERT INTO `sys_logininfor` VALUES (133, 'admin', '127.0.0.1', 'IP', 'Chrome', 'Windows 10', '0', '', '2022-12-27 17:13:02');
INSERT INTO `sys_logininfor` VALUES (134, 'admin', '127.0.0.1', 'IP', 'Chrome', 'Windows 10', '0', '', '2022-12-27 17:34:01');
INSERT INTO `sys_logininfor` VALUES (135, 'admin', '127.0.0.1', 'IP', 'Chrome', 'Windows 10', '0', '', '2022-12-29 08:51:25');
INSERT INTO `sys_logininfor` VALUES (136, 'admin', '127.0.0.1', 'IP', 'Chrome', 'Windows 10', '1', '', '2022-12-29 10:05:40');
INSERT INTO `sys_logininfor` VALUES (137, 'admin', '127.0.0.1', 'IP', 'Chrome', 'Windows 10', '0', '', '2022-12-29 10:05:44');
INSERT INTO `sys_logininfor` VALUES (138, 'admin', '127.0.0.1', 'IP', 'Chrome', 'Windows 10', '0', '', '2022-12-29 11:05:13');
INSERT INTO `sys_logininfor` VALUES (139, 'admin', '127.0.0.1', 'IP', 'Chrome', 'Windows 10', '0', '', '2022-12-29 14:00:40');
INSERT INTO `sys_logininfor` VALUES (140, 'admin', '127.0.0.1', 'IP', 'Chrome', 'Windows 10', '0', '', '2022-12-29 16:12:34');
INSERT INTO `sys_logininfor` VALUES (141, 'admin', '127.0.0.1', 'IP', 'Chrome', 'Windows 10', '0', '', '2022-12-29 17:21:26');
INSERT INTO `sys_logininfor` VALUES (142, 'admin', '127.0.0.1', 'IP', 'Chrome', 'Windows 10', '0', '', '2022-12-30 08:55:44');
INSERT INTO `sys_logininfor` VALUES (143, 'admin', '127.0.0.1', 'IP', 'Chrome', 'Windows 10', '0', '', '2022-12-30 10:21:09');
INSERT INTO `sys_logininfor` VALUES (144, 'admin', '127.0.0.1', 'IP', 'Chrome', 'Windows 10', '0', '', '2022-12-30 11:06:44');
INSERT INTO `sys_logininfor` VALUES (145, 'admin', '127.0.0.1', 'IP', 'Chrome', 'Windows 10', '0', '', '2022-12-30 13:59:36');
INSERT INTO `sys_logininfor` VALUES (146, 'admin', '127.0.0.1', 'IP', 'Chrome', 'Windows 10', '0', '', '2022-12-30 14:46:17');
INSERT INTO `sys_logininfor` VALUES (147, 'admin', '127.0.0.1', 'IP', 'Chrome', 'Windows 10', '0', '', '2022-12-30 15:18:08');
INSERT INTO `sys_logininfor` VALUES (148, 'admin', '127.0.0.1', 'IP', 'Chrome', 'Windows 10', '0', '', '2022-12-30 16:25:37');
INSERT INTO `sys_logininfor` VALUES (149, 'admin', '127.0.0.1', 'IP', 'Chrome', 'Windows 10', '0', '', '2022-12-30 16:35:16');
INSERT INTO `sys_logininfor` VALUES (150, 'admin', '127.0.0.1', 'IP', 'Chrome', 'Windows 10', '0', '', '2022-12-30 17:26:50');
INSERT INTO `sys_logininfor` VALUES (151, 'admin', '127.0.0.1', 'IP', 'Chrome', 'Windows 10', '0', '', '2023-01-02 08:38:56');
INSERT INTO `sys_logininfor` VALUES (152, 'admin', '127.0.0.1', 'IP', 'Chrome', 'Windows 10', '0', '', '2023-01-02 09:15:01');
INSERT INTO `sys_logininfor` VALUES (153, 'admin', '127.0.0.1', 'IP', 'Chrome', 'Windows 10', '0', '', '2023-01-02 11:56:08');
INSERT INTO `sys_logininfor` VALUES (154, 'admin', '127.0.0.1', 'IP', 'Chrome', 'Windows 10', '0', '', '2023-01-02 14:01:46');
INSERT INTO `sys_logininfor` VALUES (155, 'admin', '127.0.0.1', 'IP', 'Chrome', 'Windows 10', '0', '', '2023-01-02 14:51:39');
INSERT INTO `sys_logininfor` VALUES (156, 'admin', '127.0.0.1', 'IP', 'Chrome', 'Windows 10', '0', '', '2023-01-02 15:15:34');
INSERT INTO `sys_logininfor` VALUES (157, 'admin', '127.0.0.1', 'IP', 'Chrome', 'Windows 10', '1', '', '2023-01-02 18:29:51');
INSERT INTO `sys_logininfor` VALUES (158, 'admin', '127.0.0.1', 'IP', 'Chrome', 'Windows 10', '1', '', '2023-01-02 18:29:55');
INSERT INTO `sys_logininfor` VALUES (159, 'admin', '127.0.0.1', 'IP', 'Chrome', 'Windows 10', '0', '', '2023-01-02 18:30:02');
INSERT INTO `sys_logininfor` VALUES (160, 'admin', '127.0.0.1', 'IP', 'Chrome', 'Windows 10', '0', '', '2023-01-03 08:49:04');
INSERT INTO `sys_logininfor` VALUES (161, 'admin', '127.0.0.1', 'IP', 'Chrome', 'Windows 10', '1', '', '2023-01-03 09:57:42');
INSERT INTO `sys_logininfor` VALUES (162, 'admin', '127.0.0.1', 'IP', 'Chrome', 'Windows 10', '0', '', '2023-01-03 09:57:48');
INSERT INTO `sys_logininfor` VALUES (163, 'admin', '127.0.0.1', 'IP', 'Chrome', 'Windows 10', '1', '', '2023-01-03 10:31:28');
INSERT INTO `sys_logininfor` VALUES (164, 'admin', '127.0.0.1', 'IP', 'Chrome', 'Windows 10', '0', '', '2023-01-03 10:31:33');
INSERT INTO `sys_logininfor` VALUES (165, 'admin', '127.0.0.1', 'IP', 'Chrome', 'Windows 10', '0', '', '2023-01-03 11:29:47');
INSERT INTO `sys_logininfor` VALUES (166, 'admin', '127.0.0.1', 'IP', 'Chrome', 'Windows 10', '1', '', '2023-01-03 14:14:16');
INSERT INTO `sys_logininfor` VALUES (167, 'admin', '127.0.0.1', 'IP', 'Chrome', 'Windows 10', '0', '', '2023-01-03 14:14:22');
INSERT INTO `sys_logininfor` VALUES (168, 'admin', '127.0.0.1', 'IP', 'Chrome', 'Windows 10', '0', '', '2023-01-03 15:08:05');
INSERT INTO `sys_logininfor` VALUES (169, 'admin', '127.0.0.1', 'IP', 'Chrome', 'Windows 10', '0', '', '2023-01-03 16:18:32');
INSERT INTO `sys_logininfor` VALUES (170, 'admin', '127.0.0.1', 'IP', 'Chrome', 'Windows 10', '0', '', '2023-01-05 08:58:10');
INSERT INTO `sys_logininfor` VALUES (171, 'admin', '127.0.0.1', 'IP', 'Chrome', 'Windows 10', '0', '', '2023-01-05 10:15:01');
INSERT INTO `sys_logininfor` VALUES (172, 'admin', '127.0.0.1', 'IP', 'Chrome', 'Windows 10', '0', '', '2023-01-05 11:17:27');
INSERT INTO `sys_logininfor` VALUES (173, 'admin', '127.0.0.1', 'IP', 'Chrome', 'Windows 10', '0', '', '2023-01-05 14:15:38');
INSERT INTO `sys_logininfor` VALUES (174, 'admin', '127.0.0.1', 'IP', 'Chrome', 'Windows 10', '0', '', '2023-01-05 14:49:22');
INSERT INTO `sys_logininfor` VALUES (175, 'admin', '127.0.0.1', 'IP', 'Chrome', 'Windows 10', '0', '', '2023-01-05 16:33:54');
INSERT INTO `sys_logininfor` VALUES (176, 'admin', '127.0.0.1', 'IP', 'Chrome', 'Windows 10', '0', '', '2023-01-05 18:14:21');
INSERT INTO `sys_logininfor` VALUES (177, 'admin', '127.0.0.1', 'IP', 'Chrome', 'Windows 10', '0', '', '2023-01-07 08:46:45');
INSERT INTO `sys_logininfor` VALUES (178, 'admin', '127.0.0.1', 'IP', 'Chrome', 'Windows 10', '0', '', '2023-01-07 09:34:57');
INSERT INTO `sys_logininfor` VALUES (179, 'admin', '127.0.0.1', 'IP', 'Chrome', 'Windows 10', '0', '', '2023-01-07 11:59:09');
INSERT INTO `sys_logininfor` VALUES (180, 'admin', '127.0.0.1', 'IP', 'Chrome', 'Windows 10', '0', '', '2023-01-07 14:07:07');
INSERT INTO `sys_logininfor` VALUES (181, 'admin', '127.0.0.1', 'IP', 'Chrome', 'Windows 10', '0', '', '2023-01-07 15:34:06');
INSERT INTO `sys_logininfor` VALUES (182, 'admin', '127.0.0.1', 'IP', 'Chrome', 'Windows 10', '0', '', '2023-01-07 16:54:12');
INSERT INTO `sys_logininfor` VALUES (183, 'admin', '127.0.0.1', 'IP', 'Chrome', 'Windows 10', '1', '', '2023-01-07 17:13:50');
INSERT INTO `sys_logininfor` VALUES (184, 'admin', '127.0.0.1', 'IP', 'Chrome', 'Windows 10', '1', '', '2023-01-07 17:13:57');
INSERT INTO `sys_logininfor` VALUES (185, 'admin', '127.0.0.1', 'IP', 'Chrome', 'Windows 10', '0', '', '2023-01-07 17:14:04');
INSERT INTO `sys_logininfor` VALUES (186, 'admin', '192.168.11.113', 'IP', 'Chrome 10', 'Windows 10', '0', '', '2023-01-07 19:12:03');
INSERT INTO `sys_logininfor` VALUES (187, 'admin', '127.0.0.1', 'IP', 'Chrome', 'Windows 10', '0', '', '2023-01-08 08:43:37');
INSERT INTO `sys_logininfor` VALUES (188, 'admin', '127.0.0.1', 'IP', 'Chrome', 'Windows 10', '0', '', '2023-01-08 09:36:37');
INSERT INTO `sys_logininfor` VALUES (189, 'admin', '127.0.0.1', 'IP', 'Chrome', 'Windows 10', '0', '', '2023-01-08 10:34:47');
INSERT INTO `sys_logininfor` VALUES (190, 'admin', '127.0.0.1', 'IP', 'Chrome', 'Windows 10', '0', '', '2023-01-08 10:42:46');
INSERT INTO `sys_logininfor` VALUES (191, 'dianzhang', '127.0.0.1', 'IP', 'Chrome', 'Windows 10', '0', '', '2023-01-08 10:42:59');
INSERT INTO `sys_logininfor` VALUES (192, 'dianzhang', '127.0.0.1', 'IP', 'Chrome', 'Windows 10', '0', '', '2023-01-08 10:44:27');
INSERT INTO `sys_logininfor` VALUES (193, 'admin', '127.0.0.1', 'IP', 'Chrome', 'Windows 10', '0', '', '2023-01-08 10:44:33');
INSERT INTO `sys_logininfor` VALUES (194, 'admin', '127.0.0.1', 'IP', 'Chrome', 'Windows 10', '0', '', '2023-01-08 10:47:02');
INSERT INTO `sys_logininfor` VALUES (195, 'dianzhang', '127.0.0.1', 'IP', 'Chrome', 'Windows 10', '0', '', '2023-01-08 10:47:18');
INSERT INTO `sys_logininfor` VALUES (196, 'dianzhang', '127.0.0.1', 'IP', 'Chrome', 'Windows 10', '0', '', '2023-01-08 10:49:02');
INSERT INTO `sys_logininfor` VALUES (197, 'admin', '127.0.0.1', 'IP', 'Chrome', 'Windows 10', '0', '', '2023-01-08 10:49:10');
INSERT INTO `sys_logininfor` VALUES (198, 'admin', '127.0.0.1', 'IP', 'Chrome', 'Windows 10', '0', '', '2023-01-08 11:07:46');
INSERT INTO `sys_logininfor` VALUES (199, 'dianzhang', '127.0.0.1', 'IP', 'Chrome', 'Windows 10', '1', '', '2023-01-08 11:08:04');
INSERT INTO `sys_logininfor` VALUES (200, 'dianzhang', '127.0.0.1', 'IP', 'Chrome', 'Windows 10', '0', '', '2023-01-08 11:08:11');
INSERT INTO `sys_logininfor` VALUES (201, 'dianzhang', '127.0.0.1', 'IP', 'Chrome', 'Windows 10', '0', '', '2023-01-08 11:08:48');
INSERT INTO `sys_logininfor` VALUES (202, 'admin', '127.0.0.1', 'IP', 'Chrome', 'Windows 10', '0', '', '2023-01-08 11:08:55');
INSERT INTO `sys_logininfor` VALUES (203, 'admin', '127.0.0.1', 'IP', 'Chrome', 'Windows 10', '0', '', '2023-01-08 11:10:18');
INSERT INTO `sys_logininfor` VALUES (204, 'dianzhang', '127.0.0.1', 'IP', 'Chrome', 'Windows 10', '0', '', '2023-01-08 11:10:31');
INSERT INTO `sys_logininfor` VALUES (205, 'dianzhang', '127.0.0.1', 'IP', 'Chrome', 'Windows 10', '0', '', '2023-01-08 11:13:11');
INSERT INTO `sys_logininfor` VALUES (206, 'admin', '127.0.0.1', 'IP', 'Chrome', 'Windows 10', '0', '', '2023-01-08 11:13:16');
INSERT INTO `sys_logininfor` VALUES (207, 'admin', '127.0.0.1', 'IP', 'Chrome', 'Windows 10', '0', '', '2023-01-08 11:14:54');
INSERT INTO `sys_logininfor` VALUES (208, 'dianzhang', '127.0.0.1', 'IP', 'Chrome', 'Windows 10', '0', '', '2023-01-08 11:15:08');
INSERT INTO `sys_logininfor` VALUES (209, 'dianzhang', '127.0.0.1', 'IP', 'Chrome', 'Windows 10', '0', '', '2023-01-08 11:16:20');
INSERT INTO `sys_logininfor` VALUES (210, 'admin', '127.0.0.1', 'IP', 'Chrome', 'Windows 10', '0', '', '2023-01-08 11:16:25');
INSERT INTO `sys_logininfor` VALUES (211, 'admin', '127.0.0.1', 'IP', 'Chrome', 'Windows 10', '0', '', '2023-01-08 14:12:18');
INSERT INTO `sys_logininfor` VALUES (212, 'admin', '127.0.0.1', 'IP', 'Chrome', 'Windows 10', '0', '', '2023-01-08 15:28:48');
INSERT INTO `sys_logininfor` VALUES (213, 'admin', '127.0.0.1', 'IP', 'Chrome', 'Windows 10', '0', '', '2023-01-08 16:14:40');
INSERT INTO `sys_logininfor` VALUES (214, 'admin', '127.0.0.1', 'IP', 'Chrome', 'Windows 10', '0', '', '2023-01-08 17:26:28');
INSERT INTO `sys_logininfor` VALUES (215, 'admin', '192.168.11.113', 'IP', 'Chrome 10', 'Windows 10', '0', '', '2023-01-09 19:32:25');
INSERT INTO `sys_logininfor` VALUES (216, 'admin', '127.0.0.1', 'IP', 'Chrome', 'Windows 10', '1', '', '2023-01-10 09:16:23');
INSERT INTO `sys_logininfor` VALUES (217, 'admin', '127.0.0.1', 'IP', 'Chrome', 'Windows 10', '1', '', '2023-01-10 09:16:29');
INSERT INTO `sys_logininfor` VALUES (218, 'admin', '127.0.0.1', 'IP', 'Chrome', 'Windows 10', '0', '', '2023-01-10 09:16:36');
INSERT INTO `sys_logininfor` VALUES (219, 'dianzhang', '127.0.0.1', 'IP', 'Chrome', 'Windows 10', '0', '', '2023-01-10 11:36:04');
INSERT INTO `sys_logininfor` VALUES (220, 'dianzhang', '127.0.0.1', 'IP', 'Chrome', 'Windows 10', '0', '', '2023-01-10 11:37:02');
INSERT INTO `sys_logininfor` VALUES (221, 'admin', '127.0.0.1', 'IP', 'Chrome', 'Windows 10', '0', '', '2023-01-10 11:37:06');
INSERT INTO `sys_logininfor` VALUES (222, 'admin', '127.0.0.1', 'IP', 'Chrome', 'Windows 10', '0', '', '2023-01-10 11:37:42');
INSERT INTO `sys_logininfor` VALUES (223, 'dianzhang', '127.0.0.1', 'IP', 'Chrome', 'Windows 10', '0', '', '2023-01-10 11:37:56');
INSERT INTO `sys_logininfor` VALUES (224, 'dianzhang', '127.0.0.1', 'IP', 'Chrome', 'Windows 10', '0', '', '2023-01-10 11:42:16');
INSERT INTO `sys_logininfor` VALUES (225, 'admin', '127.0.0.1', 'IP', 'Chrome', 'Windows 10', '0', '', '2023-01-10 11:42:22');
INSERT INTO `sys_logininfor` VALUES (226, 'admin', '127.0.0.1', 'IP', 'Chrome', 'Windows 10', '0', '', '2023-01-10 11:42:52');
INSERT INTO `sys_logininfor` VALUES (227, 'dianzhang', '127.0.0.1', 'IP', 'Chrome', 'Windows 10', '0', '', '2023-01-10 11:43:02');
INSERT INTO `sys_logininfor` VALUES (228, 'admin', '192.168.11.113', 'IP', 'Chrome 10', 'Windows 10', '1', '', '2023-01-10 11:43:05');
INSERT INTO `sys_logininfor` VALUES (229, 'admin', '192.168.11.113', 'IP', 'Chrome 10', 'Windows 10', '0', '', '2023-01-10 11:43:08');
INSERT INTO `sys_logininfor` VALUES (230, 'dianzhang', '127.0.0.1', 'IP', 'Chrome', 'Windows 10', '0', '', '2023-01-10 11:43:30');
INSERT INTO `sys_logininfor` VALUES (231, 'admin', '127.0.0.1', 'IP', 'Chrome', 'Windows 10', '0', '', '2023-01-10 11:43:38');
INSERT INTO `sys_logininfor` VALUES (232, 'admin', '127.0.0.1', 'IP', 'Chrome', 'Windows 10', '0', '', '2023-01-10 11:44:06');
INSERT INTO `sys_logininfor` VALUES (233, 'dianzhang', '127.0.0.1', 'IP', 'Chrome', 'Windows 10', '0', '', '2023-01-10 11:44:17');
INSERT INTO `sys_logininfor` VALUES (234, 'dianzhang', '127.0.0.1', 'IP', 'Chrome', 'Windows 10', '0', '', '2023-01-10 11:44:50');
INSERT INTO `sys_logininfor` VALUES (235, 'caiwu', '127.0.0.1', 'IP', 'Chrome', 'Windows 10', '0', '', '2023-01-10 11:44:59');
INSERT INTO `sys_logininfor` VALUES (236, 'caiwu', '127.0.0.1', 'IP', 'Chrome', 'Windows 10', '0', '', '2023-01-10 11:45:12');
INSERT INTO `sys_logininfor` VALUES (237, 'dianzhang', '127.0.0.1', 'IP', 'Chrome', 'Windows 10', '0', '', '2023-01-10 11:45:21');
INSERT INTO `sys_logininfor` VALUES (238, 'dianzhgang', '127.0.0.1', 'IP', 'Chrome', 'Windows 10', '1', 'dianzhgang ', '2023-01-10 14:09:58');
INSERT INTO `sys_logininfor` VALUES (239, 'dianzhang', '127.0.0.1', 'IP', 'Chrome', 'Windows 10', '1', '', '2023-01-10 14:10:04');
INSERT INTO `sys_logininfor` VALUES (240, 'dianzhang', '127.0.0.1', 'IP', 'Chrome', 'Windows 10', '0', '', '2023-01-10 14:10:09');
INSERT INTO `sys_logininfor` VALUES (241, 'dianzhang', '127.0.0.1', 'IP', 'Chrome', 'Windows 10', '0', '', '2023-01-10 15:35:15');
INSERT INTO `sys_logininfor` VALUES (242, 'dianzhang', '127.0.0.1', 'IP', 'Chrome', 'Windows 10', '0', '', '2023-01-10 15:36:16');
INSERT INTO `sys_logininfor` VALUES (243, 'admin', '127.0.0.1', 'IP', 'Chrome', 'Windows 10', '0', '', '2023-01-10 15:36:22');
INSERT INTO `sys_logininfor` VALUES (244, 'admin', '127.0.0.1', 'IP', 'Chrome', 'Windows 10', '0', '', '2023-01-10 15:37:10');
INSERT INTO `sys_logininfor` VALUES (245, 'admin', '127.0.0.1', 'IP', 'Chrome', 'Windows 10', '0', '', '2023-01-10 15:37:27');
INSERT INTO `sys_logininfor` VALUES (246, 'admin', '127.0.0.1', 'IP', 'Chrome', 'Windows 10', '0', '', '2023-01-10 15:38:00');
INSERT INTO `sys_logininfor` VALUES (247, 'dianzhang', '127.0.0.1', 'IP', 'Chrome', 'Windows 10', '0', '', '2023-01-10 15:38:15');
INSERT INTO `sys_logininfor` VALUES (248, 'dianzhang', '127.0.0.1', 'IP', 'Chrome', 'Windows 10', '0', '', '2023-01-10 15:39:55');
INSERT INTO `sys_logininfor` VALUES (249, 'admin', '127.0.0.1', 'IP', 'Chrome', 'Windows 10', '0', '', '2023-01-10 15:39:59');
INSERT INTO `sys_logininfor` VALUES (250, 'admin', '127.0.0.1', 'IP', 'Chrome', 'Windows 10', '0', '', '2023-01-10 15:44:06');
INSERT INTO `sys_logininfor` VALUES (251, 'dianzhang', '127.0.0.1', 'IP', 'Chrome', 'Windows 10', '0', '', '2023-01-10 15:44:21');
INSERT INTO `sys_logininfor` VALUES (252, 'admin', '127.0.0.1', 'IP', 'Chrome', 'Windows 10', '0', '', '2023-01-10 16:18:42');
INSERT INTO `sys_logininfor` VALUES (253, 'admin', '127.0.0.1', 'IP', 'Chrome', 'Windows 10', '0', '', '2023-01-10 16:18:55');
INSERT INTO `sys_logininfor` VALUES (254, 'dianzhang', '127.0.0.1', 'IP', 'Chrome', 'Windows 10', '0', '', '2023-01-10 16:19:05');
INSERT INTO `sys_logininfor` VALUES (255, 'dianzhang', '127.0.0.1', 'IP', 'Chrome', 'Windows 10', '0', '', '2023-01-10 16:33:02');
INSERT INTO `sys_logininfor` VALUES (256, 'admin', '127.0.0.1', 'IP', 'Chrome', 'Windows 10', '0', '', '2023-01-10 16:33:08');
INSERT INTO `sys_logininfor` VALUES (257, 'admin', '127.0.0.1', 'IP', 'Chrome', 'Windows 10', '0', '', '2023-01-10 16:33:59');
INSERT INTO `sys_logininfor` VALUES (258, 'dianzhang', '127.0.0.1', 'IP', 'Chrome', 'Windows 10', '1', '', '2023-01-10 16:34:13');
INSERT INTO `sys_logininfor` VALUES (259, 'dianzhang', '127.0.0.1', 'IP', 'Chrome', 'Windows 10', '0', '', '2023-01-10 16:34:17');
INSERT INTO `sys_logininfor` VALUES (260, 'dianzhang', '127.0.0.1', 'IP', 'Chrome', 'Windows 10', '0', '', '2023-01-10 16:37:03');
INSERT INTO `sys_logininfor` VALUES (261, 'admin', '127.0.0.1', 'IP', 'Chrome', 'Windows 10', '0', '', '2023-01-10 16:37:08');
INSERT INTO `sys_logininfor` VALUES (262, 'admin', '127.0.0.1', 'IP', 'Chrome', 'Windows 10', '0', '', '2023-01-10 16:40:26');
INSERT INTO `sys_logininfor` VALUES (263, 'dianzhang', '127.0.0.1', 'IP', 'Chrome', 'Windows 10', '0', '', '2023-01-10 16:40:40');
INSERT INTO `sys_logininfor` VALUES (264, 'dianzhang', '127.0.0.1', 'IP', 'Chrome', 'Windows 10', '0', '', '2023-01-10 16:47:22');
INSERT INTO `sys_logininfor` VALUES (265, 'admin', '127.0.0.1', 'IP', 'Chrome', 'Windows 10', '0', '', '2023-01-10 16:47:26');
INSERT INTO `sys_logininfor` VALUES (266, 'admin', '127.0.0.1', 'IP', 'Chrome', 'Windows 10', '0', '', '2023-01-10 16:48:11');
INSERT INTO `sys_logininfor` VALUES (267, 'dianzhang', '127.0.0.1', 'IP', 'Chrome', 'Windows 10', '0', '', '2023-01-10 16:48:22');
INSERT INTO `sys_logininfor` VALUES (268, 'dianzhang', '127.0.0.1', 'IP', 'Chrome', 'Windows 10', '0', '', '2023-01-10 16:56:53');
INSERT INTO `sys_logininfor` VALUES (269, 'admin', '127.0.0.1', 'IP', 'Chrome', 'Windows 10', '0', '', '2023-01-10 16:56:57');
INSERT INTO `sys_logininfor` VALUES (270, 'admin', '127.0.0.1', 'IP', 'Chrome', 'Windows 10', '0', '', '2023-01-10 16:58:10');
INSERT INTO `sys_logininfor` VALUES (271, 'dianzhang', '127.0.0.1', 'IP', 'Chrome', 'Windows 10', '0', '', '2023-01-10 16:58:25');
INSERT INTO `sys_logininfor` VALUES (272, 'dianzhang', '127.0.0.1', 'IP', 'Chrome', 'Windows 10', '0', '', '2023-01-10 17:21:46');
INSERT INTO `sys_logininfor` VALUES (273, 'caiwu', '127.0.0.1', 'IP', 'Chrome', 'Windows 10', '0', '', '2023-01-10 17:21:55');
INSERT INTO `sys_logininfor` VALUES (274, 'caiwu', '127.0.0.1', 'IP', 'Chrome', 'Windows 10', '0', '', '2023-01-10 17:24:28');
INSERT INTO `sys_logininfor` VALUES (275, 'admin', '127.0.0.1', 'IP', 'Chrome', 'Windows 10', '0', '', '2023-01-10 17:24:36');
INSERT INTO `sys_logininfor` VALUES (276, 'admin', '192.168.11.113', 'IP', 'Chrome 10', 'Windows 10', '0', '', '2023-01-10 22:15:49');
INSERT INTO `sys_logininfor` VALUES (277, 'admin', '127.0.0.1', 'IP', 'Chrome', 'Windows 10', '0', '', '2023-01-11 09:37:30');
INSERT INTO `sys_logininfor` VALUES (278, 'admin', '127.0.0.1', 'IP', 'Chrome', 'Windows 10', '0', '', '2023-01-11 09:45:43');
INSERT INTO `sys_logininfor` VALUES (279, 'admin', '127.0.0.1', 'IP', 'Chrome', 'Windows 10', '0', '', '2023-01-11 09:45:58');
INSERT INTO `sys_logininfor` VALUES (280, 'dianzhang', '127.0.0.1', 'IP', 'Chrome', 'Windows 10', '0', '', '2023-01-11 09:46:12');
INSERT INTO `sys_logininfor` VALUES (281, 'admin', '127.0.0.1', 'IP', 'Chrome', 'Windows 10', '0', '', '2023-01-11 11:19:44');
INSERT INTO `sys_logininfor` VALUES (282, 'admin', '127.0.0.1', 'IP', 'Chrome', 'Windows 10', '0', '', '2023-01-11 11:20:45');
INSERT INTO `sys_logininfor` VALUES (283, 'admin', '127.0.0.1', 'IP', 'Chrome', 'Windows 10', '0', '', '2023-01-11 11:21:03');
INSERT INTO `sys_logininfor` VALUES (284, 'admin', '127.0.0.1', 'IP', 'Chrome', 'Windows 10', '0', '', '2023-01-11 11:22:14');
INSERT INTO `sys_logininfor` VALUES (285, 'dianzhang', '127.0.0.1', 'IP', 'Chrome', 'Windows 10', '0', '', '2023-01-11 11:22:26');
INSERT INTO `sys_logininfor` VALUES (286, 'dianzhang', '127.0.0.1', 'IP', 'Chrome', 'Windows 10', '0', '', '2023-01-11 11:26:15');
INSERT INTO `sys_logininfor` VALUES (287, 'caiwu', '127.0.0.1', 'IP', 'Chrome', 'Windows 10', '0', '', '2023-01-11 11:26:27');
INSERT INTO `sys_logininfor` VALUES (288, 'caiwu', '127.0.0.1', 'IP', 'Chrome', 'Windows 10', '0', '', '2023-01-11 11:27:04');
INSERT INTO `sys_logininfor` VALUES (289, 'admin', '127.0.0.1', 'IP', 'Chrome', 'Windows 10', '0', '', '2023-01-11 11:27:14');
INSERT INTO `sys_logininfor` VALUES (290, 'admin', '127.0.0.1', 'IP', 'Chrome', 'Windows 10', '0', '', '2023-01-11 11:28:09');
INSERT INTO `sys_logininfor` VALUES (291, 'dianzhang', '127.0.0.1', 'IP', 'Chrome', 'Windows 10', '0', '', '2023-01-11 11:28:22');
INSERT INTO `sys_logininfor` VALUES (292, 'dianzhang', '127.0.0.1', 'IP', 'Chrome', 'Windows 10', '0', '', '2023-01-11 11:30:09');
INSERT INTO `sys_logininfor` VALUES (293, 'admin', '127.0.0.1', 'IP', 'Chrome', 'Windows 10', '0', '', '2023-01-11 11:30:18');
INSERT INTO `sys_logininfor` VALUES (294, 'admin', '127.0.0.1', 'IP', 'Chrome', 'Windows 10', '0', '', '2023-01-11 11:31:07');
INSERT INTO `sys_logininfor` VALUES (295, 'dianzhang', '127.0.0.1', 'IP', 'Chrome', 'Windows 10', '0', '', '2023-01-11 11:31:24');
INSERT INTO `sys_logininfor` VALUES (296, 'dianzhang', '127.0.0.1', 'IP', 'Chrome', 'Windows 10', '0', '', '2023-01-11 11:31:47');
INSERT INTO `sys_logininfor` VALUES (297, 'caiwu', '127.0.0.1', 'IP', 'Chrome', 'Windows 10', '0', '', '2023-01-11 11:32:05');
INSERT INTO `sys_logininfor` VALUES (298, 'xiaohei', '192.168.11.113', 'IP', 'Chrome 10', 'Windows 10', '1', 'xiaohei ', '2023-01-11 12:45:56');
INSERT INTO `sys_logininfor` VALUES (299, 'xiaohei', '192.168.11.113', 'IP', 'Chrome 10', 'Windows 10', '1', 'xiaohei ', '2023-01-11 12:46:12');
INSERT INTO `sys_logininfor` VALUES (300, '', '192.168.11.113', 'IP', 'Chrome 10', 'Windows 10', '1', ' ', '2023-01-11 12:46:27');
INSERT INTO `sys_logininfor` VALUES (301, 'admin', '192.168.11.113', 'IP', 'Chrome 10', 'Windows 10', '0', '', '2023-01-11 12:46:45');
INSERT INTO `sys_logininfor` VALUES (302, 'admin', '192.168.11.113', 'IP', 'Chrome 10', 'Windows 10', '0', '', '2023-01-11 12:47:06');
INSERT INTO `sys_logininfor` VALUES (303, 'dianzhang', '192.168.11.113', 'IP', 'Chrome 10', 'Windows 10', '0', '', '2023-01-11 12:47:16');
INSERT INTO `sys_logininfor` VALUES (304, 'admin', '127.0.0.1', 'IP', 'Chrome', 'Windows 10', '0', '', '2023-01-11 14:43:59');
INSERT INTO `sys_logininfor` VALUES (305, 'admin', '127.0.0.1', 'IP', 'Chrome', 'Windows 10', '0', '', '2023-01-11 14:44:53');
INSERT INTO `sys_logininfor` VALUES (306, 'dianzhang', '127.0.0.1', 'IP', 'Chrome', 'Windows 10', '0', '', '2023-01-11 14:45:04');
INSERT INTO `sys_logininfor` VALUES (307, 'dianzhang', '127.0.0.1', 'IP', 'Chrome', 'Windows 10', '0', '', '2023-01-11 14:45:50');
INSERT INTO `sys_logininfor` VALUES (308, 'admin', '127.0.0.1', 'IP', 'Chrome', 'Windows 10', '0', '', '2023-01-11 14:45:55');
INSERT INTO `sys_logininfor` VALUES (309, 'admin', '127.0.0.1', 'IP', 'Chrome', 'Windows 10', '0', '', '2023-01-11 14:46:30');
INSERT INTO `sys_logininfor` VALUES (310, 'admin', '127.0.0.1', 'IP', 'Chrome', 'Windows 10', '0', '', '2023-01-11 14:46:35');
INSERT INTO `sys_logininfor` VALUES (311, 'admin', '127.0.0.1', 'IP', 'Chrome', 'Windows 10', '0', '', '2023-01-11 14:46:44');
INSERT INTO `sys_logininfor` VALUES (312, 'dianzhang', '127.0.0.1', 'IP', 'Chrome', 'Windows 10', '0', '', '2023-01-11 14:46:56');
INSERT INTO `sys_logininfor` VALUES (313, 'dianzhang', '127.0.0.1', 'IP', 'Chrome', 'Windows 10', '0', '', '2023-01-11 14:47:21');
INSERT INTO `sys_logininfor` VALUES (314, 'caiwu', '127.0.0.1', 'IP', 'Chrome', 'Windows 10', '0', '', '2023-01-11 14:47:30');
INSERT INTO `sys_logininfor` VALUES (315, 'admin', '127.0.0.1', 'IP', 'Chrome', 'Windows 10', '0', '', '2023-01-11 15:47:24');
INSERT INTO `sys_logininfor` VALUES (316, 'admin', '127.0.0.1', 'IP', 'Chrome', 'Windows 10', '0', '', '2023-01-11 15:48:25');
INSERT INTO `sys_logininfor` VALUES (317, 'dianzhang', '127.0.0.1', 'IP', 'Chrome', 'Windows 10', '0', '', '2023-01-11 15:48:39');
INSERT INTO `sys_logininfor` VALUES (318, 'dianzhang', '127.0.0.1', 'IP', 'Chrome', 'Windows 10', '0', '', '2023-01-11 15:50:25');
INSERT INTO `sys_logininfor` VALUES (319, 'caiwu', '127.0.0.1', 'IP', 'Chrome', 'Windows 10', '0', '', '2023-01-11 15:50:36');
INSERT INTO `sys_logininfor` VALUES (320, 'caiwu', '127.0.0.1', 'IP', 'Chrome', 'Windows 10', '0', '', '2023-01-11 15:52:02');
INSERT INTO `sys_logininfor` VALUES (321, 'admin', '127.0.0.1', 'IP', 'Chrome', 'Windows 10', '0', '', '2023-01-11 15:52:12');
INSERT INTO `sys_logininfor` VALUES (322, 'admin', '127.0.0.1', 'IP', 'Chrome', 'Windows 10', '0', '', '2023-01-11 15:53:33');
INSERT INTO `sys_logininfor` VALUES (323, 'dianzhang', '127.0.0.1', 'IP', 'Chrome', 'Windows 10', '1', '', '2023-01-11 15:53:45');
INSERT INTO `sys_logininfor` VALUES (324, 'dianzhang', '127.0.0.1', 'IP', 'Chrome', 'Windows 10', '0', '', '2023-01-11 15:53:49');
INSERT INTO `sys_logininfor` VALUES (325, 'dianzhang', '127.0.0.1', 'IP', 'Chrome', 'Windows 10', '0', '', '2023-01-11 15:54:20');
INSERT INTO `sys_logininfor` VALUES (326, 'caiwu', '127.0.0.1', 'IP', 'Chrome', 'Windows 10', '0', '', '2023-01-11 15:54:33');
INSERT INTO `sys_logininfor` VALUES (327, 'caiwu', '127.0.0.1', 'IP', 'Chrome', 'Windows 10', '0', '', '2023-01-11 15:54:54');
INSERT INTO `sys_logininfor` VALUES (328, 'dianzhang', '127.0.0.1', 'IP', 'Chrome', 'Windows 10', '0', '', '2023-01-11 15:55:03');
INSERT INTO `sys_logininfor` VALUES (329, 'dianzhang', '127.0.0.1', 'IP', 'Chrome', 'Windows 10', '0', '', '2023-01-11 16:13:06');
INSERT INTO `sys_logininfor` VALUES (330, 'caiwu', '127.0.0.1', 'IP', 'Chrome', 'Windows 10', '0', '', '2023-01-11 16:13:17');
INSERT INTO `sys_logininfor` VALUES (331, 'admin', '127.0.0.1', 'IP', 'Chrome 11', 'Windows 10', '0', '', '2023-03-08 18:38:45');
INSERT INTO `sys_logininfor` VALUES (332, 'admin', '127.0.0.1', 'IP', 'Chrome 11', 'Windows 10', '0', '', '2023-03-08 18:38:49');
INSERT INTO `sys_logininfor` VALUES (333, 'admin', '127.0.0.1', 'IP', 'Chrome 11', 'Windows 10', '0', '', '2023-03-08 19:27:20');
INSERT INTO `sys_logininfor` VALUES (334, 'dianzhang', '127.0.0.1', 'IP', 'Chrome 11', 'Windows 10', '0', '', '2023-03-08 19:27:40');
INSERT INTO `sys_logininfor` VALUES (335, 'dianzhang', '127.0.0.1', 'IP', 'Chrome 11', 'Windows 10', '0', '', '2023-03-08 19:28:42');
INSERT INTO `sys_logininfor` VALUES (336, 'admin', '127.0.0.1', 'IP', 'Chrome 11', 'Windows 10', '0', '', '2023-03-08 19:28:45');
INSERT INTO `sys_logininfor` VALUES (337, 'admin', '127.0.0.1', 'IP', 'Chrome 11', 'Windows 10', '0', '', '2023-03-08 19:32:21');
INSERT INTO `sys_logininfor` VALUES (338, 'dianzhang', '127.0.0.1', 'IP', 'Chrome 11', 'Windows 10', '0', '', '2023-03-08 19:32:32');
INSERT INTO `sys_logininfor` VALUES (339, 'dianzhang', '127.0.0.1', 'IP', 'Chrome 11', 'Windows 10', '0', '', '2023-03-08 19:33:24');
INSERT INTO `sys_logininfor` VALUES (340, 'caiwu', '127.0.0.1', 'IP', 'Chrome 11', 'Windows 10', '0', '', '2023-03-08 19:33:34');
INSERT INTO `sys_logininfor` VALUES (341, 'caiwu', '127.0.0.1', 'IP', 'Chrome 11', 'Windows 10', '0', '', '2023-03-08 19:34:05');
INSERT INTO `sys_logininfor` VALUES (342, 'admin', '127.0.0.1', 'IP', 'Chrome 11', 'Windows 10', '0', '', '2023-03-08 19:34:09');
INSERT INTO `sys_logininfor` VALUES (343, 'admin', '127.0.0.1', 'IP', 'Chrome 11', 'Windows 10', '0', '', '2023-05-28 01:15:58');
INSERT INTO `sys_logininfor` VALUES (344, 'admin', '127.0.0.1', 'IP', 'Chrome 11', 'Windows 10', '0', '', '2023-05-28 01:16:04');
INSERT INTO `sys_logininfor` VALUES (345, 'admin', '127.0.0.1', 'IP', 'Chrome 11', 'Windows 10', '0', '', '2023-05-28 08:51:57');

-- ----------------------------
-- Table structure for sys_menu
-- ----------------------------
DROP TABLE IF EXISTS `sys_menu`;
CREATE TABLE `sys_menu`  (
  `menu_id` bigint(20) NOT NULL AUTO_INCREMENT COMMENT 'ID',
  `menu_name` varchar(50) CHARACTER SET utf8mb4 COLLATE utf8mb4_general_ci NOT NULL COMMENT '',
  `parent_id` bigint(20) NULL DEFAULT 0 COMMENT 'ID',
  `order_num` int(4) NULL DEFAULT 0 COMMENT '',
  `path` varchar(200) CHARACTER SET utf8mb4 COLLATE utf8mb4_general_ci NULL DEFAULT '' COMMENT '',
  `component` varchar(255) CHARACTER SET utf8mb4 COLLATE utf8mb4_general_ci NULL DEFAULT NULL COMMENT '',
  `query` varchar(255) CHARACTER SET utf8mb4 COLLATE utf8mb4_general_ci NULL DEFAULT NULL COMMENT '',
  `is_frame` int(1) NULL DEFAULT 1 COMMENT '0 1',
  `is_cache` int(1) NULL DEFAULT 0 COMMENT '0 1',
  `menu_type` char(1) CHARACTER SET utf8mb4 COLLATE utf8mb4_general_ci NULL DEFAULT '' COMMENT 'M C F',
  `visible` char(1) CHARACTER SET utf8mb4 COLLATE utf8mb4_general_ci NULL DEFAULT '0' COMMENT '0 1',
  `status` char(1) CHARACTER SET utf8mb4 COLLATE utf8mb4_general_ci NULL DEFAULT '0' COMMENT '0 1',
  `perms` varchar(100) CHARACTER SET utf8mb4 COLLATE utf8mb4_general_ci NULL DEFAULT NULL COMMENT '',
  `icon` varchar(100) CHARACTER SET utf8mb4 COLLATE utf8mb4_general_ci NULL DEFAULT '#' COMMENT '',
  `create_by` varchar(64) CHARACTER SET utf8mb4 COLLATE utf8mb4_general_ci NULL DEFAULT '' COMMENT '',
  `create_time` datetime(0) NULL DEFAULT NULL COMMENT '',
  `update_by` varchar(64) CHARACTER SET utf8mb4 COLLATE utf8mb4_general_ci NULL DEFAULT '' COMMENT '',
  `update_time` datetime(0) NULL DEFAULT NULL COMMENT '',
  `remark` varchar(500) CHARACTER SET utf8mb4 COLLATE utf8mb4_general_ci NULL DEFAULT '' COMMENT '',
  PRIMARY KEY (`menu_id`) USING BTREE
) ENGINE = InnoDB AUTO_INCREMENT = 2017 CHARACTER SET = utf8mb4 COLLATE = utf8mb4_general_ci COMMENT = '' ROW_FORMAT = Compact;

-- ----------------------------
-- Records of sys_menu
-- ----------------------------
INSERT INTO `sys_menu` VALUES (1, '', 0, 10, 'system', NULL, '', 1, 0, 'M', '0', '0', '', 'system', 'admin', '2022-12-24 10:03:11', 'admin', '2023-01-05 16:34:23', '');
INSERT INTO `sys_menu` VALUES (2, '', 0, 11, 'monitor', NULL, '', 1, 0, 'M', '0', '0', '', 'monitor', 'admin', '2022-12-24 10:03:11', 'admin', '2023-01-05 16:34:32', '');
INSERT INTO `sys_menu` VALUES (3, '', 0, 12, 'tool', NULL, '', 1, 0, 'M', '0', '0', '', 'tool', 'admin', '2022-12-24 10:03:11', 'admin', '2023-01-05 16:34:48', '');
INSERT INTO `sys_menu` VALUES (4, '', 0, 13, 'http://www.baidu.com', NULL, '', 0, 0, 'M', '0', '0', '', 'guide', 'admin', '2022-12-24 10:03:11', 'admin', '2023-01-05 16:34:56', '');
INSERT INTO `sys_menu` VALUES (100, '', 1, 1, 'user', 'system/user/index', '', 1, 0, 'C', '0', '0', 'system:user:list', 'user', 'admin', '2022-12-24 10:03:11', '', NULL, '');
INSERT INTO `sys_menu` VALUES (101, '', 1, 2, 'role', 'system/role/index', '', 1, 0, 'C', '0', '0', 'system:role:list', 'peoples', 'admin', '2022-12-24 10:03:11', '', NULL, '');
INSERT INTO `sys_menu` VALUES (102, '', 1, 3, 'menu', 'system/menu/index', '', 1, 0, 'C', '0', '0', 'system:menu:list', 'tree-table', 'admin', '2022-12-24 10:03:11', '', NULL, '');
INSERT INTO `sys_menu` VALUES (103, '', 1, 4, 'dept', 'system/dept/index', '', 1, 0, 'C', '0', '0', 'system:dept:list', 'tree', 'admin', '2022-12-24 10:03:11', '', NULL, '');
INSERT INTO `sys_menu` VALUES (104, '', 1, 5, 'post', 'system/post/index', '', 1, 0, 'C', '0', '0', 'system:post:list', 'post', 'admin', '2022-12-24 10:03:11', '', NULL, '');
INSERT INTO `sys_menu` VALUES (105, '', 1, 6, 'dict', 'system/dict/index', '', 1, 0, 'C', '0', '0', 'system:dict:list', 'dict', 'admin', '2022-12-24 10:03:11', '', NULL, '');
INSERT INTO `sys_menu` VALUES (106, '', 1, 7, 'config', 'system/config/index', '', 1, 0, 'C', '0', '0', 'system:config:list', 'edit', 'admin', '2022-12-24 10:03:11', '', NULL, '');
INSERT INTO `sys_menu` VALUES (107, '', 1, 8, 'notice', 'system/notice/index', '', 1, 0, 'C', '0', '0', 'system:notice:list', 'message', 'admin', '2022-12-24 10:03:11', '', NULL, '');
INSERT INTO `sys_menu` VALUES (108, '', 1, 9, 'log', '', '', 1, 0, 'M', '0', '0', '', 'log', 'admin', '2022-12-24 10:03:11', '', NULL, '');
INSERT INTO `sys_menu` VALUES (109, '', 2, 1, 'online', 'monitor/online/index', '', 1, 0, 'C', '0', '0', 'monitor:online:list', 'online', 'admin', '2022-12-24 10:03:11', '', NULL, '');
INSERT INTO `sys_menu` VALUES (110, '', 2, 2, 'job', 'monitor/job/index', '', 1, 0, 'C', '0', '0', 'monitor:job:list', 'job', 'admin', '2022-12-24 10:03:11', '', NULL, '');
INSERT INTO `sys_menu` VALUES (111, '', 2, 3, 'druid', 'monitor/druid/index', '', 1, 0, 'C', '0', '0', 'monitor:druid:list', 'druid', 'admin', '2022-12-24 10:03:11', '', NULL, '');
INSERT INTO `sys_menu` VALUES (112, '', 2, 4, 'server', 'monitor/server/index', '', 1, 0, 'C', '0', '0', 'monitor:server:list', 'server', 'admin', '2022-12-24 10:03:11', '', NULL, '');
INSERT INTO `sys_menu` VALUES (113, '', 2, 5, 'cache', 'monitor/cache/index', '', 1, 0, 'C', '0', '0', 'monitor:cache:list', 'redis', 'admin', '2022-12-24 10:03:11', '', NULL, '');
INSERT INTO `sys_menu` VALUES (114, '', 2, 6, 'cacheList', 'monitor/cache/list', '', 1, 0, 'C', '0', '0', 'monitor:cache:list', 'redis-list', 'admin', '2022-12-24 10:03:11', '', NULL, '');
INSERT INTO `sys_menu` VALUES (115, '', 3, 1, 'build', 'tool/build/index', '', 1, 0, 'C', '0', '0', 'tool:build:list', 'build', 'admin', '2022-12-24 10:03:11', '', NULL, '');
INSERT INTO `sys_menu` VALUES (116, '', 3, 2, 'gen', 'tool/gen/index', '', 1, 0, 'C', '0', '0', 'tool:gen:list', 'code', 'admin', '2022-12-24 10:03:11', '', NULL, '');
INSERT INTO `sys_menu` VALUES (117, '', 3, 3, 'swagger', 'tool/swagger/index', '', 1, 0, 'C', '0', '0', 'tool:swagger:list', 'swagger', 'admin', '2022-12-24 10:03:11', '', NULL, '');
INSERT INTO `sys_menu` VALUES (500, '', 108, 1, 'operlog', 'monitor/operlog/index', '', 1, 0, 'C', '0', '0', 'monitor:operlog:list', 'form', 'admin', '2022-12-24 10:03:11', '', NULL, '');
INSERT INTO `sys_menu` VALUES (501, '', 108, 2, 'logininfor', 'monitor/logininfor/index', '', 1, 0, 'C', '0', '0', 'monitor:logininfor:list', 'logininfor', 'admin', '2022-12-24 10:03:11', '', NULL, '');
INSERT INTO `sys_menu` VALUES (1000, '', 100, 1, '', '', '', 1, 0, 'F', '0', '0', 'system:user:query', '#', 'admin', '2022-12-24 10:03:11', '', NULL, '');
INSERT INTO `sys_menu` VALUES (1001, '', 100, 2, '', '', '', 1, 0, 'F', '0', '0', 'system:user:add', '#', 'admin', '2022-12-24 10:03:11', '', NULL, '');
INSERT INTO `sys_menu` VALUES (1002, '', 100, 3, '', '', '', 1, 0, 'F', '0', '0', 'system:user:edit', '#', 'admin', '2022-12-24 10:03:11', '', NULL, '');
INSERT INTO `sys_menu` VALUES (1003, '', 100, 4, '', '', '', 1, 0, 'F', '0', '0', 'system:user:remove', '#', 'admin', '2022-12-24 10:03:11', '', NULL, '');
INSERT INTO `sys_menu` VALUES (1004, '', 100, 5, '', '', '', 1, 0, 'F', '0', '0', 'system:user:export', '#', 'admin', '2022-12-24 10:03:11', '', NULL, '');
INSERT INTO `sys_menu` VALUES (1005, '', 100, 6, '', '', '', 1, 0, 'F', '0', '0', 'system:user:import', '#', 'admin', '2022-12-24 10:03:11', '', NULL, '');
INSERT INTO `sys_menu` VALUES (1006, '', 100, 7, '', '', '', 1, 0, 'F', '0', '0', 'system:user:resetPwd', '#', 'admin', '2022-12-24 10:03:11', '', NULL, '');
INSERT INTO `sys_menu` VALUES (1007, '', 101, 1, '', '', '', 1, 0, 'F', '0', '0', 'system:role:query', '#', 'admin', '2022-12-24 10:03:11', '', NULL, '');
INSERT INTO `sys_menu` VALUES (1008, '', 101, 2, '', '', '', 1, 0, 'F', '0', '0', 'system:role:add', '#', 'admin', '2022-12-24 10:03:11', '', NULL, '');
INSERT INTO `sys_menu` VALUES (1009, '', 101, 3, '', '', '', 1, 0, 'F', '0', '0', 'system:role:edit', '#', 'admin', '2022-12-24 10:03:11', '', NULL, '');
INSERT INTO `sys_menu` VALUES (1010, '', 101, 4, '', '', '', 1, 0, 'F', '0', '0', 'system:role:remove', '#', 'admin', '2022-12-24 10:03:11', '', NULL, '');
INSERT INTO `sys_menu` VALUES (1011, '', 101, 5, '', '', '', 1, 0, 'F', '0', '0', 'system:role:export', '#', 'admin', '2022-12-24 10:03:11', '', NULL, '');
INSERT INTO `sys_menu` VALUES (1012, '', 102, 1, '', '', '', 1, 0, 'F', '0', '0', 'system:menu:query', '#', 'admin', '2022-12-24 10:03:11', '', NULL, '');
INSERT INTO `sys_menu` VALUES (1013, '', 102, 2, '', '', '', 1, 0, 'F', '0', '0', 'system:menu:add', '#', 'admin', '2022-12-24 10:03:11', '', NULL, '');
INSERT INTO `sys_menu` VALUES (1014, '', 102, 3, '', '', '', 1, 0, 'F', '0', '0', 'system:menu:edit', '#', 'admin', '2022-12-24 10:03:11', '', NULL, '');
INSERT INTO `sys_menu` VALUES (1015, '', 102, 4, '', '', '', 1, 0, 'F', '0', '0', 'system:menu:remove', '#', 'admin', '2022-12-24 10:03:11', '', NULL, '');
INSERT INTO `sys_menu` VALUES (1016, '', 103, 1, '', '', '', 1, 0, 'F', '0', '0', 'system:dept:query', '#', 'admin', '2022-12-24 10:03:11', '', NULL, '');
INSERT INTO `sys_menu` VALUES (1017, '', 103, 2, '', '', '', 1, 0, 'F', '0', '0', 'system:dept:add', '#', 'admin', '2022-12-24 10:03:11', '', NULL, '');
INSERT INTO `sys_menu` VALUES (1018, '', 103, 3, '', '', '', 1, 0, 'F', '0', '0', 'system:dept:edit', '#', 'admin', '2022-12-24 10:03:11', '', NULL, '');
INSERT INTO `sys_menu` VALUES (1019, '', 103, 4, '', '', '', 1, 0, 'F', '0', '0', 'system:dept:remove', '#', 'admin', '2022-12-24 10:03:11', '', NULL, '');
INSERT INTO `sys_menu` VALUES (1020, '', 104, 1, '', '', '', 1, 0, 'F', '0', '0', 'system:post:query', '#', 'admin', '2022-12-24 10:03:11', '', NULL, '');
INSERT INTO `sys_menu` VALUES (1021, '', 104, 2, '', '', '', 1, 0, 'F', '0', '0', 'system:post:add', '#', 'admin', '2022-12-24 10:03:11', '', NULL, '');
INSERT INTO `sys_menu` VALUES (1022, '', 104, 3, '', '', '', 1, 0, 'F', '0', '0', 'system:post:edit', '#', 'admin', '2022-12-24 10:03:11', '', NULL, '');
INSERT INTO `sys_menu` VALUES (1023, '', 104, 4, '', '', '', 1, 0, 'F', '0', '0', 'system:post:remove', '#', 'admin', '2022-12-24 10:03:11', '', NULL, '');
INSERT INTO `sys_menu` VALUES (1024, '', 104, 5, '', '', '', 1, 0, 'F', '0', '0', 'system:post:export', '#', 'admin', '2022-12-24 10:03:11', '', NULL, '');
INSERT INTO `sys_menu` VALUES (1025, '', 105, 1, '#', '', '', 1, 0, 'F', '0', '0', 'system:dict:query', '#', 'admin', '2022-12-24 10:03:11', '', NULL, '');
INSERT INTO `sys_menu` VALUES (1026, '', 105, 2, '#', '', '', 1, 0, 'F', '0', '0', 'system:dict:add', '#', 'admin', '2022-12-24 10:03:11', '', NULL, '');
INSERT INTO `sys_menu` VALUES (1027, '', 105, 3, '#', '', '', 1, 0, 'F', '0', '0', 'system:dict:edit', '#', 'admin', '2022-12-24 10:03:11', '', NULL, '');
INSERT INTO `sys_menu` VALUES (1028, '', 105, 4, '#', '', '', 1, 0, 'F', '0', '0', 'system:dict:remove', '#', 'admin', '2022-12-24 10:03:11', '', NULL, '');
INSERT INTO `sys_menu` VALUES (1029, '', 105, 5, '#', '', '', 1, 0, 'F', '0', '0', 'system:dict:export', '#', 'admin', '2022-12-24 10:03:11', '', NULL, '');
INSERT INTO `sys_menu` VALUES (1030, '', 106, 1, '#', '', '', 1, 0, 'F', '0', '0', 'system:config:query', '#', 'admin', '2022-12-24 10:03:11', '', NULL, '');
INSERT INTO `sys_menu` VALUES (1031, '', 106, 2, '#', '', '', 1, 0, 'F', '0', '0', 'system:config:add', '#', 'admin', '2022-12-24 10:03:11', '', NULL, '');
INSERT INTO `sys_menu` VALUES (1032, '', 106, 3, '#', '', '', 1, 0, 'F', '0', '0', 'system:config:edit', '#', 'admin', '2022-12-24 10:03:11', '', NULL, '');
INSERT INTO `sys_menu` VALUES (1033, '', 106, 4, '#', '', '', 1, 0, 'F', '0', '0', 'system:config:remove', '#', 'admin', '2022-12-24 10:03:11', '', NULL, '');
INSERT INTO `sys_menu` VALUES (1034, '', 106, 5, '#', '', '', 1, 0, 'F', '0', '0', 'system:config:export', '#', 'admin', '2022-12-24 10:03:11', '', NULL, '');
INSERT INTO `sys_menu` VALUES (1035, '', 107, 1, '#', '', '', 1, 0, 'F', '0', '0', 'system:notice:query', '#', 'admin', '2022-12-24 10:03:11', '', NULL, '');
INSERT INTO `sys_menu` VALUES (1036, '', 107, 2, '#', '', '', 1, 0, 'F', '0', '0', 'system:notice:add', '#', 'admin', '2022-12-24 10:03:11', '', NULL, '');
INSERT INTO `sys_menu` VALUES (1037, '', 107, 3, '#', '', '', 1, 0, 'F', '0', '0', 'system:notice:edit', '#', 'admin', '2022-12-24 10:03:11', '', NULL, '');
INSERT INTO `sys_menu` VALUES (1038, '', 107, 4, '#', '', '', 1, 0, 'F', '0', '0', 'system:notice:remove', '#', 'admin', '2022-12-24 10:03:11', '', NULL, '');
INSERT INTO `sys_menu` VALUES (1039, '', 500, 1, '#', '', '', 1, 0, 'F', '0', '0', 'monitor:operlog:query', '#', 'admin', '2022-12-24 10:03:11', '', NULL, '');
INSERT INTO `sys_menu` VALUES (1040, '', 500, 2, '#', '', '', 1, 0, 'F', '0', '0', 'monitor:operlog:remove', '#', 'admin', '2022-12-24 10:03:11', '', NULL, '');
INSERT INTO `sys_menu` VALUES (1041, '', 500, 4, '#', '', '', 1, 0, 'F', '0', '0', 'monitor:operlog:export', '#', 'admin', '2022-12-24 10:03:11', '', NULL, '');
INSERT INTO `sys_menu` VALUES (1042, '', 501, 1, '#', '', '', 1, 0, 'F', '0', '0', 'monitor:logininfor:query', '#', 'admin', '2022-12-24 10:03:11', '', NULL, '');
INSERT INTO `sys_menu` VALUES (1043, '', 501, 2, '#', '', '', 1, 0, 'F', '0', '0', 'monitor:logininfor:remove', '#', 'admin', '2022-12-24 10:03:11', '', NULL, '');
INSERT INTO `sys_menu` VALUES (1044, '', 501, 3, '#', '', '', 1, 0, 'F', '0', '0', 'monitor:logininfor:export', '#', 'admin', '2022-12-24 10:03:11', '', NULL, '');
INSERT INTO `sys_menu` VALUES (1045, '', 109, 1, '#', '', '', 1, 0, 'F', '0', '0', 'monitor:online:query', '#', 'admin', '2022-12-24 10:03:11', '', NULL, '');
INSERT INTO `sys_menu` VALUES (1046, '', 109, 2, '#', '', '', 1, 0, 'F', '0', '0', 'monitor:online:batchLogout', '#', 'admin', '2022-12-24 10:03:11', '', NULL, '');
INSERT INTO `sys_menu` VALUES (1047, '', 109, 3, '#', '', '', 1, 0, 'F', '0', '0', 'monitor:online:forceLogout', '#', 'admin', '2022-12-24 10:03:11', '', NULL, '');
INSERT INTO `sys_menu` VALUES (1048, '', 110, 1, '#', '', '', 1, 0, 'F', '0', '0', 'monitor:job:query', '#', 'admin', '2022-12-24 10:03:11', '', NULL, '');
INSERT INTO `sys_menu` VALUES (1049, '', 110, 2, '#', '', '', 1, 0, 'F', '0', '0', 'monitor:job:add', '#', 'admin', '2022-12-24 10:03:11', '', NULL, '');
INSERT INTO `sys_menu` VALUES (1050, '', 110, 3, '#', '', '', 1, 0, 'F', '0', '0', 'monitor:job:edit', '#', 'admin', '2022-12-24 10:03:11', '', NULL, '');
INSERT INTO `sys_menu` VALUES (1051, '', 110, 4, '#', '', '', 1, 0, 'F', '0', '0', 'monitor:job:remove', '#', 'admin', '2022-12-24 10:03:11', '', NULL, '');
INSERT INTO `sys_menu` VALUES (1052, '', 110, 5, '#', '', '', 1, 0, 'F', '0', '0', 'monitor:job:changeStatus', '#', 'admin', '2022-12-24 10:03:11', '', NULL, '');
INSERT INTO `sys_menu` VALUES (1053, '', 110, 7, '#', '', '', 1, 0, 'F', '0', '0', 'monitor:job:export', '#', 'admin', '2022-12-24 10:03:11', '', NULL, '');
INSERT INTO `sys_menu` VALUES (1054, '', 115, 1, '#', '', '', 1, 0, 'F', '0', '0', 'tool:gen:query', '#', 'admin', '2022-12-24 10:03:11', '', NULL, '');
INSERT INTO `sys_menu` VALUES (1055, '', 115, 2, '#', '', '', 1, 0, 'F', '0', '0', 'tool:gen:edit', '#', 'admin', '2022-12-24 10:03:11', '', NULL, '');
INSERT INTO `sys_menu` VALUES (1056, '', 115, 3, '#', '', '', 1, 0, 'F', '0', '0', 'tool:gen:remove', '#', 'admin', '2022-12-24 10:03:11', '', NULL, '');
INSERT INTO `sys_menu` VALUES (1057, '', 115, 2, '#', '', '', 1, 0, 'F', '0', '0', 'tool:gen:import', '#', 'admin', '2022-12-24 10:03:11', '', NULL, '');
INSERT INTO `sys_menu` VALUES (1058, '', 115, 4, '#', '', '', 1, 0, 'F', '0', '0', 'tool:gen:preview', '#', 'admin', '2022-12-24 10:03:11', '', NULL, '');
INSERT INTO `sys_menu` VALUES (1059, '', 115, 5, '#', '', '', 1, 0, 'F', '0', '0', 'tool:gen:code', '#', 'admin', '2022-12-24 10:03:11', '', NULL, '');
INSERT INTO `sys_menu` VALUES (2001, '', 0, 0, 'business', NULL, NULL, 1, 0, 'M', '0', '0', NULL, 'money', 'admin', '2022-12-27 11:36:50', '', NULL, '');
INSERT INTO `sys_menu` VALUES (2002, '', 2001, 0, 'appointment', 'business/appointment/index', NULL, 1, 0, 'C', '0', '0', 'appointment:appointment:list', '#', 'admin', '2022-12-27 11:41:35', 'admin', '2023-01-08 10:46:44', '');
INSERT INTO `sys_menu` VALUES (2004, '', 2001, 1, 'serviceitem', 'business/serviceitem/index', NULL, 1, 0, 'C', '0', '0', 'business:serviceitem:list', '#', 'admin', '2022-12-27 11:49:56', '', NULL, '');
INSERT INTO `sys_menu` VALUES (2005, '', 2001, 2, 'statement', 'business/statement/index', NULL, 1, 0, 'C', '0', '0', 'business:statement:list', '#', 'admin', '2022-12-27 11:52:58', '', NULL, '');
INSERT INTO `sys_menu` VALUES (2006, '', 0, 2, 'business_flow', NULL, NULL, 1, 0, 'M', '0', '0', '', 'documentation', 'admin', '2023-01-05 16:36:43', 'admin', '2023-01-05 16:39:25', '');
INSERT INTO `sys_menu` VALUES (2007, '', 2006, 0, 'flowdefinition', 'business/flow/index', NULL, 1, 0, 'C', '0', '0', '', '#', 'admin', '2023-01-05 16:38:19', 'admin', '2023-03-08 18:42:13', '');
INSERT INTO `sys_menu` VALUES (2008, '', 0, 1, 'business_package', NULL, NULL, 1, 0, 'M', '0', '0', '', 'monitor', 'admin', '2023-01-07 16:56:37', 'admin', '2023-01-07 16:57:10', '');
INSERT INTO `sys_menu` VALUES (2009, '', 2008, 0, 'info', 'business/audit/index', NULL, 1, 0, 'C', '0', '0', 'business:carPackageAudit:list', '#', 'admin', '2023-01-07 16:58:35', 'admin', '2023-03-08 19:29:35', '');
INSERT INTO `sys_menu` VALUES (2010, '', 2008, 1, 'todo', 'business/audit/todo/index', NULL, 1, 0, 'C', '0', '0', 'business:carPackageAudit:todo', '#', 'admin', '2023-01-07 16:59:58', 'admin', '2023-03-08 19:30:21', '');
INSERT INTO `sys_menu` VALUES (2011, '', 2008, 2, 'done', 'business/audit/done/index', NULL, 1, 0, 'C', '0', '0', 'business:carPackageAudit:done', '#', 'admin', '2023-01-07 17:01:17', 'admin', '2023-03-08 19:30:42', '');
INSERT INTO `sys_menu` VALUES (2012, '', 2002, 0, '', NULL, NULL, 1, 0, 'F', '0', '0', 'appointment:appointment:add', '#', 'admin', '2023-01-08 11:07:10', 'admin', '2023-01-08 11:09:27', '');
INSERT INTO `sys_menu` VALUES (2013, '', 2010, 0, '', NULL, NULL, 1, 0, 'F', '0', '0', 'business:carPackageAudit:audit', '#', 'admin', '2023-01-10 15:37:06', 'admin', '2023-03-08 19:32:11', '');
INSERT INTO `sys_menu` VALUES (2015, '', 2010, 1, '', NULL, NULL, 1, 0, 'F', '0', '0', 'business:carPackageAudit:history', '#', 'admin', '2023-01-11 11:21:47', 'admin', '2023-03-08 19:31:47', '');
INSERT INTO `sys_menu` VALUES (2016, '', 2010, 2, '', NULL, NULL, 1, 0, 'F', '0', '0', 'business:carPackageAudit:processImg', '#', 'admin', '2023-01-11 14:44:40', 'admin', '2023-03-08 19:31:19', '');

-- ----------------------------
-- Table structure for sys_notice
-- ----------------------------
DROP TABLE IF EXISTS `sys_notice`;
CREATE TABLE `sys_notice`  (
  `notice_id` int(4) NOT NULL AUTO_INCREMENT COMMENT 'ID',
  `notice_title` varchar(50) CHARACTER SET utf8mb4 COLLATE utf8mb4_general_ci NOT NULL COMMENT '',
  `notice_type` char(1) CHARACTER SET utf8mb4 COLLATE utf8mb4_general_ci NOT NULL COMMENT '1 2',
  `notice_content` longblob NULL COMMENT '',
  `status` char(1) CHARACTER SET utf8mb4 COLLATE utf8mb4_general_ci NULL DEFAULT '0' COMMENT '0 1',
  `create_by` varchar(64) CHARACTER SET utf8mb4 COLLATE utf8mb4_general_ci NULL DEFAULT '' COMMENT '',
  `create_time` datetime(0) NULL DEFAULT NULL COMMENT '',
  `update_by` varchar(64) CHARACTER SET utf8mb4 COLLATE utf8mb4_general_ci NULL DEFAULT '' COMMENT '',
  `update_time` datetime(0) NULL DEFAULT NULL COMMENT '',
  `remark` varchar(255) CHARACTER SET utf8mb4 COLLATE utf8mb4_general_ci NULL DEFAULT NULL COMMENT '',
  PRIMARY KEY (`notice_id`) USING BTREE
) ENGINE = InnoDB AUTO_INCREMENT = 3 CHARACTER SET = utf8mb4 COLLATE = utf8mb4_general_ci COMMENT = '' ROW_FORMAT = Compact;

-- ----------------------------
-- Records of sys_notice
-- ----------------------------
INSERT INTO `sys_notice` VALUES (1, '2018-07-01 ', '2', 0xE696B0E78988E69CACE58685E5AEB9, '0', 'admin', '2022-12-24 10:03:11', '', NULL, '');
INSERT INTO `sys_notice` VALUES (2, '2018-07-01 ', '1', 0xE7BBB4E68AA4E58685E5AEB9, '0', 'admin', '2022-12-24 10:03:11', '', NULL, '');

-- ----------------------------
-- Table structure for sys_oper_log
-- ----------------------------
DROP TABLE IF EXISTS `sys_oper_log`;
CREATE TABLE `sys_oper_log`  (
  `oper_id` bigint(20) NOT NULL AUTO_INCREMENT COMMENT '',
  `title` varchar(50) CHARACTER SET utf8mb4 COLLATE utf8mb4_general_ci NULL DEFAULT '' COMMENT '',
  `business_type` int(2) NULL DEFAULT 0 COMMENT '0 1 2 3',
  `method` varchar(100) CHARACTER SET utf8mb4 COLLATE utf8mb4_general_ci NULL DEFAULT '' COMMENT '',
  `request_method` varchar(10) CHARACTER SET utf8mb4 COLLATE utf8mb4_general_ci NULL DEFAULT '' COMMENT '',
  `operator_type` int(1) NULL DEFAULT 0 COMMENT '0 1 2',
  `oper_name` varchar(50) CHARACTER SET utf8mb4 COLLATE utf8mb4_general_ci NULL DEFAULT '' COMMENT '',
  `dept_name` varchar(50) CHARACTER SET utf8mb4 COLLATE utf8mb4_general_ci NULL DEFAULT '' COMMENT '',
  `oper_url` varchar(255) CHARACTER SET utf8mb4 COLLATE utf8mb4_general_ci NULL DEFAULT '' COMMENT 'URL',
  `oper_ip` varchar(128) CHARACTER SET utf8mb4 COLLATE utf8mb4_general_ci NULL DEFAULT '' COMMENT '',
  `oper_location` varchar(255) CHARACTER SET utf8mb4 COLLATE utf8mb4_general_ci NULL DEFAULT '' COMMENT '',
  `oper_param` varchar(2000) CHARACTER SET utf8mb4 COLLATE utf8mb4_general_ci NULL DEFAULT '' COMMENT '',
  `json_result` varchar(2000) CHARACTER SET utf8mb4 COLLATE utf8mb4_general_ci NULL DEFAULT '' COMMENT '',
  `status` int(1) NULL DEFAULT 0 COMMENT '0 1',
  `error_msg` varchar(2000) CHARACTER SET utf8mb4 COLLATE utf8mb4_general_ci NULL DEFAULT '' COMMENT '',
  `oper_time` datetime(0) NULL DEFAULT NULL COMMENT '',
  PRIMARY KEY (`oper_id`) USING BTREE
) ENGINE = InnoDB AUTO_INCREMENT = 478 CHARACTER SET = utf8mb4 COLLATE = utf8mb4_general_ci COMMENT = '' ROW_FORMAT = Compact;

-- ----------------------------
-- Records of sys_oper_log
-- ----------------------------
INSERT INTO `sys_oper_log` VALUES (100, '', 1, 'com.ruoyi.web.controller.system.SysUserController.add()', 'POST', 1, 'admin', NULL, '/system/user', '127.0.0.1', 'IP', '{\"admin\":false,\"createBy\":\"admin\",\"deptId\":100,\"email\":\"11111111@qq.com\",\"nickName\":\"\",\"params\":{},\"password\":\"$2a$10$bVJyqS.pRvXB3e1spJZvEuNouoGnkTyuVmDNQkzVVYFKedshLksE.\",\"phonenumber\":\"15922211122\",\"postIds\":[4],\"remark\":\"\",\"roleIds\":[2],\"sex\":\"0\",\"status\":\"0\",\"userId\":100,\"userName\":\"qq\"}', '{\"msg\":\"\",\"code\":200}', 0, NULL, '2022-12-24 10:52:33');
INSERT INTO `sys_oper_log` VALUES (101, '', 2, 'com.ruoyi.web.controller.system.SysUserController.edit()', 'PUT', 1, 'admin', NULL, '/system/user', '127.0.0.1', 'IP', '{\"admin\":false,\"avatar\":\"\",\"createBy\":\"admin\",\"createTime\":\"2022-12-24 10:52:33\",\"delFlag\":\"0\",\"dept\":{\"ancestors\":\"0\",\"children\":[],\"deptId\":100,\"deptName\":\"\",\"leader\":\"\",\"orderNum\":0,\"params\":{},\"parentId\":0,\"status\":\"0\"},\"deptId\":100,\"email\":\"11111111@qq.com\",\"loginIp\":\"\",\"nickName\":\"\",\"params\":{},\"password\":\"\",\"phonenumber\":\"15922211122\",\"postIds\":[4],\"remark\":\"\",\"roleIds\":[2],\"roles\":[{\"admin\":false,\"dataScope\":\"2\",\"deptCheckStrictly\":false,\"flag\":false,\"menuCheckStrictly\":false,\"params\":{},\"roleId\":2,\"roleKey\":\"common\",\"roleName\":\"\",\"roleSort\":\"2\",\"status\":\"0\"}],\"sex\":\"2\",\"status\":\"0\",\"updateBy\":\"admin\",\"userId\":100,\"userName\":\"qq\"}', '{\"msg\":\"\",\"code\":200}', 0, NULL, '2022-12-24 10:53:05');
INSERT INTO `sys_oper_log` VALUES (103, '', 3, 'com.ruoyi.web.controller.system.SysUserController.remove()', 'DELETE', 1, 'admin', NULL, '/system/user/100', '127.0.0.1', 'IP', '{userIds=100}', '{\"msg\":\"\",\"code\":200}', 0, NULL, '2022-12-24 10:53:23');
INSERT INTO `sys_oper_log` VALUES (104, '', 1, 'com.ruoyi.web.controller.system.SysUserController.add()', 'POST', 1, 'admin', NULL, '/system/user', '127.0.0.1', 'IP', '{\"admin\":false,\"createBy\":\"admin\",\"deptId\":100,\"email\":\"1111111@qq.com\",\"nickName\":\"xiaohei\",\"params\":{},\"password\":\"$2a$10$vVg6IkDLNvTw.NvVAOiyZeo0BAosp9OggtsSmT7aViGS1AGeUTPhq\",\"phonenumber\":\"15922221112\",\"postIds\":[4],\"roleIds\":[2],\"sex\":\"0\",\"status\":\"0\",\"userId\":101,\"userName\":\"xiaohei\"}', '{\"msg\":\"\",\"code\":200}', 0, NULL, '2022-12-24 10:55:52');
INSERT INTO `sys_oper_log` VALUES (105, '', 5, 'com.ruoyi.web.controller.system.SysUserController.export()', 'POST', 1, 'admin', NULL, '/system/user/export', '127.0.0.1', 'IP', '{\"admin\":false,\"deptId\":100,\"params\":{\"dataScope\":\"\"},\"status\":\"0\"}', NULL, 0, NULL, '2022-12-24 10:56:22');
INSERT INTO `sys_oper_log` VALUES (106, '', 6, 'com.ruoyi.web.controller.system.SysUserController.importData()', 'POST', 1, 'admin', NULL, '/system/user/importData', '127.0.0.1', 'IP', 'false', NULL, 1, ' 3 <br/>1 admin <br/>2 ry <br/>3 xiaohei ', '2022-12-24 10:58:44');
INSERT INTO `sys_oper_log` VALUES (107, '', 2, 'com.ruoyi.web.controller.system.SysMenuController.edit()', 'PUT', 1, 'admin', NULL, '/system/menu', '127.0.0.1', 'IP', '{\"children\":[],\"createTime\":\"2022-12-24 10:03:11\",\"icon\":\"guide\",\"isCache\":\"0\",\"isFrame\":\"0\",\"menuId\":4,\"menuName\":\"\",\"menuType\":\"M\",\"orderNum\":0,\"params\":{},\"parentId\":0,\"path\":\"http://ruoyi.vip\",\"perms\":\"\",\"query\":\"\",\"status\":\"0\",\"updateBy\":\"admin\",\"visible\":\"0\"}', '{\"msg\":\"\",\"code\":200}', 0, NULL, '2022-12-24 11:02:53');
INSERT INTO `sys_oper_log` VALUES (108, '', 2, 'com.ruoyi.web.controller.system.SysMenuController.edit()', 'PUT', 1, 'admin', NULL, '/system/menu', '127.0.0.1', 'IP', '{\"children\":[],\"createTime\":\"2022-12-24 10:03:11\",\"icon\":\"guide\",\"isCache\":\"0\",\"isFrame\":\"0\",\"menuId\":4,\"menuName\":\"\",\"menuType\":\"M\",\"orderNum\":4,\"params\":{},\"parentId\":0,\"path\":\"http://ruoyi.vip\",\"perms\":\"\",\"query\":\"\",\"status\":\"0\",\"updateBy\":\"admin\",\"visible\":\"0\"}', '{\"msg\":\"\",\"code\":200}', 0, NULL, '2022-12-24 11:03:22');
INSERT INTO `sys_oper_log` VALUES (109, '', 2, 'com.ruoyi.web.controller.system.SysMenuController.edit()', 'PUT', 1, 'admin', NULL, '/system/menu', '127.0.0.1', 'IP', '{\"children\":[],\"createTime\":\"2022-12-24 10:03:11\",\"icon\":\"guide\",\"isCache\":\"0\",\"isFrame\":\"0\",\"menuId\":4,\"menuName\":\"\",\"menuType\":\"M\",\"orderNum\":4,\"params\":{},\"parentId\":0,\"path\":\"http://www.baidu.com\",\"perms\":\"\",\"query\":\"\",\"status\":\"0\",\"updateBy\":\"admin\",\"visible\":\"0\"}', '{\"msg\":\"\",\"code\":200}', 0, NULL, '2022-12-24 11:04:01');
INSERT INTO `sys_oper_log` VALUES (110, '', 1, 'com.ruoyi.web.controller.system.SysMenuController.add()', 'POST', 1, 'admin', NULL, '/system/menu', '127.0.0.1', 'IP', '{\"children\":[],\"createBy\":\"admin\",\"icon\":\"button\",\"isCache\":\"0\",\"isFrame\":\"1\",\"menuName\":\"test\",\"menuType\":\"M\",\"orderNum\":5,\"params\":{},\"parentId\":0,\"path\":\"http://www.baidu.com\",\"status\":\"0\",\"visible\":\"0\"}', '{\"msg\":\"\",\"code\":200}', 0, NULL, '2022-12-24 11:05:30');
INSERT INTO `sys_oper_log` VALUES (111, '', 2, 'com.ruoyi.web.controller.system.SysMenuController.edit()', 'PUT', 1, 'admin', NULL, '/system/menu', '127.0.0.1', 'IP', '{\"children\":[],\"createTime\":\"2022-12-24 11:05:30\",\"icon\":\"button\",\"isCache\":\"0\",\"isFrame\":\"0\",\"menuId\":2000,\"menuName\":\"test\",\"menuType\":\"M\",\"orderNum\":5,\"params\":{},\"parentId\":0,\"path\":\"http://www.baidu.com\",\"perms\":\"\",\"status\":\"0\",\"updateBy\":\"admin\",\"visible\":\"0\"}', '{\"msg\":\"\",\"code\":200}', 0, NULL, '2022-12-24 11:06:09');
INSERT INTO `sys_oper_log` VALUES (112, '', 3, 'com.ruoyi.web.controller.system.SysMenuController.remove()', 'DELETE', 1, 'admin', NULL, '/system/menu/2000', '127.0.0.1', 'IP', '{menuId=2000}', '{\"msg\":\"\",\"code\":200}', 0, NULL, '2022-12-24 11:06:24');
INSERT INTO `sys_oper_log` VALUES (113, '', 2, 'com.ruoyi.web.controller.system.SysDictDataController.edit()', 'PUT', 1, 'admin', NULL, '/system/dict/data', '127.0.0.1', 'IP', '{\"createBy\":\"admin\",\"createTime\":\"2022-12-24 10:03:11\",\"cssClass\":\"\",\"dictCode\":3,\"dictLabel\":\"1\",\"dictSort\":3,\"dictType\":\"sys_user_sex\",\"dictValue\":\"2\",\"isDefault\":\"N\",\"listClass\":\"\",\"params\":{},\"remark\":\"\",\"status\":\"0\",\"updateBy\":\"admin\"}', '{\"msg\":\"\",\"code\":200}', 0, NULL, '2022-12-24 11:10:06');
INSERT INTO `sys_oper_log` VALUES (114, '', 2, 'com.ruoyi.web.controller.system.SysDictDataController.edit()', 'PUT', 1, 'admin', NULL, '/system/dict/data', '127.0.0.1', 'IP', '{\"createBy\":\"admin\",\"createTime\":\"2022-12-24 10:03:11\",\"cssClass\":\"\",\"dictCode\":3,\"dictLabel\":\"\",\"dictSort\":3,\"dictType\":\"sys_user_sex\",\"dictValue\":\"2\",\"isDefault\":\"N\",\"listClass\":\"\",\"params\":{},\"remark\":\"\",\"status\":\"0\",\"updateBy\":\"admin\"}', '{\"msg\":\"\",\"code\":200}', 0, NULL, '2022-12-24 11:11:02');
INSERT INTO `sys_oper_log` VALUES (115, '', 6, 'com.ruoyi.generator.controller.GenController.importTableSave()', 'POST', 1, 'admin', NULL, '/tool/gen/importTable', '127.0.0.1', 'IP', 'test', '{\"msg\":\"\",\"code\":200}', 0, NULL, '2022-12-24 11:47:13');
INSERT INTO `sys_oper_log` VALUES (116, '', 8, 'com.ruoyi.generator.controller.GenController.batchGenCode()', 'GET', 1, 'admin', NULL, '/tool/gen/batchGenCode', '127.0.0.1', 'IP', '{}', NULL, 0, NULL, '2022-12-24 11:49:38');
INSERT INTO `sys_oper_log` VALUES (117, '', 6, 'com.ruoyi.generator.controller.GenController.importTableSave()', 'POST', 1, 'admin', NULL, '/tool/gen/importTable', '127.0.0.1', 'IP', 'sys_user', '{\"msg\":\"\",\"code\":200}', 0, NULL, '2022-12-24 11:54:45');
INSERT INTO `sys_oper_log` VALUES (118, '', 8, 'com.ruoyi.generator.controller.GenController.batchGenCode()', 'GET', 1, 'admin', NULL, '/tool/gen/batchGenCode', '127.0.0.1', 'IP', '{}', NULL, 0, NULL, '2022-12-24 11:56:31');
INSERT INTO `sys_oper_log` VALUES (119, '', 2, 'com.ruoyi.generator.controller.GenController.synchDb()', 'GET', 1, 'admin', NULL, '/tool/gen/synchDb/test', '127.0.0.1', 'IP', '{tableName=test}', '{\"msg\":\"\",\"code\":200}', 0, NULL, '2022-12-24 12:00:04');
INSERT INTO `sys_oper_log` VALUES (120, '', 6, 'com.ruoyi.generator.controller.GenController.importTableSave()', 'POST', 1, 'admin', NULL, '/tool/gen/importTable', '127.0.0.1', 'IP', 'sys_post', '{\"msg\":\"\",\"code\":200}', 0, NULL, '2022-12-24 14:42:31');
INSERT INTO `sys_oper_log` VALUES (121, '', 6, 'com.ruoyi.generator.controller.GenController.importTableSave()', 'POST', 1, 'admin', NULL, '/tool/gen/importTable', '127.0.0.1', 'IP', 'sys_logininfor', '{\"msg\":\"\",\"code\":200}', 0, NULL, '2022-12-24 15:26:03');
INSERT INTO `sys_oper_log` VALUES (122, '', 5, 'com.ruoyi.web.controller.monitor.SysOperlogController.export()', 'POST', 1, 'admin', NULL, '/monitor/operlog/export', '127.0.0.1', 'IP', '{\"params\":{}}', NULL, 0, NULL, '2022-12-24 15:40:15');
INSERT INTO `sys_oper_log` VALUES (123, '', 5, 'com.ruoyi.web.controller.monitor.SysOperlogController.export()', 'POST', 1, 'admin', NULL, '/monitor/operlog/export', '127.0.0.1', 'IP', '{\"params\":{}}', NULL, 0, NULL, '2022-12-24 15:41:53');
INSERT INTO `sys_oper_log` VALUES (124, '', 5, 'com.ruoyi.web.controller.monitor.SysOperlogController.export()', 'POST', 1, 'admin', NULL, '/monitor/operlog/export', '127.0.0.1', 'IP', '{\"params\":{}}', NULL, 0, NULL, '2022-12-24 15:43:10');
INSERT INTO `sys_oper_log` VALUES (125, '', 2, 'com.ruoyi.web.controller.system.SysConfigController.edit()', 'PUT', 1, 'admin', NULL, '/system/config', '127.0.0.1', 'IP', '{\"configId\":4,\"configKey\":\"sys.account.captchaOnOff\",\"configName\":\"-\",\"configType\":\"Y\",\"configValue\":\"false\",\"createBy\":\"admin\",\"createTime\":\"2022-12-24 10:03:11\",\"params\":{},\"remark\":\"truefalse\",\"updateBy\":\"admin\"}', '{\"msg\":\"\",\"code\":200}', 0, NULL, '2022-12-24 18:57:30');
INSERT INTO `sys_oper_log` VALUES (126, '', 2, 'com.ruoyi.web.controller.system.SysConfigController.edit()', 'PUT', 1, 'admin', NULL, '/system/config', '127.0.0.1', 'IP', '{\"configId\":4,\"configKey\":\"sys.account.captchaOnOff\",\"configName\":\"-\",\"configType\":\"Y\",\"configValue\":\"true\",\"createBy\":\"admin\",\"createTime\":\"2022-12-24 10:03:11\",\"params\":{},\"remark\":\"truefalse\",\"updateBy\":\"admin\",\"updateTime\":\"2022-12-24 18:57:30\"}', '{\"msg\":\"\",\"code\":200}', 0, NULL, '2022-12-24 18:57:54');
INSERT INTO `sys_oper_log` VALUES (127, '', 2, 'com.ruoyi.web.controller.system.SysConfigController.edit()', 'PUT', 1, 'admin', NULL, '/system/config', '127.0.0.1', 'IP', '{\"configId\":4,\"configKey\":\"sys.account.captchaOnOff\",\"configName\":\"-\",\"configType\":\"Y\",\"configValue\":\"false\",\"createBy\":\"admin\",\"createTime\":\"2022-12-24 10:03:11\",\"params\":{},\"remark\":\"truefalse\",\"updateBy\":\"admin\",\"updateTime\":\"2022-12-24 18:57:54\"}', '{\"msg\":\"\",\"code\":200}', 0, NULL, '2022-12-26 09:33:23');
INSERT INTO `sys_oper_log` VALUES (128, '', 2, 'com.ruoyi.web.controller.system.SysConfigController.edit()', 'PUT', 1, 'admin', NULL, '/system/config', '127.0.0.1', 'IP', '{\"configId\":4,\"configKey\":\"sys.account.captchaOnOff\",\"configName\":\"-\",\"configType\":\"Y\",\"configValue\":\"true\",\"createBy\":\"admin\",\"createTime\":\"2022-12-24 10:03:11\",\"params\":{},\"remark\":\"truefalse\",\"updateBy\":\"admin\",\"updateTime\":\"2022-12-26 09:33:23\"}', '{\"msg\":\"\",\"code\":200}', 0, NULL, '2022-12-26 09:34:54');
INSERT INTO `sys_oper_log` VALUES (129, '', 5, 'com.ruoyi.web.controller.monitor.SysOperlogController.export()', 'POST', 1, 'admin', NULL, '/monitor/operlog/export', '127.0.0.1', 'IP', '{\"params\":{}}', NULL, 0, NULL, '2022-12-26 15:20:43');
INSERT INTO `sys_oper_log` VALUES (130, '', 5, 'com.ruoyi.web.controller.monitor.SysOperlogController.export()', 'POST', 1, 'admin', NULL, '/monitor/operlog/export', '127.0.0.1', 'IP', '{\"params\":{}}', NULL, 0, NULL, '2022-12-26 15:22:26');
INSERT INTO `sys_oper_log` VALUES (131, '', 5, 'com.ruoyi.web.controller.monitor.SysOperlogController.export()', 'POST', 1, 'admin', NULL, '/monitor/operlog/export', '127.0.0.1', 'IP', '{\"params\":{}}', NULL, 0, NULL, '2022-12-26 15:22:43');
INSERT INTO `sys_oper_log` VALUES (132, '', 3, 'com.ruoyi.web.controller.monitor.SysOperlogController.remove()', 'DELETE', 1, 'admin', NULL, '/monitor/operlog/102', '127.0.0.1', 'IP', '{operIds=102}', '{\"msg\":\"\",\"code\":200}', 0, NULL, '2022-12-26 15:26:43');
INSERT INTO `sys_oper_log` VALUES (133, '', 5, 'com.ruoyi.web.controller.monitor.SysOperlogController.export()', 'POST', 1, 'admin', NULL, '/monitor/operlog/export', '127.0.0.1', 'IP', '{\"params\":{}}', NULL, 0, NULL, '2022-12-26 17:12:21');
INSERT INTO `sys_oper_log` VALUES (134, '', 1, 'cn.wolfcode.car.web.controller.system.SysMenuController.add()', 'POST', 1, 'admin', NULL, '/system/menu', '127.0.0.1', 'IP', '{\"children\":[],\"createBy\":\"admin\",\"icon\":\"money\",\"isCache\":\"0\",\"isFrame\":\"1\",\"menuName\":\"\",\"menuType\":\"M\",\"orderNum\":0,\"params\":{},\"parentId\":0,\"path\":\"business\",\"status\":\"0\",\"visible\":\"0\"}', '{\"msg\":\"\",\"code\":200}', 0, NULL, '2022-12-27 11:36:50');
INSERT INTO `sys_oper_log` VALUES (135, '', 1, 'cn.wolfcode.car.web.controller.system.SysMenuController.add()', 'POST', 1, 'admin', NULL, '/system/menu', '127.0.0.1', 'IP', '{\"children\":[],\"component\":\"business/appointment/index\",\"createBy\":\"admin\",\"isCache\":\"0\",\"isFrame\":\"1\",\"menuName\":\"\",\"menuType\":\"C\",\"orderNum\":0,\"params\":{},\"parentId\":2001,\"path\":\"appointment\",\"perms\":\"business:appointment:list\",\"status\":\"0\",\"visible\":\"0\"}', '{\"msg\":\"\",\"code\":200}', 0, NULL, '2022-12-27 11:41:35');
INSERT INTO `sys_oper_log` VALUES (136, '', 1, 'cn.wolfcode.car.web.controller.system.SysMenuController.add()', 'POST', 1, 'admin', NULL, '/system/menu', '127.0.0.1', 'IP', '{\"children\":[],\"component\":\"business/serviceitem/index\",\"createBy\":\"admin\",\"isCache\":\"0\",\"isFrame\":\"1\",\"menuName\":\"\",\"menuType\":\"C\",\"orderNum\":1,\"params\":{},\"parentId\":2002,\"path\":\"serviceitem\",\"perms\":\"business:serviceitem:list\",\"status\":\"0\",\"visible\":\"0\"}', '{\"msg\":\"\",\"code\":200}', 0, NULL, '2022-12-27 11:47:56');
INSERT INTO `sys_oper_log` VALUES (137, '', 3, 'cn.wolfcode.car.web.controller.system.SysMenuController.remove()', 'DELETE', 1, 'admin', NULL, '/system/menu/2003', '127.0.0.1', 'IP', '{menuId=2003}', '{\"msg\":\"\",\"code\":200}', 0, NULL, '2022-12-27 11:48:53');
INSERT INTO `sys_oper_log` VALUES (138, '', 1, 'cn.wolfcode.car.web.controller.system.SysMenuController.add()', 'POST', 1, 'admin', NULL, '/system/menu', '127.0.0.1', 'IP', '{\"children\":[],\"component\":\"business/serviceitem/index\",\"createBy\":\"admin\",\"isCache\":\"0\",\"isFrame\":\"1\",\"menuName\":\"\",\"menuType\":\"C\",\"orderNum\":1,\"params\":{},\"parentId\":2001,\"path\":\"serviceitem\",\"perms\":\"business:serviceitem:list\",\"status\":\"0\",\"visible\":\"0\"}', '{\"msg\":\"\",\"code\":200}', 0, NULL, '2022-12-27 11:49:56');
INSERT INTO `sys_oper_log` VALUES (139, '', 1, 'cn.wolfcode.car.web.controller.system.SysMenuController.add()', 'POST', 1, 'admin', NULL, '/system/menu', '127.0.0.1', 'IP', '{\"children\":[],\"component\":\"business/statement/index\",\"createBy\":\"admin\",\"isCache\":\"0\",\"isFrame\":\"1\",\"menuName\":\"\",\"menuType\":\"C\",\"orderNum\":2,\"params\":{},\"parentId\":2001,\"path\":\"statement\",\"perms\":\"business:statement:list\",\"status\":\"0\",\"visible\":\"0\"}', '{\"msg\":\"\",\"code\":200}', 0, NULL, '2022-12-27 11:52:58');
INSERT INTO `sys_oper_log` VALUES (140, '', 3, 'cn.wolfcode.car.generator.controller.GenController.remove()', 'DELETE', 1, 'admin', NULL, '/tool/gen/4', '127.0.0.1', 'IP', '{tableIds=4}', '{\"msg\":\"\",\"code\":200}', 0, NULL, '2022-12-27 17:13:17');
INSERT INTO `sys_oper_log` VALUES (141, '', 3, 'cn.wolfcode.car.generator.controller.GenController.remove()', 'DELETE', 1, 'admin', NULL, '/tool/gen/3', '127.0.0.1', 'IP', '{tableIds=3}', '{\"msg\":\"\",\"code\":200}', 0, NULL, '2022-12-27 17:13:18');
INSERT INTO `sys_oper_log` VALUES (142, '', 3, 'cn.wolfcode.car.generator.controller.GenController.remove()', 'DELETE', 1, 'admin', NULL, '/tool/gen/2', '127.0.0.1', 'IP', '{tableIds=2}', '{\"msg\":\"\",\"code\":200}', 0, NULL, '2022-12-27 17:13:20');
INSERT INTO `sys_oper_log` VALUES (143, '', 3, 'cn.wolfcode.car.generator.controller.GenController.remove()', 'DELETE', 1, 'admin', NULL, '/tool/gen/1', '127.0.0.1', 'IP', '{tableIds=1}', '{\"msg\":\"\",\"code\":200}', 0, NULL, '2022-12-27 17:13:23');
INSERT INTO `sys_oper_log` VALUES (144, '', 6, 'cn.wolfcode.car.generator.controller.GenController.importTableSave()', 'POST', 1, 'admin', NULL, '/tool/gen/importTable', '127.0.0.1', 'IP', 'bus_appointment', '{\"msg\":\"\",\"code\":200}', 0, NULL, '2022-12-27 17:13:35');
INSERT INTO `sys_oper_log` VALUES (145, '', 5, 'cn.wolfcode.car.appointment.controller.BusAppointmentController.export()', 'POST', 1, 'admin', NULL, '/appointment/appointment/export', '127.0.0.1', 'IP', '{\"params\":{}}', NULL, 0, NULL, '2022-12-27 17:35:29');
INSERT INTO `sys_oper_log` VALUES (146, '', 1, 'cn.wolfcode.car.web.controller.system.SysDictTypeController.add()', 'POST', 1, 'admin', NULL, '/system/dict/type', '127.0.0.1', 'IP', '{\"createBy\":\"admin\",\"dictName\":\"\",\"dictType\":\"bus_service_type\",\"params\":{},\"remark\":\"(0/,1/)\",\"status\":\"0\"}', '{\"msg\":\"\",\"code\":200}', 0, NULL, '2022-12-29 11:45:13');
INSERT INTO `sys_oper_log` VALUES (147, '', 1, 'cn.wolfcode.car.web.controller.system.SysDictDataController.add()', 'POST', 1, 'admin', NULL, '/system/dict/data', '127.0.0.1', 'IP', '{\"createBy\":\"admin\",\"dictLabel\":\"\",\"dictSort\":0,\"dictType\":\"bus_service_type\",\"dictValue\":\"0\",\"listClass\":\"default\",\"params\":{},\"remark\":\"\",\"status\":\"0\"}', '{\"msg\":\"\",\"code\":200}', 0, NULL, '2022-12-29 11:46:43');
INSERT INTO `sys_oper_log` VALUES (148, '', 1, 'cn.wolfcode.car.web.controller.system.SysDictDataController.add()', 'POST', 1, 'admin', NULL, '/system/dict/data', '127.0.0.1', 'IP', '{\"createBy\":\"admin\",\"dictLabel\":\"\",\"dictSort\":1,\"dictType\":\"bus_service_type\",\"dictValue\":\"1\",\"listClass\":\"default\",\"params\":{},\"remark\":\"\",\"status\":\"0\"}', '{\"msg\":\"\",\"code\":200}', 0, NULL, '2022-12-29 11:47:03');
INSERT INTO `sys_oper_log` VALUES (149, '', 2, 'cn.wolfcode.car.web.controller.system.SysDictDataController.edit()', 'PUT', 1, 'admin', NULL, '/system/dict/data', '127.0.0.1', 'IP', '{\"createBy\":\"admin\",\"createTime\":\"2022-12-29 11:46:43\",\"dictCode\":100,\"dictLabel\":\"168\",\"dictSort\":0,\"dictType\":\"bus_service_type\",\"dictValue\":\"0\",\"isDefault\":\"N\",\"listClass\":\"default\",\"params\":{},\"remark\":\"\",\"status\":\"0\",\"updateBy\":\"admin\"}', '{\"msg\":\"\",\"code\":200}', 0, NULL, '2022-12-29 11:57:25');
INSERT INTO `sys_oper_log` VALUES (150, '', 2, 'cn.wolfcode.car.web.controller.system.SysDictDataController.edit()', 'PUT', 1, 'admin', NULL, '/system/dict/data', '127.0.0.1', 'IP', '{\"createBy\":\"admin\",\"createTime\":\"2022-12-29 11:46:43\",\"dictCode\":100,\"dictLabel\":\"\",\"dictSort\":0,\"dictType\":\"bus_service_type\",\"dictValue\":\"0\",\"isDefault\":\"N\",\"listClass\":\"default\",\"params\":{},\"remark\":\"\",\"status\":\"0\",\"updateBy\":\"admin\"}', '{\"msg\":\"\",\"code\":200}', 0, NULL, '2022-12-29 12:01:20');
INSERT INTO `sys_oper_log` VALUES (151, '', 2, 'cn.wolfcode.car.web.controller.system.SysDictDataController.edit()', 'PUT', 1, 'admin', NULL, '/system/dict/data', '127.0.0.1', 'IP', '{\"createBy\":\"admin\",\"createTime\":\"2022-12-29 11:47:03\",\"dictCode\":101,\"dictLabel\":\"\",\"dictSort\":1,\"dictType\":\"bus_service_type\",\"dictValue\":\"1\",\"isDefault\":\"N\",\"listClass\":\"default\",\"params\":{},\"remark\":\"\",\"status\":\"1\",\"updateBy\":\"admin\"}', '{\"msg\":\"\",\"code\":200}', 0, NULL, '2022-12-29 14:29:55');
INSERT INTO `sys_oper_log` VALUES (152, '', 2, 'cn.wolfcode.car.web.controller.system.SysDictDataController.edit()', 'PUT', 1, 'admin', NULL, '/system/dict/data', '127.0.0.1', 'IP', '{\"createBy\":\"admin\",\"createTime\":\"2022-12-29 11:47:03\",\"dictCode\":101,\"dictLabel\":\"\",\"dictSort\":1,\"dictType\":\"bus_service_type\",\"dictValue\":\"1\",\"isDefault\":\"N\",\"listClass\":\"default\",\"params\":{},\"remark\":\"\",\"status\":\"0\",\"updateBy\":\"admin\"}', '{\"msg\":\"\",\"code\":200}', 0, NULL, '2022-12-29 14:30:32');
INSERT INTO `sys_oper_log` VALUES (153, '', 1, 'cn.wolfcode.car.appointment.controller.BusAppointmentController.add()', 'POST', 1, 'admin', NULL, '/appointment/appointment', '127.0.0.1', 'IP', '{\"appointmentTime\":\"2022-12-30 00:00:00\",\"carSeries\":\"\",\"customerName\":\"70\",\"customerPhone\":\"15918744411\",\"info\":\"\",\"licensePlate\":\"A66622\",\"params\":{},\"serviceType\":0}', NULL, 1, '', '2022-12-29 16:14:00');
INSERT INTO `sys_oper_log` VALUES (154, '', 1, 'cn.wolfcode.car.appointment.controller.BusAppointmentController.add()', 'POST', 1, 'admin', NULL, '/appointment/appointment', '127.0.0.1', 'IP', '{\"appointmentTime\":\"2022-12-30 00:00:00\",\"carSeries\":\"\",\"customerName\":\"70\",\"customerPhone\":\"15918744411\",\"info\":\"\",\"licensePlate\":\"A66622\",\"params\":{},\"serviceType\":0}', NULL, 1, '', '2022-12-29 16:14:19');
INSERT INTO `sys_oper_log` VALUES (155, '', 1, 'cn.wolfcode.car.appointment.controller.BusAppointmentController.add()', 'POST', 1, 'admin', NULL, '/appointment/appointment', '127.0.0.1', 'IP', '{\"appointmentTime\":\"2022-12-30 00:00:00\",\"carSeries\":\"\",\"customerName\":\"70\",\"customerPhone\":\"15918744411\",\"info\":\"\",\"licensePlate\":\"A66622\",\"params\":{},\"serviceType\":0}', NULL, 1, '', '2022-12-29 16:14:36');
INSERT INTO `sys_oper_log` VALUES (156, '', 1, 'cn.wolfcode.car.appointment.controller.BusAppointmentController.add()', 'POST', 1, 'admin', NULL, '/appointment/appointment', '127.0.0.1', 'IP', '{\"appointmentTime\":\"2022-12-30 00:00:00\",\"carSeries\":\"\",\"customerName\":\"70\",\"customerPhone\":\"15918744411\",\"info\":\"\",\"licensePlate\":\"A66622\",\"params\":{},\"serviceType\":0}', NULL, 1, '', '2022-12-29 16:14:51');
INSERT INTO `sys_oper_log` VALUES (157, '', 1, 'cn.wolfcode.car.appointment.controller.BusAppointmentController.add()', 'POST', 1, 'admin', NULL, '/appointment/appointment', '127.0.0.1', 'IP', '{\"appointmentTime\":\"2022-12-30 00:00:00\",\"carSeries\":\"\",\"customerName\":\"70\",\"customerPhone\":\"15922211122\",\"info\":\"\",\"licensePlate\":\"A55522\",\"params\":{},\"serviceType\":0}', '{\"msg\":\"\",\"code\":200}', 0, NULL, '2022-12-29 16:17:13');
INSERT INTO `sys_oper_log` VALUES (158, '', 1, 'cn.wolfcode.car.appointment.controller.BusAppointmentController.add()', 'POST', 1, 'admin', NULL, '/appointment/appointment', '127.0.0.1', 'IP', '{\"appointmentTime\":\"2022-12-30 09:00:00\",\"carSeries\":\"\",\"customerName\":\"70\",\"customerPhone\":\"15922211122\",\"info\":\"\",\"licensePlate\":\"A22255\",\"params\":{},\"serviceType\":0}', '{\"msg\":\"\",\"code\":200}', 0, NULL, '2022-12-29 16:20:32');
INSERT INTO `sys_oper_log` VALUES (159, '', 1, 'cn.wolfcode.car.appointment.controller.BusAppointmentController.add()', 'POST', 1, 'admin', NULL, '/appointment/appointment', '127.0.0.1', 'IP', '{\"appointmentTime\":\"2022-12-30 16:23:01\",\"carSeries\":\"\",\"customerName\":\"70\",\"customerPhone\":\"1592223\",\"licensePlate\":\"A22222\",\"params\":{},\"serviceType\":0}', NULL, 1, '', '2022-12-29 16:23:21');
INSERT INTO `sys_oper_log` VALUES (160, '', 1, 'cn.wolfcode.car.appointment.controller.BusAppointmentController.add()', 'POST', 1, 'admin', NULL, '/appointment/appointment', '127.0.0.1', 'IP', '{\"appointmentTime\":\"2022-12-30 16:23:01\",\"carSeries\":\"\",\"customerName\":\"70\",\"customerPhone\":\"15922231123\",\"licensePlate\":\"A2222211\",\"params\":{},\"serviceType\":0}', NULL, 1, '', '2022-12-29 16:23:45');
INSERT INTO `sys_oper_log` VALUES (161, '', 1, 'cn.wolfcode.car.web.controller.system.SysDictTypeController.add()', 'POST', 1, 'admin', NULL, '/system/dict/type', '127.0.0.1', 'IP', '{\"createBy\":\"admin\",\"dictName\":\"\",\"dictType\":\"bus_appointment_type\",\"params\":{},\"remark\":\"\",\"status\":\"0\"}', '{\"msg\":\"\",\"code\":200}', 0, NULL, '2022-12-29 17:03:25');
INSERT INTO `sys_oper_log` VALUES (162, '', 1, 'cn.wolfcode.car.web.controller.system.SysDictDataController.add()', 'POST', 1, 'admin', NULL, '/system/dict/data', '127.0.0.1', 'IP', '{\"createBy\":\"admin\",\"dictLabel\":\"\",\"dictSort\":0,\"dictType\":\"bus_appointment_type\",\"dictValue\":\"0\",\"listClass\":\"default\",\"params\":{},\"remark\":\"\",\"status\":\"0\"}', '{\"msg\":\"\",\"code\":200}', 0, NULL, '2022-12-29 17:04:14');
INSERT INTO `sys_oper_log` VALUES (163, '', 1, 'cn.wolfcode.car.web.controller.system.SysDictDataController.add()', 'POST', 1, 'admin', NULL, '/system/dict/data', '127.0.0.1', 'IP', '{\"createBy\":\"admin\",\"dictLabel\":\"\",\"dictSort\":1,\"dictType\":\"bus_appointment_type\",\"dictValue\":\"1\",\"listClass\":\"default\",\"params\":{},\"remark\":\"\",\"status\":\"0\"}', '{\"msg\":\"\",\"code\":200}', 0, NULL, '2022-12-29 17:04:31');
INSERT INTO `sys_oper_log` VALUES (164, '', 1, 'cn.wolfcode.car.web.controller.system.SysDictDataController.add()', 'POST', 1, 'admin', NULL, '/system/dict/data', '127.0.0.1', 'IP', '{\"createBy\":\"admin\",\"dictLabel\":\"\",\"dictSort\":2,\"dictType\":\"bus_appointment_type\",\"dictValue\":\"2\",\"listClass\":\"default\",\"params\":{},\"remark\":\"\",\"status\":\"0\"}', '{\"msg\":\"\",\"code\":200}', 0, NULL, '2022-12-29 17:04:46');
INSERT INTO `sys_oper_log` VALUES (165, '', 1, 'cn.wolfcode.car.web.controller.system.SysDictDataController.add()', 'POST', 1, 'admin', NULL, '/system/dict/data', '127.0.0.1', 'IP', '{\"createBy\":\"admin\",\"dictLabel\":\"\",\"dictSort\":3,\"dictType\":\"bus_appointment_type\",\"dictValue\":\"3\",\"listClass\":\"default\",\"params\":{},\"remark\":\"\",\"status\":\"0\"}', '{\"msg\":\"\",\"code\":200}', 0, NULL, '2022-12-29 17:05:01');
INSERT INTO `sys_oper_log` VALUES (166, '', 1, 'cn.wolfcode.car.web.controller.system.SysDictDataController.add()', 'POST', 1, 'admin', NULL, '/system/dict/data', '127.0.0.1', 'IP', '{\"createBy\":\"admin\",\"dictLabel\":\"\",\"dictSort\":4,\"dictType\":\"bus_appointment_type\",\"dictValue\":\"4\",\"listClass\":\"default\",\"params\":{},\"status\":\"0\"}', '{\"msg\":\"\",\"code\":200}', 0, NULL, '2022-12-29 17:05:26');
INSERT INTO `sys_oper_log` VALUES (167, '', 1, 'cn.wolfcode.car.web.controller.system.SysDictDataController.add()', 'POST', 1, 'admin', NULL, '/system/dict/data', '127.0.0.1', 'IP', '{\"createBy\":\"admin\",\"dictLabel\":\"\",\"dictSort\":5,\"dictType\":\"bus_appointment_type\",\"dictValue\":\"5\",\"listClass\":\"default\",\"params\":{},\"status\":\"0\"}', '{\"msg\":\"\",\"code\":200}', 0, NULL, '2022-12-29 17:05:38');
INSERT INTO `sys_oper_log` VALUES (168, '', 1, 'cn.wolfcode.car.web.controller.system.SysDictDataController.add()', 'POST', 1, 'admin', NULL, '/system/dict/data', '127.0.0.1', 'IP', '{\"createBy\":\"admin\",\"dictLabel\":\"\",\"dictSort\":2,\"dictType\":\"bus_service_type\",\"dictValue\":\"2\",\"listClass\":\"default\",\"params\":{},\"remark\":\"\",\"status\":\"0\"}', '{\"msg\":\"\",\"code\":200}', 0, NULL, '2022-12-30 09:14:41');
INSERT INTO `sys_oper_log` VALUES (169, '', 2, 'cn.wolfcode.car.appointment.controller.BusAppointmentController.edit()', 'PUT', 1, 'admin', NULL, '/appointment/appointment', '127.0.0.1', 'IP', '{\"appointmentTime\":\"2022-12-29 00:00:00\",\"carSeries\":\"\",\"createTime\":\"2022-12-29 16:17:13\",\"customerName\":\"70\",\"customerPhone\":\"15922211122\",\"id\":60,\"info\":\"\",\"licensePlate\":\"A55522\",\"params\":{},\"serviceType\":0}', NULL, 1, '', '2022-12-30 10:25:48');
INSERT INTO `sys_oper_log` VALUES (170, '', 2, 'cn.wolfcode.car.appointment.controller.BusAppointmentController.edit()', 'PUT', 1, 'admin', NULL, '/appointment/appointment', '127.0.0.1', 'IP', '{\"appointmentTime\":\"2022-12-31 00:00:00\",\"carSeries\":\"\",\"createTime\":\"2022-12-29 16:17:13\",\"customerName\":\"70\",\"customerPhone\":\"15922211122\",\"id\":60,\"info\":\"\",\"licensePlate\":\"A55522\",\"params\":{},\"serviceType\":0}', '{\"msg\":\"\",\"code\":200}', 0, NULL, '2022-12-30 10:26:13');
INSERT INTO `sys_oper_log` VALUES (171, '', 2, 'cn.wolfcode.car.appointment.controller.BusAppointmentController.edit()', 'PUT', 1, 'admin', NULL, '/appointment/appointment', '127.0.0.1', 'IP', '{\"appointmentTime\":\"2021-05-28 10:00:00\",\"carSeries\":\"Model3\",\"createTime\":\"2021-05-28 10:27:32\",\"customerName\":\"\",\"customerPhone\":\"13088886666\",\"id\":3,\"info\":\"\",\"licensePlate\":\"A55588\",\"params\":{},\"serviceType\":1}', NULL, 1, '', '2022-12-30 10:27:55');
INSERT INTO `sys_oper_log` VALUES (172, '', 2, 'cn.wolfcode.car.appointment.controller.BusAppointmentController.edit()', 'PUT', 1, 'admin', NULL, '/appointment/appointment', '127.0.0.1', 'IP', '{\"appointmentTime\":\"2022-12-31 10:28:03\",\"carSeries\":\"Model3\",\"createTime\":\"2021-05-28 10:27:32\",\"customerName\":\"\",\"customerPhone\":\"13088886666\",\"id\":3,\"info\":\"\",\"licensePlate\":\"A55588\",\"params\":{},\"serviceType\":1}', NULL, 1, ',', '2022-12-30 10:28:22');
INSERT INTO `sys_oper_log` VALUES (173, '', 2, 'cn.wolfcode.car.appointment.controller.BusAppointmentController.edit()', 'PUT', 1, 'admin', NULL, '/appointment/appointment', '127.0.0.1', 'IP', '{\"appointmentTime\":\"2022-12-30 09:00:00\",\"carSeries\":\"\",\"createTime\":\"2022-12-29 16:20:32\",\"customerName\":\"70\",\"customerPhone\":\"15922211122\",\"id\":61,\"info\":\"\",\"licensePlate\":\"A22255\",\"params\":{},\"serviceType\":1}', NULL, 1, '', '2022-12-30 10:29:00');
INSERT INTO `sys_oper_log` VALUES (174, '', 2, 'cn.wolfcode.car.appointment.controller.BusAppointmentController.edit()', 'PUT', 1, 'admin', NULL, '/appointment/appointment', '127.0.0.1', 'IP', '{\"appointmentTime\":\"2022-12-31 09:00:00\",\"carSeries\":\"\",\"createTime\":\"2022-12-29 16:20:32\",\"customerName\":\"70\",\"customerPhone\":\"15922211122\",\"id\":61,\"info\":\"\",\"licensePlate\":\"A22255\",\"params\":{},\"serviceType\":1}', '{\"msg\":\"\",\"code\":200}', 0, NULL, '2022-12-30 10:29:06');
INSERT INTO `sys_oper_log` VALUES (175, '', 2, 'cn.wolfcode.car.appointment.controller.BusAppointmentController.edit()', 'PUT', 1, 'admin', NULL, '/appointment/appointment', '127.0.0.1', 'IP', '{\"appointmentTime\":\"2022-12-31 09:00:00\",\"carSeries\":\"\",\"createTime\":\"2022-12-29 16:20:32\",\"customerName\":\"70\",\"customerPhone\":\"15922211122\",\"id\":61,\"info\":\"\",\"licensePlate\":\"A22255\",\"params\":{},\"serviceType\":1}', '{\"msg\":\"\",\"code\":200}', 0, NULL, '2022-12-30 10:29:17');
INSERT INTO `sys_oper_log` VALUES (176, '', 2, 'cn.wolfcode.car.appointment.controller.BusAppointmentController.arrive()', 'PUT', 1, 'admin', NULL, '/appointment/appointment/arrival/60', '127.0.0.1', 'IP', '60', '{\"msg\":\"\",\"code\":200}', 0, NULL, '2022-12-30 11:22:04');
INSERT INTO `sys_oper_log` VALUES (177, '', 2, 'cn.wolfcode.car.appointment.controller.BusAppointmentController.arrive()', 'PUT', 1, 'admin', NULL, '/appointment/appointment/arrival/3', '127.0.0.1', 'IP', '3', NULL, 1, '', '2022-12-30 11:24:45');
INSERT INTO `sys_oper_log` VALUES (178, '', 2, 'cn.wolfcode.car.appointment.controller.BusAppointmentController.arrive()', 'PUT', 1, 'admin', NULL, '/appointment/appointment/arrival/4', '127.0.0.1', 'IP', '4', NULL, 1, '', '2022-12-30 11:24:50');
INSERT INTO `sys_oper_log` VALUES (179, '', 1, 'cn.wolfcode.car.appointment.controller.BusAppointmentController.add()', 'POST', 1, 'admin', NULL, '/appointment/appointment', '127.0.0.1', 'IP', '{\"appointmentTime\":\"2022-12-30 11:25:57\",\"carSeries\":\"\",\"customerName\":\"66\",\"customerPhone\":\"15922221111\",\"info\":\"\",\"licensePlate\":\"A5555\",\"params\":{},\"serviceType\":1}', NULL, 1, '', '2022-12-30 11:26:20');
INSERT INTO `sys_oper_log` VALUES (180, '', 1, 'cn.wolfcode.car.appointment.controller.BusAppointmentController.add()', 'POST', 1, 'admin', NULL, '/appointment/appointment', '127.0.0.1', 'IP', '{\"appointmentTime\":\"2022-12-31 11:25:57\",\"carSeries\":\"\",\"customerName\":\"66\",\"customerPhone\":\"15922221111\",\"info\":\"\",\"licensePlate\":\"A5555\",\"params\":{},\"serviceType\":1}', NULL, 1, '', '2022-12-30 11:26:27');
INSERT INTO `sys_oper_log` VALUES (181, '', 1, 'cn.wolfcode.car.appointment.controller.BusAppointmentController.add()', 'POST', 1, 'admin', NULL, '/appointment/appointment', '127.0.0.1', 'IP', '{\"appointmentTime\":\"2022-12-31 11:25:57\",\"carSeries\":\"\",\"customerName\":\"66\",\"customerPhone\":\"15922221111\",\"info\":\"\",\"licensePlate\":\"A55551\",\"params\":{},\"serviceType\":1}', '{\"msg\":\"\",\"code\":200}', 0, NULL, '2022-12-30 11:26:33');
INSERT INTO `sys_oper_log` VALUES (182, '', 2, 'cn.wolfcode.car.appointment.controller.BusAppointmentController.arrive()', 'PUT', 1, 'admin', NULL, '/appointment/appointment/arrival/62', '127.0.0.1', 'IP', '62', '{\"msg\":\"\",\"code\":200}', 0, NULL, '2022-12-30 11:26:45');
INSERT INTO `sys_oper_log` VALUES (183, '', 1, 'cn.wolfcode.car.appointment.controller.BusAppointmentController.add()', 'POST', 1, 'admin', NULL, '/appointment/appointment', '127.0.0.1', 'IP', '{\"appointmentTime\":\"2022-12-31 00:00:00\",\"carSeries\":\"\",\"customerName\":\"70\",\"customerPhone\":\"15955552222\",\"info\":\"\",\"licensePlate\":\"A55552\",\"params\":{},\"serviceType\":1}', '{\"msg\":\"\",\"code\":200}', 0, NULL, '2022-12-30 11:40:03');
INSERT INTO `sys_oper_log` VALUES (184, '', 2, 'cn.wolfcode.car.appointment.controller.BusAppointmentController.cancel()', 'PUT', 1, 'admin', NULL, '/appointment/appointment/cancel/63', '127.0.0.1', 'IP', '63', '{\"msg\":\"\",\"code\":200}', 0, NULL, '2022-12-30 11:40:16');
INSERT INTO `sys_oper_log` VALUES (185, '', 6, 'cn.wolfcode.car.generator.controller.GenController.importTableSave()', 'POST', 1, 'admin', NULL, '/tool/gen/importTable', '127.0.0.1', 'IP', 'bus_service_item', '{\"msg\":\"\",\"code\":200}', 0, NULL, '2022-12-30 14:48:14');
INSERT INTO `sys_oper_log` VALUES (186, '', 1, 'cn.wolfcode.car.web.controller.system.SysDictTypeController.add()', 'POST', 1, 'admin', NULL, '/system/dict/type', '127.0.0.1', 'IP', '{\"createBy\":\"admin\",\"dictName\":\"\",\"dictType\":\"bus_package_type\",\"params\":{},\"remark\":\"\",\"status\":\"0\"}', '{\"msg\":\"\",\"code\":200}', 0, NULL, '2022-12-30 15:23:26');
INSERT INTO `sys_oper_log` VALUES (187, '', 1, 'cn.wolfcode.car.web.controller.system.SysDictDataController.add()', 'POST', 1, 'admin', NULL, '/system/dict/data', '127.0.0.1', 'IP', '{\"createBy\":\"admin\",\"dictLabel\":\"\",\"dictSort\":0,\"dictType\":\"bus_package_type\",\"dictValue\":\"1\",\"listClass\":\"default\",\"params\":{},\"remark\":\"\",\"status\":\"0\"}', '{\"msg\":\"\",\"code\":200}', 0, NULL, '2022-12-30 15:23:50');
INSERT INTO `sys_oper_log` VALUES (188, '', 1, 'cn.wolfcode.car.web.controller.system.SysDictDataController.add()', 'POST', 1, 'admin', NULL, '/system/dict/data', '127.0.0.1', 'IP', '{\"createBy\":\"admin\",\"dictLabel\":\"\",\"dictSort\":1,\"dictType\":\"bus_package_type\",\"dictValue\":\"0\",\"listClass\":\"default\",\"params\":{},\"remark\":\"\",\"status\":\"0\"}', '{\"msg\":\"\",\"code\":200}', 0, NULL, '2022-12-30 15:24:14');
INSERT INTO `sys_oper_log` VALUES (189, '', 1, 'cn.wolfcode.car.web.controller.system.SysDictTypeController.add()', 'POST', 1, 'admin', NULL, '/system/dict/type', '127.0.0.1', 'IP', '{\"createBy\":\"admin\",\"dictName\":\"\",\"dictType\":\"bus_audit_package_type\",\"params\":{},\"status\":\"0\"}', '{\"msg\":\"\",\"code\":200}', 0, NULL, '2022-12-30 15:25:28');
INSERT INTO `sys_oper_log` VALUES (190, '', 1, 'cn.wolfcode.car.web.controller.system.SysDictDataController.add()', 'POST', 1, 'admin', NULL, '/system/dict/data', '127.0.0.1', 'IP', '{\"createBy\":\"admin\",\"dictLabel\":\"\",\"dictSort\":0,\"dictType\":\"bus_audit_package_type\",\"dictValue\":\"0\",\"listClass\":\"default\",\"params\":{},\"remark\":\"\",\"status\":\"0\"}', '{\"msg\":\"\",\"code\":200}', 0, NULL, '2022-12-30 15:26:05');
INSERT INTO `sys_oper_log` VALUES (191, '', 1, 'cn.wolfcode.car.web.controller.system.SysDictDataController.add()', 'POST', 1, 'admin', NULL, '/system/dict/data', '127.0.0.1', 'IP', '{\"createBy\":\"admin\",\"dictLabel\":\"\",\"dictSort\":0,\"dictType\":\"bus_audit_package_type\",\"dictValue\":\"1\",\"listClass\":\"default\",\"params\":{},\"remark\":\"\",\"status\":\"0\"}', '{\"msg\":\"\",\"code\":200}', 0, NULL, '2022-12-30 15:26:15');
INSERT INTO `sys_oper_log` VALUES (192, '', 1, 'cn.wolfcode.car.web.controller.system.SysDictDataController.add()', 'POST', 1, 'admin', NULL, '/system/dict/data', '127.0.0.1', 'IP', '{\"createBy\":\"admin\",\"dictLabel\":\"\",\"dictSort\":0,\"dictType\":\"bus_audit_package_type\",\"dictValue\":\"2\",\"listClass\":\"default\",\"params\":{},\"remark\":\"\",\"status\":\"0\"}', '{\"msg\":\"\",\"code\":200}', 0, NULL, '2022-12-30 15:26:23');
INSERT INTO `sys_oper_log` VALUES (193, '', 1, 'cn.wolfcode.car.web.controller.system.SysDictDataController.add()', 'POST', 1, 'admin', NULL, '/system/dict/data', '127.0.0.1', 'IP', '{\"createBy\":\"admin\",\"dictLabel\":\"\",\"dictSort\":0,\"dictType\":\"bus_audit_package_type\",\"dictValue\":\"3\",\"listClass\":\"default\",\"params\":{},\"remark\":\"\",\"status\":\"0\"}', '{\"msg\":\"\",\"code\":200}', 0, NULL, '2022-12-30 15:26:42');
INSERT INTO `sys_oper_log` VALUES (194, '', 1, 'cn.wolfcode.car.web.controller.system.SysDictDataController.add()', 'POST', 1, 'admin', NULL, '/system/dict/data', '127.0.0.1', 'IP', '{\"createBy\":\"admin\",\"dictLabel\":\"\",\"dictSort\":0,\"dictType\":\"bus_audit_package_type\",\"dictValue\":\"4\",\"listClass\":\"default\",\"params\":{},\"remark\":\"\",\"status\":\"0\"}', '{\"msg\":\"\",\"code\":200}', 0, NULL, '2022-12-30 15:26:51');
INSERT INTO `sys_oper_log` VALUES (195, '', 1, 'cn.wolfcode.car.web.controller.system.SysDictTypeController.add()', 'POST', 1, 'admin', NULL, '/system/dict/type', '127.0.0.1', 'IP', '{\"createBy\":\"admin\",\"dictName\":\"\",\"dictType\":\"bus_sale_type\",\"params\":{},\"remark\":\"\",\"status\":\"0\"}', '{\"msg\":\"\",\"code\":200}', 0, NULL, '2022-12-30 15:27:45');
INSERT INTO `sys_oper_log` VALUES (196, '', 1, 'cn.wolfcode.car.web.controller.system.SysDictDataController.add()', 'POST', 1, 'admin', NULL, '/system/dict/data', '127.0.0.1', 'IP', '{\"createBy\":\"admin\",\"dictLabel\":\"\",\"dictSort\":0,\"dictType\":\"bus_sale_type\",\"dictValue\":\"1\",\"listClass\":\"default\",\"params\":{},\"remark\":\"\",\"status\":\"0\"}', '{\"msg\":\"\",\"code\":200}', 0, NULL, '2022-12-30 15:28:03');
INSERT INTO `sys_oper_log` VALUES (197, '', 1, 'cn.wolfcode.car.web.controller.system.SysDictDataController.add()', 'POST', 1, 'admin', NULL, '/system/dict/data', '127.0.0.1', 'IP', '{\"createBy\":\"admin\",\"dictLabel\":\"\",\"dictSort\":0,\"dictType\":\"bus_sale_type\",\"dictValue\":\"0\",\"listClass\":\"default\",\"params\":{},\"remark\":\"\",\"status\":\"0\"}', '{\"msg\":\"\",\"code\":200}', 0, NULL, '2022-12-30 15:28:17');
INSERT INTO `sys_oper_log` VALUES (198, '', 2, 'cn.wolfcode.car.web.controller.system.SysDictDataController.edit()', 'PUT', 1, 'admin', NULL, '/system/dict/data', '127.0.0.1', 'IP', '{\"createBy\":\"admin\",\"createTime\":\"2022-12-30 15:28:17\",\"dictCode\":117,\"dictLabel\":\"\",\"dictSort\":1,\"dictType\":\"bus_sale_type\",\"dictValue\":\"0\",\"isDefault\":\"N\",\"listClass\":\"default\",\"params\":{},\"remark\":\"\",\"status\":\"0\",\"updateBy\":\"admin\"}', '{\"msg\":\"\",\"code\":200}', 0, NULL, '2022-12-30 15:28:24');
INSERT INTO `sys_oper_log` VALUES (199, '', 1, 'cn.wolfcode.car.appointment.controller.BusServiceItemController.add()', 'POST', 1, 'admin', NULL, '/appointment/item', '127.0.0.1', 'IP', '{\"carPackage\":1,\"discountPrice\":2000,\"info\":\"168\",\"name\":\"168\",\"originalPrice\":5000,\"params\":{},\"serviceCatalog\":1}', '{\"msg\":\"\",\"code\":200}', 0, NULL, '2022-12-30 17:28:28');
INSERT INTO `sys_oper_log` VALUES (200, '', 1, 'cn.wolfcode.car.appointment.controller.BusServiceItemController.add()', 'POST', 1, 'admin', NULL, '/appointment/item', '127.0.0.1', 'IP', '{\"carPackage\":0,\"discountPrice\":200,\"info\":\"168\",\"name\":\"168\",\"originalPrice\":500,\"params\":{},\"serviceCatalog\":0}', '{\"msg\":\"\",\"code\":200}', 0, NULL, '2022-12-30 17:29:36');
INSERT INTO `sys_oper_log` VALUES (201, '', 1, 'cn.wolfcode.car.appointment.controller.BusServiceItemController.add()', 'POST', 1, 'admin', NULL, '/appointment/item', '127.0.0.1', 'IP', '{\"carPackage\":1,\"discountPrice\":300,\"info\":\"111\",\"name\":\"11\",\"originalPrice\":200,\"params\":{},\"serviceCatalog\":1}', NULL, 1, '', '2022-12-30 17:30:03');
INSERT INTO `sys_oper_log` VALUES (202, '', 2, 'cn.wolfcode.car.appointment.controller.BusServiceItemController.edit()', 'PUT', 1, 'admin', NULL, '/appointment/item', '127.0.0.1', 'IP', '{\"auditStatus\":0,\"carPackage\":1,\"createTime\":\"2022-12-30 17:28:28\",\"discountPrice\":2000,\"id\":34,\"info\":\"168\",\"name\":\"168\",\"originalPrice\":500,\"params\":{},\"saleStatus\":0,\"serviceCatalog\":1}', '{\"msg\":\"\",\"code\":200}', 0, NULL, '2022-12-30 17:31:20');
INSERT INTO `sys_oper_log` VALUES (203, '', 2, 'cn.wolfcode.car.appointment.controller.BusServiceItemController.edit()', 'PUT', 1, 'admin', NULL, '/appointment/item', '127.0.0.1', 'IP', '{\"carPackage\":0,\"createTime\":\"2021-05-14 10:32:30\",\"discountPrice\":88,\"id\":2,\"info\":\"\",\"name\":\"\",\"originalPrice\":88,\"params\":{},\"serviceCatalog\":0}', NULL, 1, ',', '2023-01-02 10:39:20');
INSERT INTO `sys_oper_log` VALUES (204, '', 2, 'cn.wolfcode.car.appointment.controller.BusServiceItemController.edit()', 'PUT', 1, 'admin', NULL, '/appointment/item', '127.0.0.1', 'IP', '{\"carPackage\":0,\"createTime\":\"2021-05-14 10:32:30\",\"discountPrice\":200,\"id\":2,\"info\":\"\",\"name\":\"\",\"originalPrice\":88,\"params\":{},\"serviceCatalog\":0}', NULL, 1, '', '2023-01-02 10:39:45');
INSERT INTO `sys_oper_log` VALUES (205, '', 2, 'cn.wolfcode.car.appointment.controller.BusServiceItemController.edit()', 'PUT', 1, 'admin', NULL, '/appointment/item', '127.0.0.1', 'IP', '{\"carPackage\":0,\"createTime\":\"2021-05-14 10:09:36\",\"discountPrice\":100,\"id\":1,\"info\":\"\",\"name\":\"()\",\"originalPrice\":188,\"params\":{},\"serviceCatalog\":2}', '{\"msg\":\"\",\"code\":200}', 0, NULL, '2023-01-02 10:40:14');
INSERT INTO `sys_oper_log` VALUES (206, '', 2, 'cn.wolfcode.car.appointment.controller.BusServiceItemController.edit()', 'PUT', 1, 'admin', NULL, '/appointment/item', '127.0.0.1', 'IP', '{\"carPackage\":1,\"createTime\":\"2021-05-27 00:00:00\",\"discountPrice\":1501,\"id\":8,\"info\":\"\",\"name\":\"\",\"originalPrice\":6000,\"params\":{},\"serviceCatalog\":1}', NULL, 1, ',', '2023-01-02 10:40:37');
INSERT INTO `sys_oper_log` VALUES (207, '', 2, 'cn.wolfcode.car.appointment.controller.BusServiceItemController.edit()', 'PUT', 1, 'admin', NULL, '/appointment/item', '127.0.0.1', 'IP', '{\"carPackage\":1,\"createTime\":\"2021-05-18 00:00:00\",\"discountPrice\":4999,\"id\":4,\"info\":\"\",\"name\":\"\",\"originalPrice\":6000,\"params\":{},\"serviceCatalog\":1}', '{\"msg\":\"\",\"code\":200}', 0, NULL, '2023-01-02 10:42:31');
INSERT INTO `sys_oper_log` VALUES (208, '', 2, 'cn.wolfcode.car.appointment.controller.BusServiceItemController.edit()', 'PUT', 1, 'admin', NULL, '/appointment/item', '127.0.0.1', 'IP', '{\"carPackage\":0,\"createTime\":\"2021-05-18 00:00:00\",\"discountPrice\":4999,\"id\":4,\"info\":\"\",\"name\":\"\",\"originalPrice\":6000,\"params\":{},\"serviceCatalog\":1}', '{\"msg\":\"\",\"code\":200}', 0, NULL, '2023-01-02 10:56:32');
INSERT INTO `sys_oper_log` VALUES (209, '', 2, 'cn.wolfcode.car.appointment.controller.BusServiceItemController.edit()', 'PUT', 1, 'admin', NULL, '/appointment/item', '127.0.0.1', 'IP', '{\"carPackage\":0,\"createTime\":\"2021-05-18 00:00:00\",\"discountPrice\":4999,\"id\":4,\"info\":\"\",\"name\":\"\",\"originalPrice\":6000,\"params\":{},\"serviceCatalog\":1}', '{\"msg\":\"\",\"code\":200}', 0, NULL, '2023-01-02 11:00:59');
INSERT INTO `sys_oper_log` VALUES (210, '', 2, 'cn.wolfcode.car.appointment.controller.BusServiceItemController.edit()', 'PUT', 1, 'admin', NULL, '/appointment/item', '127.0.0.1', 'IP', '{\"carPackage\":1,\"createTime\":\"2021-05-18 00:00:00\",\"discountPrice\":4999,\"id\":4,\"info\":\"\",\"name\":\"\",\"originalPrice\":6000,\"params\":{},\"serviceCatalog\":1}', '{\"msg\":\"\",\"code\":200}', 0, NULL, '2023-01-02 11:01:12');
INSERT INTO `sys_oper_log` VALUES (211, '', 2, 'cn.wolfcode.car.appointment.controller.BusServiceItemController.saleOn()', 'PUT', 1, 'admin', NULL, '/appointment/item/saleOn/1', '127.0.0.1', 'IP', '1', '{\"msg\":\"\",\"code\":200}', 0, NULL, '2023-01-02 11:56:51');
INSERT INTO `sys_oper_log` VALUES (212, '', 2, 'cn.wolfcode.car.appointment.controller.BusServiceItemController.saleOff()', 'PUT', 1, 'admin', NULL, '/appointment/item/saleOff/1', '127.0.0.1', 'IP', '1', '{\"msg\":\"\",\"code\":200}', 0, NULL, '2023-01-02 11:57:00');
INSERT INTO `sys_oper_log` VALUES (213, '', 2, 'cn.wolfcode.car.appointment.controller.BusServiceItemController.saleOn()', 'PUT', 1, 'admin', NULL, '/appointment/item/saleOn/4', '127.0.0.1', 'IP', '4', NULL, 1, ',', '2023-01-02 11:57:24');
INSERT INTO `sys_oper_log` VALUES (214, '', 2, 'cn.wolfcode.car.appointment.controller.BusServiceItemController.saleOn()', 'PUT', 1, 'admin', NULL, '/appointment/item/saleOn/8', '127.0.0.1', 'IP', '8', '{\"msg\":\"\",\"code\":200}', 0, NULL, '2023-01-02 11:57:42');
INSERT INTO `sys_oper_log` VALUES (215, '', 2, 'cn.wolfcode.car.appointment.controller.BusServiceItemController.saleOff()', 'PUT', 1, 'admin', NULL, '/appointment/item/saleOff/8', '127.0.0.1', 'IP', '8', '{\"msg\":\"\",\"code\":200}', 0, NULL, '2023-01-02 11:57:53');
INSERT INTO `sys_oper_log` VALUES (216, '', 6, 'cn.wolfcode.car.generator.controller.GenController.importTableSave()', 'POST', 1, 'admin', NULL, '/tool/gen/importTable', '127.0.0.1', 'IP', 'bus_statement', '{\"msg\":\"\",\"code\":200}', 0, NULL, '2023-01-02 14:51:52');
INSERT INTO `sys_oper_log` VALUES (217, '', 1, 'cn.wolfcode.car.web.controller.system.SysDictTypeController.add()', 'POST', 1, 'admin', NULL, '/system/dict/type', '127.0.0.1', 'IP', '{\"createBy\":\"admin\",\"dictName\":\"\",\"dictType\":\"bus_statement_type\",\"params\":{},\"remark\":\"\",\"status\":\"0\"}', '{\"msg\":\"\",\"code\":200}', 0, NULL, '2023-01-02 15:20:24');
INSERT INTO `sys_oper_log` VALUES (218, '', 1, 'cn.wolfcode.car.web.controller.system.SysDictDataController.add()', 'POST', 1, 'admin', NULL, '/system/dict/data', '127.0.0.1', 'IP', '{\"createBy\":\"admin\",\"dictLabel\":\"\",\"dictSort\":0,\"dictType\":\"bus_statement_type\",\"dictValue\":\"0\",\"listClass\":\"default\",\"params\":{},\"remark\":\"\",\"status\":\"0\"}', '{\"msg\":\"\",\"code\":200}', 0, NULL, '2023-01-02 15:20:45');
INSERT INTO `sys_oper_log` VALUES (219, '', 1, 'cn.wolfcode.car.web.controller.system.SysDictDataController.add()', 'POST', 1, 'admin', NULL, '/system/dict/data', '127.0.0.1', 'IP', '{\"createBy\":\"admin\",\"dictLabel\":\"\",\"dictSort\":1,\"dictType\":\"bus_statement_type\",\"dictValue\":\"1\",\"listClass\":\"default\",\"params\":{},\"remark\":\"\",\"status\":\"0\"}', '{\"msg\":\"\",\"code\":200}', 0, NULL, '2023-01-02 15:20:59');
INSERT INTO `sys_oper_log` VALUES (220, '', 1, 'cn.wolfcode.car.web.controller.system.SysDictTypeController.add()', 'POST', 1, 'admin', NULL, '/system/dict/type', '127.0.0.1', 'IP', '{\"createBy\":\"admin\",\"dictName\":\"\",\"dictType\":\"bus_statement_appointment_type\",\"params\":{},\"remark\":\"(0/1)\",\"status\":\"0\"}', '{\"msg\":\"\",\"code\":200}', 0, NULL, '2023-01-02 15:25:39');
INSERT INTO `sys_oper_log` VALUES (221, '', 1, 'cn.wolfcode.car.web.controller.system.SysDictDataController.add()', 'POST', 1, 'admin', NULL, '/system/dict/data', '127.0.0.1', 'IP', '{\"createBy\":\"admin\",\"dictLabel\":\"\",\"dictSort\":0,\"dictType\":\"bus_statement_appointment_type\",\"dictValue\":\"0\",\"listClass\":\"default\",\"params\":{},\"remark\":\"\",\"status\":\"0\"}', '{\"msg\":\"\",\"code\":200}', 0, NULL, '2023-01-02 15:26:00');
INSERT INTO `sys_oper_log` VALUES (222, '', 1, 'cn.wolfcode.car.web.controller.system.SysDictDataController.add()', 'POST', 1, 'admin', NULL, '/system/dict/data', '127.0.0.1', 'IP', '{\"createBy\":\"admin\",\"dictLabel\":\"\",\"dictSort\":1,\"dictType\":\"bus_statement_appointment_type\",\"dictValue\":\"1\",\"listClass\":\"default\",\"params\":{},\"remark\":\"\\n\",\"status\":\"0\"}', '{\"msg\":\"\",\"code\":200}', 0, NULL, '2023-01-02 15:26:20');
INSERT INTO `sys_oper_log` VALUES (223, '', 1, 'cn.wolfcode.car.appointment.controller.BusStatementController.add()', 'POST', 1, 'admin', NULL, '/appointment/statement', '127.0.0.1', 'IP', '{\"actualArrivalTime\":\"2023-01-02 17:00:00\",\"carSeries\":\"\",\"customerName\":\"\",\"customerPhone\":\"15922221111\",\"info\":\"\",\"licensePlate\":\"A55222\",\"params\":{},\"serviceType\":1}', '{\"msg\":\"\",\"code\":200}', 0, NULL, '2023-01-02 17:00:55');
INSERT INTO `sys_oper_log` VALUES (224, '', 2, 'cn.wolfcode.car.appointment.controller.BusStatementController.edit()', 'PUT', 1, 'admin', NULL, '/appointment/statement', '127.0.0.1', 'IP', '{\"actualArrivalTime\":\"2023-01-02 17:00:00\",\"carSeries\":\"\",\"createTime\":\"2023-01-02 17:00:55\",\"customerName\":\"\",\"customerPhone\":\"15922221112\",\"id\":68,\"info\":\"\",\"licensePlate\":\"A55222\",\"params\":{},\"serviceType\":1}', '{\"msg\":\"\",\"code\":200}', 0, NULL, '2023-01-02 17:07:07');
INSERT INTO `sys_oper_log` VALUES (225, '', 2, 'cn.wolfcode.car.appointment.controller.BusStatementController.edit()', 'PUT', 1, 'admin', NULL, '/appointment/statement', '127.0.0.1', 'IP', '{\"actualArrivalTime\":\"2021-10-27 16:06:00\",\"carSeries\":\"\",\"createTime\":\"2021-10-27 16:23:57\",\"customerName\":\"\",\"customerPhone\":\"13099996662\",\"id\":1,\"licensePlate\":\"A88888\",\"params\":{},\"serviceType\":0}', '{\"msg\":\"\",\"code\":200}', 0, NULL, '2023-01-02 17:12:58');
INSERT INTO `sys_oper_log` VALUES (226, '', 2, 'cn.wolfcode.car.appointment.controller.BusStatementController.edit()', 'PUT', 1, 'admin', NULL, '/appointment/statement', '127.0.0.1', 'IP', '{\"actualArrivalTime\":\"2021-10-27 16:06:00\",\"carSeries\":\"\",\"createTime\":\"2021-10-27 16:23:57\",\"customerName\":\"\",\"customerPhone\":\"13099996663\",\"id\":1,\"licensePlate\":\"A88888\",\"params\":{},\"serviceType\":0}', NULL, 1, ',', '2023-01-02 17:13:33');
INSERT INTO `sys_oper_log` VALUES (227, '', 2, 'cn.wolfcode.car.appointment.controller.BusStatementController.edit()', 'PUT', 1, 'admin', NULL, '/appointment/statement', '127.0.0.1', 'IP', '{\"actualArrivalTime\":\"2023-01-02 17:00:00\",\"carSeries\":\"\",\"createTime\":\"2023-01-02 17:00:55\",\"customerName\":\"\",\"customerPhone\":\"15922221111\",\"id\":68,\"info\":\"\",\"licensePlate\":\"A55222\",\"params\":{},\"serviceType\":1}', '{\"msg\":\"\",\"code\":200}', 0, NULL, '2023-01-02 17:13:44');
INSERT INTO `sys_oper_log` VALUES (228, '', 3, 'cn.wolfcode.car.appointment.controller.BusStatementController.remove()', 'DELETE', 1, 'admin', NULL, '/appointment/statement/1', '127.0.0.1', 'IP', '{id=1}', '{\"msg\":\"\",\"code\":200}', 0, NULL, '2023-01-02 17:24:44');
INSERT INTO `sys_oper_log` VALUES (229, '', 3, 'cn.wolfcode.car.appointment.controller.BusStatementController.remove()', 'DELETE', 1, 'admin', NULL, '/appointment/statement/2', '127.0.0.1', 'IP', '{id=2}', '{\"msg\":\"\",\"code\":200}', 0, NULL, '2023-01-02 17:24:49');
INSERT INTO `sys_oper_log` VALUES (230, '', 3, 'cn.wolfcode.car.appointment.controller.BusStatementController.remove()', 'DELETE', 1, 'admin', NULL, '/appointment/statement/5', '127.0.0.1', 'IP', '{id=5}', '{\"msg\":\"\",\"code\":200}', 0, NULL, '2023-01-02 17:24:53');
INSERT INTO `sys_oper_log` VALUES (231, '', 3, 'cn.wolfcode.car.appointment.controller.BusStatementController.remove()', 'DELETE', 1, 'admin', NULL, '/appointment/statement/6', '127.0.0.1', 'IP', '{id=6}', '{\"msg\":\"\",\"code\":200}', 0, NULL, '2023-01-02 17:25:16');
INSERT INTO `sys_oper_log` VALUES (232, '', 3, 'cn.wolfcode.car.appointment.controller.BusStatementController.remove()', 'DELETE', 1, 'admin', NULL, '/appointment/statement/8', '127.0.0.1', 'IP', '{id=8}', '{\"msg\":\"\",\"code\":200}', 0, NULL, '2023-01-03 09:20:26');
INSERT INTO `sys_oper_log` VALUES (233, '', 6, 'cn.wolfcode.car.generator.controller.GenController.importTableSave()', 'POST', 1, 'admin', NULL, '/tool/gen/importTable', '127.0.0.1', 'IP', 'bus_statement_item', '{\"msg\":\"\",\"code\":200}', 0, NULL, '2023-01-03 10:09:40');
INSERT INTO `sys_oper_log` VALUES (234, '', 1, 'cn.wolfcode.car.appointment.controller.BusStatementItemController.add()', 'POST', 1, 'admin', NULL, '/appointment/statementitem', '127.0.0.1', 'IP', '{\"params\":{}}', NULL, 1, '\r\n### Error updating database.  Cause: java.sql.SQLSyntaxErrorException: You have an error in your SQL syntax; check the manual that corresponds to your MySQL server version for the right syntax to use near \'\' at line 1\r\n### The error may exist in file [F:\\Java20220823\\\\06-\\car\\code\\Wolfcode\\wolfcode-business\\target\\classes\\mapper\\BusStatementItemMapper.xml]\r\n### The error may involve cn.wolfcode.car.appointment.mapper.BusStatementItemMapper.insertBusStatementItem-Inline\r\n### The error occurred while setting parameters\r\n### SQL: insert into bus_statement_item\r\n### Cause: java.sql.SQLSyntaxErrorException: You have an error in your SQL syntax; check the manual that corresponds to your MySQL server version for the right syntax to use near \'\' at line 1\n; bad SQL grammar []; nested exception is java.sql.SQLSyntaxErrorException: You have an error in your SQL syntax; check the manual that corresponds to your MySQL server version for the right syntax to use near \'\' at line 1', '2023-01-03 15:08:50');
INSERT INTO `sys_oper_log` VALUES (235, '', 1, 'cn.wolfcode.car.appointment.controller.BusStatementController.add()', 'POST', 1, 'admin', NULL, '/appointment/statement', '127.0.0.1', 'IP', '{\"actualArrivalTime\":\"2023-01-03 16:19:00\",\"carSeries\":\"\",\"customerName\":\"1112\",\"customerPhone\":\"15918552222\",\"info\":\"\",\"licensePlate\":\"A88822\",\"params\":{},\"serviceType\":0}', '{\"msg\":\"\",\"code\":200}', 0, NULL, '2023-01-03 16:20:49');
INSERT INTO `sys_oper_log` VALUES (236, '', 1, 'cn.wolfcode.car.appointment.controller.BusStatementItemController.add()', 'POST', 1, 'admin', NULL, '/appointment/statementitem', '127.0.0.1', 'IP', '{\"busStatementItems\":[{\"id\":1,\"itemId\":2,\"itemName\":\"\",\"itemPrice\":88,\"itemQuantity\":2,\"params\":{},\"statementId\":69},{\"id\":2,\"itemId\":7,\"itemName\":\"\",\"itemPrice\":88,\"itemQuantity\":1,\"params\":{},\"statementId\":69},{\"id\":3,\"itemId\":10,\"itemName\":\"\",\"itemPrice\":199,\"itemQuantity\":2,\"params\":{},\"statementId\":69}],\"discountPrice\":200}', '{\"msg\":\"\",\"code\":200}', 0, NULL, '2023-01-03 16:23:16');
INSERT INTO `sys_oper_log` VALUES (237, '', 1, 'cn.wolfcode.car.appointment.controller.BusStatementItemController.add()', 'POST', 1, 'admin', NULL, '/appointment/statementitem', '127.0.0.1', 'IP', '{\"busStatementItems\":[{\"id\":4,\"itemId\":2,\"itemName\":\"\",\"itemPrice\":88,\"itemQuantity\":2,\"params\":{},\"statementId\":69},{\"id\":5,\"itemId\":7,\"itemName\":\"\",\"itemPrice\":88,\"itemQuantity\":1,\"params\":{},\"statementId\":69},{\"id\":6,\"itemId\":10,\"itemName\":\"\",\"itemPrice\":199,\"itemQuantity\":2,\"params\":{},\"statementId\":69},{\"id\":7,\"itemId\":6,\"itemName\":\"\",\"itemPrice\":500,\"itemQuantity\":1,\"params\":{},\"statementId\":69}],\"discountPrice\":200}', '{\"msg\":\"\",\"code\":200}', 0, NULL, '2023-01-03 16:31:37');
INSERT INTO `sys_oper_log` VALUES (238, '', 1, 'cn.wolfcode.car.appointment.controller.BusStatementItemController.add()', 'POST', 1, 'admin', NULL, '/appointment/statementitem', '127.0.0.1', 'IP', '{\"busStatementItems\":[{\"id\":8,\"itemId\":2,\"itemName\":\"\",\"itemPrice\":88,\"itemQuantity\":1,\"params\":{},\"statementId\":69},{\"id\":9,\"itemId\":6,\"itemName\":\"\",\"itemPrice\":500,\"itemQuantity\":2,\"params\":{},\"statementId\":69},{\"id\":10,\"itemId\":7,\"itemName\":\"\",\"itemPrice\":88,\"itemQuantity\":1,\"params\":{},\"statementId\":69},{\"id\":11,\"itemId\":10,\"itemName\":\"\",\"itemPrice\":199,\"itemQuantity\":1,\"params\":{},\"statementId\":69}],\"discountPrice\":200}', '{\"msg\":\"\",\"code\":200}', 0, NULL, '2023-01-03 16:32:36');
INSERT INTO `sys_oper_log` VALUES (239, '', 1, 'cn.wolfcode.car.appointment.controller.BusStatementItemController.add()', 'POST', 1, 'admin', NULL, '/appointment/statementitem', '127.0.0.1', 'IP', '{\"busStatementItems\":[{\"id\":12,\"itemId\":2,\"itemName\":\"\",\"itemPrice\":88,\"itemQuantity\":1,\"params\":{},\"statementId\":69},{\"id\":13,\"itemId\":6,\"itemName\":\"\",\"itemPrice\":500,\"itemQuantity\":3,\"params\":{},\"statementId\":69},{\"id\":14,\"itemId\":7,\"itemName\":\"\",\"itemPrice\":88,\"itemQuantity\":1,\"params\":{},\"statementId\":69},{\"id\":15,\"itemId\":10,\"itemName\":\"\",\"itemPrice\":199,\"itemQuantity\":1,\"params\":{},\"statementId\":69}],\"discountPrice\":200}', '{\"msg\":\"\",\"code\":200}', 0, NULL, '2023-01-03 16:32:56');
INSERT INTO `sys_oper_log` VALUES (240, '', 1, 'cn.wolfcode.car.appointment.controller.BusStatementItemController.add()', 'POST', 1, 'admin', NULL, '/appointment/statementitem', '127.0.0.1', 'IP', '{}', NULL, 1, '', '2023-01-03 16:36:02');
INSERT INTO `sys_oper_log` VALUES (241, '', 1, 'cn.wolfcode.car.appointment.controller.BusStatementItemController.add()', 'POST', 1, 'admin', NULL, '/appointment/statementitem', '127.0.0.1', 'IP', '{}', NULL, 1, '', '2023-01-03 16:37:11');
INSERT INTO `sys_oper_log` VALUES (242, '', 1, 'cn.wolfcode.car.appointment.controller.BusStatementItemController.add()', 'POST', 1, 'admin', NULL, '/appointment/statementitem', '127.0.0.1', 'IP', '{\"busStatementItems\":[{\"id\":16,\"itemId\":2,\"itemName\":\"\",\"itemPrice\":88,\"itemQuantity\":1,\"params\":{},\"statementId\":69},{\"id\":17,\"itemId\":6,\"itemName\":\"\",\"itemPrice\":500,\"itemQuantity\":2,\"params\":{},\"statementId\":69},{\"id\":18,\"itemId\":7,\"itemName\":\"\",\"itemPrice\":88,\"itemQuantity\":1,\"params\":{},\"statementId\":69},{\"id\":19,\"itemId\":10,\"itemName\":\"\",\"itemPrice\":199,\"itemQuantity\":1,\"params\":{},\"statementId\":69}],\"discountPrice\":200}', '{\"msg\":\"\",\"code\":200}', 0, NULL, '2023-01-03 16:39:21');
INSERT INTO `sys_oper_log` VALUES (243, '', 1, 'cn.wolfcode.car.appointment.controller.BusStatementItemController.add()', 'POST', 1, 'admin', NULL, '/appointment/statementitem', '127.0.0.1', 'IP', '{\"busStatementItems\":[{\"id\":20,\"itemId\":2,\"itemName\":\"\",\"itemPrice\":88,\"itemQuantity\":1,\"params\":{},\"statementId\":68},{\"id\":21,\"itemId\":6,\"itemName\":\"\",\"itemPrice\":500,\"itemQuantity\":1,\"params\":{},\"statementId\":68}],\"discountPrice\":50}', '{\"msg\":\"\",\"code\":200}', 0, NULL, '2023-01-05 09:09:09');
INSERT INTO `sys_oper_log` VALUES (244, '', 1, 'cn.wolfcode.car.appointment.controller.BusStatementController.add()', 'POST', 1, 'admin', NULL, '/appointment/statement', '127.0.0.1', 'IP', '{\"actualArrivalTime\":\"2023-01-05 09:13:00\",\"carSeries\":\"\",\"customerName\":\"168\",\"customerPhone\":\"15922221111\",\"licensePlate\":\"A55511\",\"params\":{},\"serviceType\":1}', '{\"msg\":\"\",\"code\":200}', 0, NULL, '2023-01-05 09:13:54');
INSERT INTO `sys_oper_log` VALUES (245, '', 1, 'cn.wolfcode.car.appointment.controller.BusStatementItemController.pay()', 'POST', 1, 'admin', NULL, '/appointment/statementitem/pay', '127.0.0.1', 'IP', '{\"busStatementItems\":[{\"id\":22,\"itemId\":2,\"itemName\":\"\",\"itemPrice\":88,\"itemQuantity\":1,\"params\":{},\"statementId\":69},{\"id\":23,\"itemId\":6,\"itemName\":\"\",\"itemPrice\":500,\"itemQuantity\":2,\"params\":{},\"statementId\":69},{\"id\":24,\"itemId\":7,\"itemName\":\"\",\"itemPrice\":88,\"itemQuantity\":1,\"params\":{},\"statementId\":69},{\"id\":25,\"itemId\":10,\"itemName\":\"\",\"itemPrice\":199,\"itemQuantity\":1,\"params\":{},\"statementId\":69}],\"discountPrice\":200}', '{\"msg\":\"\",\"code\":200}', 0, NULL, '2023-01-05 11:17:48');
INSERT INTO `sys_oper_log` VALUES (246, '', 1, 'cn.wolfcode.car.appointment.controller.BusStatementItemController.add()', 'POST', 1, 'admin', NULL, '/appointment/statementitem', '127.0.0.1', 'IP', '{\"busStatementItems\":[{\"id\":26,\"itemId\":2,\"itemName\":\"\",\"itemPrice\":88,\"itemQuantity\":4,\"params\":{},\"statementId\":68},{\"id\":27,\"itemId\":6,\"itemName\":\"\",\"itemPrice\":500,\"itemQuantity\":1,\"params\":{},\"statementId\":68},{\"id\":28,\"itemId\":7,\"itemName\":\"\",\"itemPrice\":88,\"itemQuantity\":1,\"params\":{},\"statementId\":68}],\"discountPrice\":50}', '{\"msg\":\"\",\"code\":200}', 0, NULL, '2023-01-05 11:21:34');
INSERT INTO `sys_oper_log` VALUES (247, '', 1, 'cn.wolfcode.car.appointment.controller.BusStatementItemController.pay()', 'POST', 1, 'admin', NULL, '/appointment/statementitem/pay', '127.0.0.1', 'IP', '{\"busStatementItems\":[{\"id\":29,\"itemId\":2,\"itemName\":\"\",\"itemPrice\":88,\"itemQuantity\":4,\"params\":{},\"statementId\":68},{\"id\":30,\"itemId\":6,\"itemName\":\"\",\"itemPrice\":500,\"itemQuantity\":1,\"params\":{},\"statementId\":68},{\"id\":31,\"itemId\":7,\"itemName\":\"\",\"itemPrice\":88,\"itemQuantity\":3,\"params\":{},\"statementId\":68},{\"id\":32,\"itemId\":10,\"itemName\":\"\",\"itemPrice\":199,\"itemQuantity\":3,\"params\":{},\"statementId\":68},{\"id\":33,\"itemId\":21,\"itemName\":\"\",\"itemPrice\":100,\"itemQuantity\":1,\"params\":{},\"statementId\":68}],\"discountPrice\":50}', '{\"msg\":\"\",\"code\":200}', 0, NULL, '2023-01-05 11:22:01');
INSERT INTO `sys_oper_log` VALUES (248, '', 1, 'cn.wolfcode.car.appointment.controller.BusStatementItemController.pay()', 'POST', 1, 'admin', NULL, '/appointment/statementitem/pay', '127.0.0.1', 'IP', '{\"busStatementItems\":[{\"id\":34,\"itemId\":2,\"itemName\":\"\",\"itemPrice\":88,\"itemQuantity\":3,\"params\":{},\"statementId\":67},{\"id\":35,\"itemId\":6,\"itemName\":\"\",\"itemPrice\":500,\"itemQuantity\":3,\"params\":{},\"statementId\":67},{\"id\":36,\"itemId\":7,\"itemName\":\"\",\"itemPrice\":88,\"itemQuantity\":2,\"params\":{},\"statementId\":67},{\"id\":37,\"itemId\":10,\"itemName\":\"\",\"itemPrice\":199,\"itemQuantity\":1,\"params\":{},\"statementId\":67}],\"discountPrice\":0}', '{\"msg\":\"\",\"code\":200}', 0, NULL, '2023-01-05 11:23:36');
INSERT INTO `sys_oper_log` VALUES (249, '', 1, 'cn.wolfcode.car.appointment.controller.BusAppointmentController.add()', 'POST', 1, 'admin', NULL, '/appointment/appointment', '127.0.0.1', 'IP', '{\"appointmentTime\":\"2023-01-07 00:00:00\",\"carSeries\":\"\",\"customerName\":\"\",\"customerPhone\":\"15912221112\",\"info\":\"11111\",\"licensePlate\":\"A11111\",\"params\":{},\"serviceType\":0}', '{\"msg\":\"\",\"code\":200}', 0, NULL, '2023-01-05 11:26:24');
INSERT INTO `sys_oper_log` VALUES (250, '', 2, 'cn.wolfcode.car.appointment.controller.BusAppointmentController.arrive()', 'PUT', 1, 'admin', NULL, '/appointment/appointment/arrival/64', '127.0.0.1', 'IP', '64', '{\"msg\":\"\",\"code\":200}', 0, NULL, '2023-01-05 11:26:39');
INSERT INTO `sys_oper_log` VALUES (251, '', 1, 'cn.wolfcode.car.appointment.controller.BusStatementItemController.pay()', 'POST', 1, 'admin', NULL, '/appointment/statementitem/pay', '127.0.0.1', 'IP', '{\"busStatementItems\":[{\"id\":38,\"itemId\":2,\"itemName\":\"\",\"itemPrice\":88,\"itemQuantity\":1,\"params\":{},\"statementId\":70},{\"id\":39,\"itemId\":6,\"itemName\":\"\",\"itemPrice\":500,\"itemQuantity\":1,\"params\":{},\"statementId\":70},{\"id\":40,\"itemId\":10,\"itemName\":\"\",\"itemPrice\":199,\"itemQuantity\":1,\"params\":{},\"statementId\":70},{\"id\":41,\"itemId\":21,\"itemName\":\"\",\"itemPrice\":100,\"itemQuantity\":1,\"params\":{},\"statementId\":70}],\"discountPrice\":0}', '{\"msg\":\"\",\"code\":200}', 0, NULL, '2023-01-05 14:16:43');
INSERT INTO `sys_oper_log` VALUES (252, '', 1, 'cn.wolfcode.car.appointment.controller.BusAppointmentController.generateStatement()', 'POST', 1, 'admin', NULL, '/appointment/appointment/generate/64', '127.0.0.1', 'IP', '64', '{\"msg\":\"\",\"code\":200}', 0, NULL, '2023-01-05 14:40:46');
INSERT INTO `sys_oper_log` VALUES (253, '', 1, 'cn.wolfcode.car.appointment.controller.BusAppointmentController.generateStatement()', 'POST', 1, 'admin', NULL, '/appointment/appointment/generate/64', '127.0.0.1', 'IP', '64', NULL, 1, '\r\n### Error updating database.  Cause: java.sql.SQLIntegrityConstraintViolationException: Duplicate entry \'64\' for key \'maintenance_id\'\r\n### The error may exist in file [F:\\Java20220823\\\\06-\\car\\code\\Wolfcode\\wolfcode-business\\target\\classes\\mapper\\BusStatementMapper.xml]\r\n### The error may involve cn.wolfcode.car.appointment.mapper.BusStatementMapper.insertBusStatement-Inline\r\n### The error occurred while setting parameters\r\n### SQL: insert into bus_statement          ( customer_name,             customer_phone,             actual_arrival_time,             license_plate,             car_series,             service_type,             appointment_id,             status,                                                                              create_time,             info )           values ( ?,             ?,             ?,             ?,             ?,             ?,             ?,             ?,                                                                              ?,             ? )\r\n### Cause: java.sql.SQLIntegrityConstraintViolationException: Duplicate entry \'64\' for key \'maintenance_id\'\n; Duplicate entry \'64\' for key \'maintenance_id\'; nested exception is java.sql.SQLIntegrityConstraintViolationException: Duplicate entry \'64\' for key \'maintenance_id\'', '2023-01-05 14:41:15');
INSERT INTO `sys_oper_log` VALUES (254, '', 1, 'cn.wolfcode.car.appointment.controller.BusAppointmentController.generateStatement()', 'POST', 1, 'admin', NULL, '/appointment/appointment/generate/64', '127.0.0.1', 'IP', '64', NULL, 1, '\r\n### Error updating database.  Cause: java.sql.SQLIntegrityConstraintViolationException: Duplicate entry \'64\' for key \'maintenance_id\'\r\n### The error may exist in file [F:\\Java20220823\\\\06-\\car\\code\\Wolfcode\\wolfcode-business\\target\\classes\\mapper\\BusStatementMapper.xml]\r\n### The error may involve cn.wolfcode.car.appointment.mapper.BusStatementMapper.insertBusStatement-Inline\r\n### The error occurred while setting parameters\r\n### SQL: insert into bus_statement          ( customer_name,             customer_phone,             actual_arrival_time,             license_plate,             car_series,             service_type,             appointment_id,             status,                                                                              create_time,             info )           values ( ?,             ?,             ?,             ?,             ?,             ?,             ?,             ?,                                                                              ?,             ? )\r\n### Cause: java.sql.SQLIntegrityConstraintViolationException: Duplicate entry \'64\' for key \'maintenance_id\'\n; Duplicate entry \'64\' for key \'maintenance_id\'; nested exception is java.sql.SQLIntegrityConstraintViolationException: Duplicate entry \'64\' for key \'maintenance_id\'', '2023-01-05 14:48:45');
INSERT INTO `sys_oper_log` VALUES (255, '', 1, 'cn.wolfcode.car.appointment.controller.BusAppointmentController.add()', 'POST', 1, 'admin', NULL, '/appointment/appointment', '127.0.0.1', 'IP', '{\"appointmentTime\":\"2023-01-14 14:49:46\",\"carSeries\":\"\",\"customerName\":\"\",\"customerPhone\":\"15922221111\",\"licensePlate\":\"A222111\",\"params\":{},\"serviceType\":0}', NULL, 1, '', '2023-01-05 14:50:05');
INSERT INTO `sys_oper_log` VALUES (256, '', 1, 'cn.wolfcode.car.appointment.controller.BusAppointmentController.add()', 'POST', 1, 'admin', NULL, '/appointment/appointment', '127.0.0.1', 'IP', '{\"appointmentTime\":\"2023-01-14 14:49:46\",\"carSeries\":\"\",\"customerName\":\"\",\"customerPhone\":\"15922221111\",\"licensePlate\":\"A22211\",\"params\":{},\"serviceType\":0}', '{\"msg\":\"\",\"code\":200}', 0, NULL, '2023-01-05 14:50:09');
INSERT INTO `sys_oper_log` VALUES (257, '', 2, 'cn.wolfcode.car.appointment.controller.BusAppointmentController.arrive()', 'PUT', 1, 'admin', NULL, '/appointment/appointment/arrival/65', '127.0.0.1', 'IP', '65', '{\"msg\":\"\",\"code\":200}', 0, NULL, '2023-01-05 14:50:15');
INSERT INTO `sys_oper_log` VALUES (258, '', 1, 'cn.wolfcode.car.appointment.controller.BusAppointmentController.generateStatement()', 'POST', 1, 'admin', NULL, '/appointment/appointment/generate/65', '127.0.0.1', 'IP', '65', '{\"msg\":\"\",\"code\":200}', 0, NULL, '2023-01-05 14:50:20');
INSERT INTO `sys_oper_log` VALUES (259, '', 1, 'cn.wolfcode.car.appointment.controller.BusAppointmentController.add()', 'POST', 1, 'admin', NULL, '/appointment/appointment', '127.0.0.1', 'IP', '{\"appointmentTime\":\"2023-01-05 14:55:05\",\"carSeries\":\"\",\"customerName\":\"12\",\"customerPhone\":\"15922211111\",\"licensePlate\":\"A22211\",\"params\":{},\"serviceType\":1}', NULL, 1, '', '2023-01-05 14:55:22');
INSERT INTO `sys_oper_log` VALUES (260, '', 1, 'cn.wolfcode.car.appointment.controller.BusAppointmentController.add()', 'POST', 1, 'admin', NULL, '/appointment/appointment', '127.0.0.1', 'IP', '{\"appointmentTime\":\"2023-01-13 14:55:05\",\"carSeries\":\"\",\"customerName\":\"12\",\"customerPhone\":\"15922211111\",\"licensePlate\":\"A22211\",\"params\":{},\"serviceType\":1}', '{\"msg\":\"\",\"code\":200}', 0, NULL, '2023-01-05 14:55:26');
INSERT INTO `sys_oper_log` VALUES (261, '', 2, 'cn.wolfcode.car.appointment.controller.BusAppointmentController.arrive()', 'PUT', 1, 'admin', NULL, '/appointment/appointment/arrival/66', '127.0.0.1', 'IP', '66', '{\"msg\":\"\",\"code\":200}', 0, NULL, '2023-01-05 14:55:33');
INSERT INTO `sys_oper_log` VALUES (262, '', 1, 'cn.wolfcode.car.appointment.controller.BusAppointmentController.generateStatement()', 'POST', 1, 'admin', NULL, '/appointment/appointment/generate/66', '127.0.0.1', 'IP', '66', '{\"msg\":\"\",\"code\":200}', 0, NULL, '2023-01-05 14:55:47');
INSERT INTO `sys_oper_log` VALUES (263, '', 1, 'cn.wolfcode.car.appointment.controller.BusAppointmentController.add()', 'POST', 1, 'admin', NULL, '/appointment/appointment', '127.0.0.1', 'IP', '{\"appointmentTime\":\"2023-01-13 00:00:00\",\"carSeries\":\"111\",\"customerName\":\"222\",\"customerPhone\":\"15922211122\",\"licensePlate\":\"A22211\",\"params\":{},\"serviceType\":1}', '{\"msg\":\"\",\"code\":200}', 0, NULL, '2023-01-05 14:56:50');
INSERT INTO `sys_oper_log` VALUES (264, '', 2, 'cn.wolfcode.car.appointment.controller.BusAppointmentController.arrive()', 'PUT', 1, 'admin', NULL, '/appointment/appointment/arrival/67', '127.0.0.1', 'IP', '67', '{\"msg\":\"\",\"code\":200}', 0, NULL, '2023-01-05 14:56:55');
INSERT INTO `sys_oper_log` VALUES (265, '', 1, 'cn.wolfcode.car.appointment.controller.BusAppointmentController.generateStatement()', 'POST', 1, 'admin', NULL, '/appointment/appointment/generate/67', '127.0.0.1', 'IP', '67', '{\"msg\":\"\",\"code\":200}', 0, NULL, '2023-01-05 14:57:20');
INSERT INTO `sys_oper_log` VALUES (266, '', 1, 'cn.wolfcode.car.appointment.controller.BusAppointmentController.generateStatement()', 'POST', 1, 'admin', NULL, '/appointment/appointment/generate/67', '127.0.0.1', 'IP', '67', NULL, 1, '\r\n### Error updating database.  Cause: java.sql.SQLIntegrityConstraintViolationException: Duplicate entry \'67\' for key \'maintenance_id\'\r\n### The error may exist in file [F:\\Java20220823\\\\06-\\car\\code\\Wolfcode\\wolfcode-business\\target\\classes\\mapper\\BusStatementMapper.xml]\r\n### The error may involve cn.wolfcode.car.appointment.mapper.BusStatementMapper.insertBusStatement-Inline\r\n### The error occurred while setting parameters\r\n### SQL: insert into bus_statement          ( customer_name,             customer_phone,             actual_arrival_time,             license_plate,             car_series,             service_type,             appointment_id,             status,                                                                              create_time )           values ( ?,             ?,             ?,             ?,             ?,             ?,             ?,             ?,                                                                              ? )\r\n### Cause: java.sql.SQLIntegrityConstraintViolationException: Duplicate entry \'67\' for key \'maintenance_id\'\n; Duplicate entry \'67\' for key \'maintenance_id\'; nested exception is java.sql.SQLIntegrityConstraintViolationException: Duplicate entry \'67\' for key \'maintenance_id\'', '2023-01-05 14:58:05');
INSERT INTO `sys_oper_log` VALUES (267, '', 1, 'cn.wolfcode.car.appointment.controller.BusAppointmentController.add()', 'POST', 1, 'admin', NULL, '/appointment/appointment', '127.0.0.1', 'IP', '{\"appointmentTime\":\"2023-01-13 00:00:00\",\"carSeries\":\"bbb\",\"customerName\":\"1111\",\"customerPhone\":\"15922211111\",\"licensePlate\":\"A22211\",\"params\":{},\"serviceType\":0}', '{\"msg\":\"\",\"code\":200}', 0, NULL, '2023-01-05 15:12:42');
INSERT INTO `sys_oper_log` VALUES (268, '', 2, 'cn.wolfcode.car.appointment.controller.BusAppointmentController.arrive()', 'PUT', 1, 'admin', NULL, '/appointment/appointment/arrival/68', '127.0.0.1', 'IP', '68', '{\"msg\":\"\",\"code\":200}', 0, NULL, '2023-01-05 15:12:52');
INSERT INTO `sys_oper_log` VALUES (269, '', 1, 'cn.wolfcode.car.appointment.controller.BusAppointmentController.generateStatement()', 'POST', 1, 'admin', NULL, '/appointment/appointment/generate/68', '127.0.0.1', 'IP', '68', '{\"msg\":\"\",\"code\":200}', 0, NULL, '2023-01-05 15:13:14');
INSERT INTO `sys_oper_log` VALUES (270, '', 1, 'cn.wolfcode.car.appointment.controller.BusAppointmentController.generateStatement()', 'POST', 1, 'admin', NULL, '/appointment/appointment/generate/68', '127.0.0.1', 'IP', '68', '{\"msg\":\"\",\"code\":200}', 0, NULL, '2023-01-05 15:15:01');
INSERT INTO `sys_oper_log` VALUES (271, '', 1, 'cn.wolfcode.car.appointment.controller.BusAppointmentController.generateStatement()', 'POST', 1, 'admin', NULL, '/appointment/appointment/generate/68', '127.0.0.1', 'IP', '68', NULL, 1, '\r\n### Error updating database.  Cause: java.sql.SQLIntegrityConstraintViolationException: Duplicate entry \'68\' for key \'maintenance_id\'\r\n### The error may exist in file [F:\\Java20220823\\\\06-\\car\\code\\Wolfcode\\wolfcode-business\\target\\classes\\mapper\\BusStatementMapper.xml]\r\n### The error may involve cn.wolfcode.car.appointment.mapper.BusStatementMapper.insertBusStatement-Inline\r\n### The error occurred while setting parameters\r\n### SQL: insert into bus_statement          ( customer_name,             customer_phone,             actual_arrival_time,             license_plate,             car_series,             service_type,             appointment_id,             status,                                                                              create_time )           values ( ?,             ?,             ?,             ?,             ?,             ?,             ?,             ?,                                                                              ? )\r\n### Cause: java.sql.SQLIntegrityConstraintViolationException: Duplicate entry \'68\' for key \'maintenance_id\'\n; Duplicate entry \'68\' for key \'maintenance_id\'; nested exception is java.sql.SQLIntegrityConstraintViolationException: Duplicate entry \'68\' for key \'maintenance_id\'', '2023-01-05 15:20:13');
INSERT INTO `sys_oper_log` VALUES (272, '', 1, 'cn.wolfcode.car.appointment.controller.BusAppointmentController.generateStatement()', 'POST', 1, 'admin', NULL, '/appointment/appointment/generate/68', '127.0.0.1', 'IP', '68', '{\"msg\":\"\",\"code\":200,\"data\":82}', 0, NULL, '2023-01-05 15:21:20');
INSERT INTO `sys_oper_log` VALUES (273, '', 1, 'cn.wolfcode.car.appointment.controller.BusStatementItemController.pay()', 'POST', 1, 'admin', NULL, '/appointment/statementitem/pay', '127.0.0.1', 'IP', '{\"busStatementItems\":[{\"id\":42,\"itemId\":2,\"itemName\":\"\",\"itemPrice\":88,\"itemQuantity\":1,\"params\":{},\"statementId\":82},{\"id\":43,\"itemId\":6,\"itemName\":\"\",\"itemPrice\":500,\"itemQuantity\":2,\"params\":{},\"statementId\":82},{\"id\":44,\"itemId\":7,\"itemName\":\"\",\"itemPrice\":88,\"itemQuantity\":2,\"params\":{},\"statementId\":82},{\"id\":45,\"itemId\":10,\"itemName\":\"\",\"itemPrice\":199,\"itemQuantity\":2,\"params\":{},\"statementId\":82}],\"discountPrice\":200}', '{\"msg\":\"\",\"code\":200}', 0, NULL, '2023-01-05 15:30:58');
INSERT INTO `sys_oper_log` VALUES (274, '', 1, 'cn.wolfcode.car.appointment.controller.BusAppointmentController.generateStatement()', 'POST', 1, 'admin', NULL, '/appointment/appointment/generate/68', '127.0.0.1', 'IP', '68', NULL, 1, '\r\n### Error updating database.  Cause: java.sql.SQLIntegrityConstraintViolationException: Duplicate entry \'68\' for key \'maintenance_id\'\r\n### The error may exist in file [F:\\Java20220823\\\\06-\\car\\code\\Wolfcode\\wolfcode-business\\target\\classes\\mapper\\BusStatementMapper.xml]\r\n### The error may involve cn.wolfcode.car.appointment.mapper.BusStatementMapper.insertBusStatement-Inline\r\n### The error occurred while setting parameters\r\n### SQL: insert into bus_statement          ( customer_name,             customer_phone,             actual_arrival_time,             license_plate,             car_series,             service_type,             appointment_id,             status,                                                                              create_time )           values ( ?,             ?,             ?,             ?,             ?,             ?,             ?,             ?,                                                                              ? )\r\n### Cause: java.sql.SQLIntegrityConstraintViolationException: Duplicate entry \'68\' for key \'maintenance_id\'\n; Duplicate entry \'68\' for key \'maintenance_id\'; nested exception is java.sql.SQLIntegrityConstraintViolationException: Duplicate entry \'68\' for key \'maintenance_id\'', '2023-01-05 15:31:50');
INSERT INTO `sys_oper_log` VALUES (275, '', 1, 'cn.wolfcode.car.appointment.controller.BusAppointmentController.generateStatement()', 'POST', 1, 'admin', NULL, '/appointment/appointment/generate/68', '127.0.0.1', 'IP', '68', NULL, 1, '\r\n### Error updating database.  Cause: java.sql.SQLIntegrityConstraintViolationException: Duplicate entry \'68\' for key \'maintenance_id\'\r\n### The error may exist in file [F:\\Java20220823\\\\06-\\car\\code\\Wolfcode\\wolfcode-business\\target\\classes\\mapper\\BusStatementMapper.xml]\r\n### The error may involve cn.wolfcode.car.appointment.mapper.BusStatementMapper.insertBusStatement-Inline\r\n### The error occurred while setting parameters\r\n### SQL: insert into bus_statement          ( customer_name,             customer_phone,             actual_arrival_time,             license_plate,             car_series,             service_type,             appointment_id,             status,                                                                              create_time )           values ( ?,             ?,             ?,             ?,             ?,             ?,             ?,             ?,                                                                              ? )\r\n### Cause: java.sql.SQLIntegrityConstraintViolationException: Duplicate entry \'68\' for key \'maintenance_id\'\n; Duplicate entry \'68\' for key \'maintenance_id\'; nested exception is java.sql.SQLIntegrityConstraintViolationException: Duplicate entry \'68\' for key \'maintenance_id\'', '2023-01-05 15:32:37');
INSERT INTO `sys_oper_log` VALUES (276, '', 1, 'cn.wolfcode.car.appointment.controller.BusAppointmentController.generateStatement()', 'POST', 1, 'admin', NULL, '/appointment/appointment/generate/60', '127.0.0.1', 'IP', '60', '{\"msg\":\"\",\"code\":200,\"data\":85}', 0, NULL, '2023-01-05 15:37:43');
INSERT INTO `sys_oper_log` VALUES (277, '', 1, 'cn.wolfcode.car.appointment.controller.BusStatementItemController.pay()', 'POST', 1, 'admin', NULL, '/appointment/statementitem/pay', '127.0.0.1', 'IP', '{\"busStatementItems\":[{\"id\":46,\"itemId\":2,\"itemName\":\"\",\"itemPrice\":88,\"itemQuantity\":1,\"params\":{},\"statementId\":85},{\"id\":47,\"itemId\":6,\"itemName\":\"\",\"itemPrice\":500,\"itemQuantity\":1,\"params\":{},\"statementId\":85},{\"id\":48,\"itemId\":7,\"itemName\":\"\",\"itemPrice\":88,\"itemQuantity\":1,\"params\":{},\"statementId\":85},{\"id\":49,\"itemId\":10,\"itemName\":\"\",\"itemPrice\":199,\"itemQuantity\":1,\"params\":{},\"statementId\":85}],\"discountPrice\":0}', '{\"msg\":\"\",\"code\":200}', 0, NULL, '2023-01-05 15:37:54');
INSERT INTO `sys_oper_log` VALUES (278, '', 1, 'cn.wolfcode.car.appointment.controller.BusAppointmentController.generateStatement()', 'POST', 1, 'admin', NULL, '/appointment/appointment/generate/60', '127.0.0.1', 'IP', '60', NULL, 1, '\r\n### Error updating database.  Cause: java.sql.SQLIntegrityConstraintViolationException: Duplicate entry \'60\' for key \'maintenance_id\'\r\n### The error may exist in file [F:\\Java20220823\\\\06-\\car\\code\\Wolfcode\\wolfcode-business\\target\\classes\\mapper\\BusStatementMapper.xml]\r\n### The error may involve cn.wolfcode.car.appointment.mapper.BusStatementMapper.insertBusStatement-Inline\r\n### The error occurred while setting parameters\r\n### SQL: insert into bus_statement          ( customer_name,             customer_phone,             actual_arrival_time,             license_plate,             car_series,             service_type,             appointment_id,             status,                                                                              create_time,             info )           values ( ?,             ?,             ?,             ?,             ?,             ?,             ?,             ?,                                                                              ?,             ? )\r\n### Cause: java.sql.SQLIntegrityConstraintViolationException: Duplicate entry \'60\' for key \'maintenance_id\'\n; Duplicate entry \'60\' for key \'maintenance_id\'; nested exception is java.sql.SQLIntegrityConstraintViolationException: Duplicate entry \'60\' for key \'maintenance_id\'', '2023-01-05 15:38:17');
INSERT INTO `sys_oper_log` VALUES (279, '', 1, 'cn.wolfcode.car.appointment.controller.BusAppointmentController.generateStatement()', 'POST', 1, 'admin', NULL, '/appointment/appointment/generate/68', '127.0.0.1', 'IP', '68', '{\"msg\":\"\",\"code\":200,\"data\":68}', 0, NULL, '2023-01-05 15:38:23');
INSERT INTO `sys_oper_log` VALUES (280, '', 1, 'cn.wolfcode.car.appointment.controller.BusAppointmentController.generateStatement()', 'POST', 1, 'admin', NULL, '/appointment/appointment/generate/68', '127.0.0.1', 'IP', '68', '{\"msg\":\"\",\"code\":200,\"data\":68}', 0, NULL, '2023-01-05 15:38:40');
INSERT INTO `sys_oper_log` VALUES (281, '', 1, 'cn.wolfcode.car.appointment.controller.BusAppointmentController.generateStatement()', 'POST', 1, 'admin', NULL, '/appointment/appointment/generate/60', '127.0.0.1', 'IP', '60', NULL, 1, '\r\n### Error updating database.  Cause: java.sql.SQLIntegrityConstraintViolationException: Duplicate entry \'60\' for key \'maintenance_id\'\r\n### The error may exist in file [F:\\Java20220823\\\\06-\\car\\code\\Wolfcode\\wolfcode-business\\target\\classes\\mapper\\BusStatementMapper.xml]\r\n### The error may involve cn.wolfcode.car.appointment.mapper.BusStatementMapper.insertBusStatement-Inline\r\n### The error occurred while setting parameters\r\n### SQL: insert into bus_statement          ( customer_name,             customer_phone,             actual_arrival_time,             license_plate,             car_series,             service_type,             appointment_id,             status,                                                                              create_time,             info )           values ( ?,             ?,             ?,             ?,             ?,             ?,             ?,             ?,                                                                              ?,             ? )\r\n### Cause: java.sql.SQLIntegrityConstraintViolationException: Duplicate entry \'60\' for key \'maintenance_id\'\n; Duplicate entry \'60\' for key \'maintenance_id\'; nested exception is java.sql.SQLIntegrityConstraintViolationException: Duplicate entry \'60\' for key \'maintenance_id\'', '2023-01-05 15:38:50');
INSERT INTO `sys_oper_log` VALUES (282, '', 1, 'cn.wolfcode.car.appointment.controller.BusAppointmentController.add()', 'POST', 1, 'admin', NULL, '/appointment/appointment', '127.0.0.1', 'IP', '{\"appointmentTime\":\"2023-01-21 00:00:00\",\"carSeries\":\"\",\"customerName\":\"test\",\"customerPhone\":\"15922221111\",\"licensePlate\":\"A12221\",\"params\":{},\"serviceType\":0}', '{\"msg\":\"\",\"code\":200}', 0, NULL, '2023-01-05 15:39:43');
INSERT INTO `sys_oper_log` VALUES (283, '', 2, 'cn.wolfcode.car.appointment.controller.BusAppointmentController.arrive()', 'PUT', 1, 'admin', NULL, '/appointment/appointment/arrival/69', '127.0.0.1', 'IP', '69', '{\"msg\":\"\",\"code\":200}', 0, NULL, '2023-01-05 15:39:51');
INSERT INTO `sys_oper_log` VALUES (284, '', 1, 'cn.wolfcode.car.appointment.controller.BusAppointmentController.generateStatement()', 'POST', 1, 'admin', NULL, '/appointment/appointment/generate/69', '127.0.0.1', 'IP', '69', '{\"msg\":\"\",\"code\":200,\"data\":69}', 0, NULL, '2023-01-05 15:39:54');
INSERT INTO `sys_oper_log` VALUES (285, '', 1, 'cn.wolfcode.car.appointment.controller.BusAppointmentController.generateStatement()', 'POST', 1, 'admin', NULL, '/appointment/appointment/generate/69', '127.0.0.1', 'IP', '69', '{\"msg\":\"\",\"code\":200,\"data\":69}', 0, NULL, '2023-01-05 15:40:54');
INSERT INTO `sys_oper_log` VALUES (286, '', 1, 'cn.wolfcode.car.appointment.controller.BusAppointmentController.generateStatement()', 'POST', 1, 'admin', NULL, '/appointment/appointment/generate/69', '127.0.0.1', 'IP', '69', '{\"msg\":\"\",\"code\":200,\"data\":69}', 0, NULL, '2023-01-05 15:41:10');
INSERT INTO `sys_oper_log` VALUES (287, '', 1, 'cn.wolfcode.car.appointment.controller.BusAppointmentController.add()', 'POST', 1, 'admin', NULL, '/appointment/appointment', '127.0.0.1', 'IP', '{\"appointmentTime\":\"2023-01-27 00:00:00\",\"carSeries\":\"\",\"customerName\":\"\",\"customerPhone\":\"15918744221\",\"licensePlate\":\"A55522\",\"params\":{},\"serviceType\":2}', '{\"msg\":\"\",\"code\":200}', 0, NULL, '2023-01-05 15:48:19');
INSERT INTO `sys_oper_log` VALUES (288, '', 2, 'cn.wolfcode.car.appointment.controller.BusAppointmentController.arrive()', 'PUT', 1, 'admin', NULL, '/appointment/appointment/arrival/70', '127.0.0.1', 'IP', '70', '{\"msg\":\"\",\"code\":200}', 0, NULL, '2023-01-05 15:48:30');
INSERT INTO `sys_oper_log` VALUES (289, '', 1, 'cn.wolfcode.car.appointment.controller.BusAppointmentController.generateStatement()', 'POST', 1, 'admin', NULL, '/appointment/appointment/generate/70', '127.0.0.1', 'IP', '70', '{\"msg\":\"\",\"code\":200,\"data\":88}', 0, NULL, '2023-01-05 15:48:40');
INSERT INTO `sys_oper_log` VALUES (290, '', 1, 'cn.wolfcode.car.appointment.controller.BusStatementItemController.pay()', 'POST', 1, 'admin', NULL, '/appointment/statementitem/pay', '127.0.0.1', 'IP', '{\"busStatementItems\":[{\"id\":50,\"itemId\":2,\"itemName\":\"\",\"itemPrice\":88,\"itemQuantity\":2,\"params\":{},\"statementId\":88},{\"id\":51,\"itemId\":6,\"itemName\":\"\",\"itemPrice\":500,\"itemQuantity\":1,\"params\":{},\"statementId\":88},{\"id\":52,\"itemId\":7,\"itemName\":\"\",\"itemPrice\":88,\"itemQuantity\":1,\"params\":{},\"statementId\":88},{\"id\":53,\"itemId\":10,\"itemName\":\"\",\"itemPrice\":199,\"itemQuantity\":1,\"params\":{},\"statementId\":88}],\"discountPrice\":950}', '{\"msg\":\"\",\"code\":200}', 0, NULL, '2023-01-05 15:49:04');
INSERT INTO `sys_oper_log` VALUES (291, '', 1, 'cn.wolfcode.car.appointment.controller.BusAppointmentController.generateStatement()', 'POST', 1, 'admin', NULL, '/appointment/appointment/generate/70', '127.0.0.1', 'IP', '70', '{\"msg\":\"\",\"code\":200,\"data\":88}', 0, NULL, '2023-01-05 15:49:28');
INSERT INTO `sys_oper_log` VALUES (292, '', 1, 'cn.wolfcode.car.appointment.controller.BusAppointmentController.add()', 'POST', 1, 'admin', NULL, '/appointment/appointment', '127.0.0.1', 'IP', '{\"appointmentTime\":\"2023-01-28 00:00:00\",\"carSeries\":\"\",\"customerName\":\"\",\"customerPhone\":\"15922151142\",\"licensePlate\":\"A55221\",\"params\":{},\"serviceType\":1}', '{\"msg\":\"\",\"code\":200}', 0, NULL, '2023-01-05 15:50:58');
INSERT INTO `sys_oper_log` VALUES (293, '', 2, 'cn.wolfcode.car.appointment.controller.BusAppointmentController.arrive()', 'PUT', 1, 'admin', NULL, '/appointment/appointment/arrival/71', '127.0.0.1', 'IP', '71', '{\"msg\":\"\",\"code\":200}', 0, NULL, '2023-01-05 15:51:04');
INSERT INTO `sys_oper_log` VALUES (294, '', 1, 'cn.wolfcode.car.appointment.controller.BusAppointmentController.generateStatement()', 'POST', 1, 'admin', NULL, '/appointment/appointment/generate/71', '127.0.0.1', 'IP', '71', '{\"msg\":\"\",\"code\":200,\"data\":89}', 0, NULL, '2023-01-05 15:51:10');
INSERT INTO `sys_oper_log` VALUES (295, '', 1, 'cn.wolfcode.car.appointment.controller.BusStatementItemController.add()', 'POST', 1, 'admin', NULL, '/appointment/statementitem', '127.0.0.1', 'IP', '{\"busStatementItems\":[{\"id\":54,\"itemId\":2,\"itemName\":\"\",\"itemPrice\":88,\"itemQuantity\":1,\"params\":{},\"statementId\":89},{\"id\":55,\"itemId\":6,\"itemName\":\"\",\"itemPrice\":500,\"itemQuantity\":1,\"params\":{},\"statementId\":89},{\"id\":56,\"itemId\":7,\"itemName\":\"\",\"itemPrice\":88,\"itemQuantity\":1,\"params\":{},\"statementId\":89}],\"discountPrice\":0}', '{\"msg\":\"\",\"code\":200}', 0, NULL, '2023-01-05 15:51:14');
INSERT INTO `sys_oper_log` VALUES (296, '', 1, 'cn.wolfcode.car.appointment.controller.BusAppointmentController.add()', 'POST', 1, 'admin', NULL, '/appointment/appointment', '127.0.0.1', 'IP', '{\"appointmentTime\":\"2023-01-28 00:00:00\",\"carSeries\":\"\",\"customerName\":\"\",\"customerPhone\":\"15922211221\",\"licensePlate\":\"A22211\",\"params\":{},\"serviceType\":1}', '{\"msg\":\"\",\"code\":200}', 0, NULL, '2023-01-05 15:57:17');
INSERT INTO `sys_oper_log` VALUES (297, '', 2, 'cn.wolfcode.car.appointment.controller.BusAppointmentController.arrive()', 'PUT', 1, 'admin', NULL, '/appointment/appointment/arrival/72', '127.0.0.1', 'IP', '72', '{\"msg\":\"\",\"code\":200}', 0, NULL, '2023-01-05 15:57:26');
INSERT INTO `sys_oper_log` VALUES (298, '', 1, 'cn.wolfcode.car.appointment.controller.BusAppointmentController.generateStatement()', 'POST', 1, 'admin', NULL, '/appointment/appointment/generate/72', '127.0.0.1', 'IP', '72', '{\"msg\":\"\",\"code\":200,\"data\":90}', 0, NULL, '2023-01-05 15:57:29');
INSERT INTO `sys_oper_log` VALUES (299, '', 1, 'cn.wolfcode.car.appointment.controller.BusStatementItemController.add()', 'POST', 1, 'admin', NULL, '/appointment/statementitem', '127.0.0.1', 'IP', '{\"busStatementItems\":[{\"id\":57,\"itemId\":2,\"itemName\":\"\",\"itemPrice\":88,\"itemQuantity\":1,\"params\":{},\"statementId\":90},{\"id\":58,\"itemId\":6,\"itemName\":\"\",\"itemPrice\":500,\"itemQuantity\":1,\"params\":{},\"statementId\":90}],\"discountPrice\":0}', '{\"msg\":\"\",\"code\":200}', 0, NULL, '2023-01-05 15:57:32');
INSERT INTO `sys_oper_log` VALUES (300, '', 1, 'cn.wolfcode.car.appointment.controller.BusAppointmentController.generateStatement()', 'POST', 1, 'admin', NULL, '/appointment/appointment/generate/72', '127.0.0.1', 'IP', '72', '{\"msg\":\"\",\"code\":200,\"data\":90}', 0, NULL, '2023-01-05 15:57:49');
INSERT INTO `sys_oper_log` VALUES (301, '', 1, 'cn.wolfcode.car.appointment.controller.BusStatementItemController.add()', 'POST', 1, 'admin', NULL, '/appointment/statementitem', '127.0.0.1', 'IP', '{\"busStatementItems\":[{\"id\":59,\"itemId\":2,\"itemName\":\"\",\"itemPrice\":88,\"itemQuantity\":1,\"params\":{},\"statementId\":90},{\"id\":60,\"itemId\":6,\"itemName\":\"\",\"itemPrice\":500,\"itemQuantity\":1,\"params\":{},\"statementId\":90}],\"discountPrice\":500}', '{\"msg\":\"\",\"code\":200}', 0, NULL, '2023-01-05 15:57:57');
INSERT INTO `sys_oper_log` VALUES (302, '', 1, 'cn.wolfcode.car.appointment.controller.BusStatementItemController.pay()', 'POST', 1, 'admin', NULL, '/appointment/statementitem/pay', '127.0.0.1', 'IP', '{\"busStatementItems\":[{\"id\":61,\"itemId\":2,\"itemName\":\"\",\"itemPrice\":88,\"itemQuantity\":1,\"params\":{},\"statementId\":90},{\"id\":62,\"itemId\":6,\"itemName\":\"\",\"itemPrice\":500,\"itemQuantity\":1,\"params\":{},\"statementId\":90}],\"discountPrice\":500}', '{\"msg\":\"\",\"code\":200}', 0, NULL, '2023-01-05 15:57:57');
INSERT INTO `sys_oper_log` VALUES (303, '', 1, 'cn.wolfcode.car.appointment.controller.BusAppointmentController.generateStatement()', 'POST', 1, 'admin', NULL, '/appointment/appointment/generate/72', '127.0.0.1', 'IP', '72', '{\"msg\":\"\",\"code\":200,\"data\":90}', 0, NULL, '2023-01-05 15:58:11');
INSERT INTO `sys_oper_log` VALUES (304, '', 2, 'cn.wolfcode.car.web.controller.system.SysMenuController.edit()', 'PUT', 1, 'admin', NULL, '/system/menu', '127.0.0.1', 'IP', '{\"children\":[],\"createTime\":\"2022-12-24 10:03:11\",\"icon\":\"system\",\"isCache\":\"0\",\"isFrame\":\"1\",\"menuId\":1,\"menuName\":\"\",\"menuType\":\"M\",\"orderNum\":10,\"params\":{},\"parentId\":0,\"path\":\"system\",\"perms\":\"\",\"query\":\"\",\"status\":\"0\",\"updateBy\":\"admin\",\"visible\":\"0\"}', '{\"msg\":\"\",\"code\":200}', 0, NULL, '2023-01-05 16:34:23');
INSERT INTO `sys_oper_log` VALUES (305, '', 2, 'cn.wolfcode.car.web.controller.system.SysMenuController.edit()', 'PUT', 1, 'admin', NULL, '/system/menu', '127.0.0.1', 'IP', '{\"children\":[],\"createTime\":\"2022-12-24 10:03:11\",\"icon\":\"monitor\",\"isCache\":\"0\",\"isFrame\":\"1\",\"menuId\":2,\"menuName\":\"\",\"menuType\":\"M\",\"orderNum\":11,\"params\":{},\"parentId\":0,\"path\":\"monitor\",\"perms\":\"\",\"query\":\"\",\"status\":\"0\",\"updateBy\":\"admin\",\"visible\":\"0\"}', '{\"msg\":\"\",\"code\":200}', 0, NULL, '2023-01-05 16:34:32');
INSERT INTO `sys_oper_log` VALUES (306, '', 2, 'cn.wolfcode.car.web.controller.system.SysMenuController.edit()', 'PUT', 1, 'admin', NULL, '/system/menu', '127.0.0.1', 'IP', '{\"children\":[],\"createTime\":\"2022-12-24 10:03:11\",\"icon\":\"tool\",\"isCache\":\"0\",\"isFrame\":\"1\",\"menuId\":3,\"menuName\":\"\",\"menuType\":\"M\",\"orderNum\":12,\"params\":{},\"parentId\":0,\"path\":\"tool\",\"perms\":\"\",\"query\":\"\",\"status\":\"0\",\"updateBy\":\"admin\",\"visible\":\"0\"}', '{\"msg\":\"\",\"code\":200}', 0, NULL, '2023-01-05 16:34:48');
INSERT INTO `sys_oper_log` VALUES (307, '', 2, 'cn.wolfcode.car.web.controller.system.SysMenuController.edit()', 'PUT', 1, 'admin', NULL, '/system/menu', '127.0.0.1', 'IP', '{\"children\":[],\"createTime\":\"2022-12-24 10:03:11\",\"icon\":\"guide\",\"isCache\":\"0\",\"isFrame\":\"0\",\"menuId\":4,\"menuName\":\"\",\"menuType\":\"M\",\"orderNum\":13,\"params\":{},\"parentId\":0,\"path\":\"http://www.baidu.com\",\"perms\":\"\",\"query\":\"\",\"status\":\"0\",\"updateBy\":\"admin\",\"visible\":\"0\"}', '{\"msg\":\"\",\"code\":200}', 0, NULL, '2023-01-05 16:34:56');
INSERT INTO `sys_oper_log` VALUES (308, '', 1, 'cn.wolfcode.car.web.controller.system.SysMenuController.add()', 'POST', 1, 'admin', NULL, '/system/menu', '127.0.0.1', 'IP', '{\"children\":[],\"createBy\":\"admin\",\"icon\":\"documentation\",\"isCache\":\"0\",\"isFrame\":\"1\",\"menuName\":\"\",\"menuType\":\"M\",\"orderNum\":2,\"params\":{},\"parentId\":0,\"path\":\"/business\",\"status\":\"0\",\"visible\":\"0\"}', '{\"msg\":\"\",\"code\":200}', 0, NULL, '2023-01-05 16:36:43');
INSERT INTO `sys_oper_log` VALUES (309, '', 2, 'cn.wolfcode.car.web.controller.system.SysMenuController.edit()', 'PUT', 1, 'admin', NULL, '/system/menu', '127.0.0.1', 'IP', '{\"children\":[],\"createTime\":\"2023-01-05 16:36:43\",\"icon\":\"documentation\",\"isCache\":\"0\",\"isFrame\":\"1\",\"menuId\":2006,\"menuName\":\"\",\"menuType\":\"M\",\"orderNum\":2,\"params\":{},\"parentId\":0,\"path\":\"business\",\"perms\":\"\",\"status\":\"0\",\"updateBy\":\"admin\",\"visible\":\"0\"}', '{\"msg\":\"\",\"code\":200}', 0, NULL, '2023-01-05 16:36:54');
INSERT INTO `sys_oper_log` VALUES (310, '', 1, 'cn.wolfcode.car.web.controller.system.SysMenuController.add()', 'POST', 1, 'admin', NULL, '/system/menu', '127.0.0.1', 'IP', '{\"children\":[],\"component\":\"business/flowdefinition\",\"createBy\":\"admin\",\"isCache\":\"0\",\"isFrame\":\"1\",\"menuName\":\"\",\"menuType\":\"C\",\"orderNum\":0,\"params\":{},\"parentId\":2006,\"path\":\"flowdefinition\",\"status\":\"0\",\"visible\":\"0\"}', '{\"msg\":\"\",\"code\":200}', 0, NULL, '2023-01-05 16:38:19');
INSERT INTO `sys_oper_log` VALUES (311, '', 2, 'cn.wolfcode.car.web.controller.system.SysMenuController.edit()', 'PUT', 1, 'admin', NULL, '/system/menu', '127.0.0.1', 'IP', '{\"children\":[],\"createTime\":\"2023-01-05 16:36:43\",\"icon\":\"documentation\",\"isCache\":\"0\",\"isFrame\":\"1\",\"menuId\":2006,\"menuName\":\"\",\"menuType\":\"M\",\"orderNum\":2,\"params\":{},\"parentId\":0,\"path\":\"business_flow\",\"perms\":\"\",\"status\":\"0\",\"updateBy\":\"admin\",\"visible\":\"0\"}', '{\"msg\":\"\",\"code\":200}', 0, NULL, '2023-01-05 16:39:25');
INSERT INTO `sys_oper_log` VALUES (312, '', 2, 'cn.wolfcode.car.web.controller.system.SysMenuController.edit()', 'PUT', 1, 'admin', NULL, '/system/menu', '127.0.0.1', 'IP', '{\"children\":[],\"component\":\"business/flowdefinition/index\",\"createTime\":\"2023-01-05 16:38:19\",\"icon\":\"#\",\"isCache\":\"0\",\"isFrame\":\"1\",\"menuId\":2007,\"menuName\":\"\",\"menuType\":\"C\",\"orderNum\":0,\"params\":{},\"parentId\":2006,\"path\":\"flowdefinition\",\"perms\":\"\",\"status\":\"0\",\"updateBy\":\"admin\",\"visible\":\"0\"}', '{\"msg\":\"\",\"code\":200}', 0, NULL, '2023-01-05 16:40:35');
INSERT INTO `sys_oper_log` VALUES (313, '', 6, 'cn.wolfcode.car.generator.controller.GenController.importTableSave()', 'POST', 1, 'admin', NULL, '/tool/gen/importTable', '127.0.0.1', 'IP', 'bus_bpmn_info', '{\"msg\":\"\",\"code\":200}', 0, NULL, '2023-01-05 16:42:53');
INSERT INTO `sys_oper_log` VALUES (314, '', 3, 'cn.wolfcode.car.generator.controller.GenController.remove()', 'DELETE', 1, 'admin', NULL, '/tool/gen/9', '127.0.0.1', 'IP', '{tableIds=9}', '{\"msg\":\"\",\"code\":200}', 0, NULL, '2023-01-05 16:43:11');
INSERT INTO `sys_oper_log` VALUES (315, '', 6, 'cn.wolfcode.car.generator.controller.GenController.importTableSave()', 'POST', 1, 'admin', NULL, '/tool/gen/importTable', '127.0.0.1', 'IP', 'bus_bpmn_info', '{\"msg\":\"\",\"code\":200}', 0, NULL, '2023-01-05 16:44:25');
INSERT INTO `sys_oper_log` VALUES (316, '', 1, 'cn.wolfcode.car.web.controller.system.SysDictTypeController.add()', 'POST', 1, 'admin', NULL, '/system/dict/type', '127.0.0.1', 'IP', '{\"createBy\":\"admin\",\"dictName\":\"\",\"dictType\":\"flow_audit_type\",\"params\":{},\"remark\":\"\",\"status\":\"0\"}', '{\"msg\":\"\",\"code\":200}', 0, NULL, '2023-01-05 17:12:33');
INSERT INTO `sys_oper_log` VALUES (317, '', 2, 'cn.wolfcode.car.web.controller.system.SysDictTypeController.edit()', 'PUT', 1, 'admin', NULL, '/system/dict/type', '127.0.0.1', 'IP', '{\"createBy\":\"admin\",\"createTime\":\"2023-01-05 17:12:33\",\"dictId\":107,\"dictName\":\"\",\"dictType\":\"bus_flow_type\",\"params\":{},\"remark\":\"\",\"status\":\"0\",\"updateBy\":\"admin\"}', '{\"msg\":\"\",\"code\":200}', 0, NULL, '2023-01-05 17:12:54');
INSERT INTO `sys_oper_log` VALUES (318, '', 1, 'cn.wolfcode.car.web.controller.system.SysDictDataController.add()', 'POST', 1, 'admin', NULL, '/system/dict/data', '127.0.0.1', 'IP', '{\"createBy\":\"admin\",\"dictLabel\":\"\",\"dictSort\":0,\"dictType\":\"bus_flow_type\",\"dictValue\":\"0\",\"listClass\":\"default\",\"params\":{},\"status\":\"0\"}', '{\"msg\":\"\",\"code\":200}', 0, NULL, '2023-01-05 17:13:14');
INSERT INTO `sys_oper_log` VALUES (319, '', 2, 'cn.wolfcode.car.appointment.controller.BusAppointmentController.arrive()', 'PUT', 1, 'admin', NULL, '/appointment/appointment/arrival/61', '127.0.0.1', 'IP', '61', '{\"msg\":\"\",\"code\":200}', 0, NULL, '2023-01-07 09:11:04');
INSERT INTO `sys_oper_log` VALUES (320, '', 1, 'cn.wolfcode.car.appointment.controller.BusAppointmentController.generateStatement()', 'POST', 1, 'admin', NULL, '/appointment/appointment/generate/61', '127.0.0.1', 'IP', '61', '{\"msg\":\"\",\"code\":200,\"data\":91}', 0, NULL, '2023-01-07 09:11:25');
INSERT INTO `sys_oper_log` VALUES (321, '', 1, 'cn.wolfcode.car.appointment.controller.BusAppointmentController.generateStatement()', 'POST', 1, 'admin', NULL, '/appointment/appointment/generate/61', '127.0.0.1', 'IP', '61', '{\"msg\":\"\",\"code\":200,\"data\":91}', 0, NULL, '2023-01-07 09:11:39');
INSERT INTO `sys_oper_log` VALUES (322, '', 1, 'cn.wolfcode.car.flowdefinition.controller.BusBpmnInfoController.add()', 'POST', 1, 'admin', NULL, '/flowdefinition/info', '127.0.0.1', 'IP', '{\"bpmnType\":0,\"id\":119,\"info\":\"3000\",\"params\":{}}', '{\"msg\":\"\",\"code\":200}', 0, NULL, '2023-01-07 11:59:31');
INSERT INTO `sys_oper_log` VALUES (323, '', 1, 'cn.wolfcode.car.flowdefinition.controller.BusBpmnInfoController.add()', 'POST', 1, 'admin', NULL, '/flowdefinition/info', '127.0.0.1', 'IP', '{\"bpmnType\":0,\"id\":1,\"info\":\"3000\",\"params\":{}}', '{\"msg\":\"\",\"code\":200}', 0, NULL, '2023-01-07 14:07:28');
INSERT INTO `sys_oper_log` VALUES (324, '', 1, 'cn.wolfcode.car.flowdefinition.controller.BusBpmnInfoController.add()', 'POST', 1, 'admin', NULL, '/flowdefinition/info', '127.0.0.1', 'IP', '{\"bpmnType\":0,\"id\":2,\"info\":\"3000\",\"params\":{}}', '{\"msg\":\"\",\"code\":200}', 0, NULL, '2023-01-07 14:08:38');
INSERT INTO `sys_oper_log` VALUES (325, '', 1, 'cn.wolfcode.car.flowdefinition.controller.BusBpmnInfoController.deploy()', 'POST', 1, 'admin', NULL, '/flowdefinition/info/deploy', '127.0.0.1', 'IP', 'bus_service_car_package.bpmn 0 3000', '{\"msg\":\"\",\"code\":200}', 0, NULL, '2023-01-07 14:13:25');
INSERT INTO `sys_oper_log` VALUES (326, '', 1, 'cn.wolfcode.car.flowdefinition.controller.BusBpmnInfoController.deploy()', 'POST', 1, 'admin', NULL, '/flowdefinition/info/deploy', '127.0.0.1', 'IP', 'bus_service_car_package4000.bpmn 0 4000', '{\"msg\":\"\",\"code\":200}', 0, NULL, '2023-01-07 14:14:13');
INSERT INTO `sys_oper_log` VALUES (327, '', 1, 'cn.wolfcode.car.flowdefinition.controller.BusBpmnInfoController.deploy()', 'POST', 1, 'admin', NULL, '/flowdefinition/info/deploy', '127.0.0.1', 'IP', 'bus_service_car_package.bpmn 0 3000', '{\"msg\":\"\",\"code\":200}', 0, NULL, '2023-01-07 14:18:41');
INSERT INTO `sys_oper_log` VALUES (328, '', 1, 'cn.wolfcode.car.flowdefinition.controller.BusBpmnInfoController.deploy()', 'POST', 1, 'admin', NULL, '/flowdefinition/info/deploy', '127.0.0.1', 'IP', 'bus_service_car_package.bpmn 0 3000', '{\"msg\":\"\",\"code\":200}', 0, NULL, '2023-01-07 14:19:10');
INSERT INTO `sys_oper_log` VALUES (329, '', 3, 'cn.wolfcode.car.flowdefinition.controller.BusBpmnInfoController.remove()', 'DELETE', 1, 'admin', NULL, '/flowdefinition/info/6', '127.0.0.1', 'IP', '{id=6}', '{\"msg\":\"\",\"code\":200}', 0, NULL, '2023-01-07 15:57:56');
INSERT INTO `sys_oper_log` VALUES (330, '', 3, 'cn.wolfcode.car.flowdefinition.controller.BusBpmnInfoController.remove()', 'DELETE', 1, 'admin', NULL, '/flowdefinition/info/5', '127.0.0.1', 'IP', '{id=5}', NULL, 1, 'key is null', '2023-01-07 15:58:32');
INSERT INTO `sys_oper_log` VALUES (331, '', 1, 'cn.wolfcode.car.flowdefinition.controller.BusBpmnInfoController.deploy()', 'POST', 1, 'admin', NULL, '/flowdefinition/info/deploy', '127.0.0.1', 'IP', 'bus_service_car_package.bpmn 0 3000', '{\"msg\":\"\",\"code\":200}', 0, NULL, '2023-01-07 15:59:02');
INSERT INTO `sys_oper_log` VALUES (332, '', 3, 'cn.wolfcode.car.flowdefinition.controller.BusBpmnInfoController.remove()', 'DELETE', 1, 'admin', NULL, '/flowdefinition/info/7', '127.0.0.1', 'IP', '{id=7}', '{\"msg\":\"\",\"code\":200}', 0, NULL, '2023-01-07 15:59:11');
INSERT INTO `sys_oper_log` VALUES (333, '', 1, 'cn.wolfcode.car.flowdefinition.controller.BusBpmnInfoController.deploy()', 'POST', 1, 'admin', NULL, '/flowdefinition/info/deploy', '127.0.0.1', 'IP', 'bus_service_car_package.bpmn 0 3000', '{\"msg\":\"\",\"code\":200}', 0, NULL, '2023-01-07 16:00:00');
INSERT INTO `sys_oper_log` VALUES (334, '', 1, 'cn.wolfcode.car.web.controller.system.SysMenuController.add()', 'POST', 1, 'admin', NULL, '/system/menu', '127.0.0.1', 'IP', '{\"children\":[],\"createBy\":\"admin\",\"icon\":\"monitor\",\"isCache\":\"0\",\"isFrame\":\"1\",\"menuName\":\"\",\"menuType\":\"M\",\"orderNum\":1,\"params\":{},\"parentId\":0,\"path\":\"package\",\"status\":\"0\",\"visible\":\"0\"}', '{\"msg\":\"\",\"code\":200}', 0, NULL, '2023-01-07 16:56:37');
INSERT INTO `sys_oper_log` VALUES (335, '', 2, 'cn.wolfcode.car.web.controller.system.SysMenuController.edit()', 'PUT', 1, 'admin', NULL, '/system/menu', '127.0.0.1', 'IP', '{\"children\":[],\"createTime\":\"2023-01-07 16:56:37\",\"icon\":\"monitor\",\"isCache\":\"0\",\"isFrame\":\"1\",\"menuId\":2008,\"menuName\":\"\",\"menuType\":\"M\",\"orderNum\":1,\"params\":{},\"parentId\":0,\"path\":\"business_package\",\"perms\":\"\",\"status\":\"0\",\"updateBy\":\"admin\",\"visible\":\"0\"}', '{\"msg\":\"\",\"code\":200}', 0, NULL, '2023-01-07 16:57:10');
INSERT INTO `sys_oper_log` VALUES (336, '', 1, 'cn.wolfcode.car.web.controller.system.SysMenuController.add()', 'POST', 1, 'admin', NULL, '/system/menu', '127.0.0.1', 'IP', '{\"children\":[],\"component\":\"business/package_audit/index\",\"createBy\":\"admin\",\"isCache\":\"0\",\"isFrame\":\"1\",\"menuName\":\"\",\"menuType\":\"C\",\"orderNum\":0,\"params\":{},\"parentId\":2008,\"path\":\"info\",\"perms\":\"business:package_audit\",\"status\":\"0\",\"visible\":\"0\"}', '{\"msg\":\"\",\"code\":200}', 0, NULL, '2023-01-07 16:58:35');
INSERT INTO `sys_oper_log` VALUES (337, '', 1, 'cn.wolfcode.car.web.controller.system.SysMenuController.add()', 'POST', 1, 'admin', NULL, '/system/menu', '127.0.0.1', 'IP', '{\"children\":[],\"component\":\"business/package_audit//indextodo\",\"createBy\":\"admin\",\"isCache\":\"0\",\"isFrame\":\"1\",\"menuName\":\"\",\"menuType\":\"C\",\"orderNum\":1,\"params\":{},\"parentId\":2008,\"path\":\"todo\",\"perms\":\"business:package_audit:todo\",\"status\":\"0\",\"visible\":\"0\"}', '{\"msg\":\"\",\"code\":200}', 0, NULL, '2023-01-07 16:59:58');
INSERT INTO `sys_oper_log` VALUES (338, '', 2, 'cn.wolfcode.car.web.controller.system.SysMenuController.edit()', 'PUT', 1, 'admin', NULL, '/system/menu', '127.0.0.1', 'IP', '{\"children\":[],\"component\":\"business/package_audit/todo/index\",\"createTime\":\"2023-01-07 16:59:58\",\"icon\":\"#\",\"isCache\":\"0\",\"isFrame\":\"1\",\"menuId\":2010,\"menuName\":\"\",\"menuType\":\"C\",\"orderNum\":1,\"params\":{},\"parentId\":2008,\"path\":\"todo\",\"perms\":\"business:package_audit:todo\",\"status\":\"0\",\"updateBy\":\"admin\",\"visible\":\"0\"}', '{\"msg\":\"\",\"code\":200}', 0, NULL, '2023-01-07 17:00:24');
INSERT INTO `sys_oper_log` VALUES (339, '', 1, 'cn.wolfcode.car.web.controller.system.SysMenuController.add()', 'POST', 1, 'admin', NULL, '/system/menu', '127.0.0.1', 'IP', '{\"children\":[],\"component\":\"business/package_audit/done/index\",\"createBy\":\"admin\",\"isCache\":\"0\",\"isFrame\":\"1\",\"menuName\":\"\",\"menuType\":\"C\",\"orderNum\":2,\"params\":{},\"parentId\":2008,\"path\":\"done\",\"perms\":\"business:package_audit:done\",\"status\":\"0\",\"visible\":\"0\"}', '{\"msg\":\"\",\"code\":200}', 0, NULL, '2023-01-07 17:01:17');
INSERT INTO `sys_oper_log` VALUES (340, '', 6, 'cn.wolfcode.car.generator.controller.GenController.importTableSave()', 'POST', 1, 'admin', NULL, '/tool/gen/importTable', '127.0.0.1', 'IP', 'bus_car_package_audit', '{\"msg\":\"\",\"code\":200}', 0, NULL, '2023-01-07 17:04:12');
INSERT INTO `sys_oper_log` VALUES (341, '', 3, 'cn.wolfcode.car.generator.controller.GenController.remove()', 'DELETE', 1, 'admin', NULL, '/tool/gen/11', '127.0.0.1', 'IP', '{tableIds=11}', '{\"msg\":\"\",\"code\":200}', 0, NULL, '2023-01-07 17:05:09');
INSERT INTO `sys_oper_log` VALUES (342, '', 6, 'cn.wolfcode.car.generator.controller.GenController.importTableSave()', 'POST', 1, 'admin', NULL, '/tool/gen/importTable', '127.0.0.1', 'IP', 'bus_car_package_audit', '{\"msg\":\"\",\"code\":200}', 0, NULL, '2023-01-07 17:05:13');
INSERT INTO `sys_oper_log` VALUES (343, '', 1, 'cn.wolfcode.car.web.controller.system.SysDictTypeController.add()', 'POST', 1, 'admin', NULL, '/system/dict/type', '127.0.0.1', 'IP', '{\"createBy\":\"admin\",\"dictName\":\"\",\"dictType\":\"bus_package_audit_type\",\"params\":{},\"remark\":\"\",\"status\":\"0\"}', '{\"msg\":\"\",\"code\":200}', 0, NULL, '2023-01-08 09:43:10');
INSERT INTO `sys_oper_log` VALUES (344, '', 1, 'cn.wolfcode.car.web.controller.system.SysDictDataController.add()', 'POST', 1, 'admin', NULL, '/system/dict/data', '127.0.0.1', 'IP', '{\"createBy\":\"admin\",\"dictLabel\":\"\",\"dictSort\":0,\"dictType\":\"bus_package_audit_type\",\"dictValue\":\"0\",\"listClass\":\"default\",\"params\":{},\"remark\":\"\",\"status\":\"0\"}', '{\"msg\":\"\",\"code\":200}', 0, NULL, '2023-01-08 09:43:33');
INSERT INTO `sys_oper_log` VALUES (345, '', 1, 'cn.wolfcode.car.web.controller.system.SysDictDataController.add()', 'POST', 1, 'admin', NULL, '/system/dict/data', '127.0.0.1', 'IP', '{\"createBy\":\"admin\",\"dictLabel\":\"\",\"dictSort\":1,\"dictType\":\"bus_package_audit_type\",\"dictValue\":\"1\",\"listClass\":\"default\",\"params\":{},\"remark\":\"\",\"status\":\"0\"}', '{\"msg\":\"\",\"code\":200}', 0, NULL, '2023-01-08 09:43:53');
INSERT INTO `sys_oper_log` VALUES (346, '', 1, 'cn.wolfcode.car.web.controller.system.SysDictDataController.add()', 'POST', 1, 'admin', NULL, '/system/dict/data', '127.0.0.1', 'IP', '{\"createBy\":\"admin\",\"dictLabel\":\"\",\"dictSort\":2,\"dictType\":\"bus_package_audit_type\",\"dictValue\":\"2\",\"listClass\":\"default\",\"params\":{},\"remark\":\"\",\"status\":\"0\"}', '{\"msg\":\"\",\"code\":200}', 0, NULL, '2023-01-08 09:44:10');
INSERT INTO `sys_oper_log` VALUES (347, '', 1, 'cn.wolfcode.car.web.controller.system.SysDictDataController.add()', 'POST', 1, 'admin', NULL, '/system/dict/data', '127.0.0.1', 'IP', '{\"createBy\":\"admin\",\"dictLabel\":\"\",\"dictSort\":0,\"dictType\":\"bus_package_audit_type\",\"dictValue\":\"3\",\"listClass\":\"default\",\"params\":{},\"remark\":\"\",\"status\":\"0\"}', '{\"msg\":\"\",\"code\":200}', 0, NULL, '2023-01-08 09:44:25');
INSERT INTO `sys_oper_log` VALUES (348, '', 2, 'cn.wolfcode.car.web.controller.system.SysDictDataController.edit()', 'PUT', 1, 'admin', NULL, '/system/dict/data', '127.0.0.1', 'IP', '{\"createBy\":\"admin\",\"createTime\":\"2023-01-08 09:44:25\",\"dictCode\":126,\"dictLabel\":\"\",\"dictSort\":3,\"dictType\":\"bus_package_audit_type\",\"dictValue\":\"3\",\"isDefault\":\"N\",\"listClass\":\"default\",\"params\":{},\"remark\":\"\",\"status\":\"0\",\"updateBy\":\"admin\"}', '{\"msg\":\"\",\"code\":200}', 0, NULL, '2023-01-08 09:45:30');
INSERT INTO `sys_oper_log` VALUES (349, '', 1, 'cn.wolfcode.car.web.controller.system.SysRoleController.add()', 'POST', 1, 'admin', NULL, '/system/role', '127.0.0.1', 'IP', '{\"admin\":false,\"createBy\":\"admin\",\"deptCheckStrictly\":true,\"deptIds\":[],\"flag\":false,\"menuCheckStrictly\":true,\"menuIds\":[2001,2002,2004,2005,2008,2009,2010,2011],\"params\":{},\"roleId\":3,\"roleKey\":\"shopowner\",\"roleName\":\"\",\"roleSort\":\"0\",\"status\":\"0\"}', '{\"msg\":\"\",\"code\":200}', 0, NULL, '2023-01-08 10:36:30');
INSERT INTO `sys_oper_log` VALUES (350, '', 2, 'cn.wolfcode.car.web.controller.system.SysRoleController.edit()', 'PUT', 1, 'admin', NULL, '/system/role', '127.0.0.1', 'IP', '{\"admin\":false,\"createTime\":\"2023-01-08 10:36:30\",\"dataScope\":\"1\",\"delFlag\":\"0\",\"deptCheckStrictly\":true,\"flag\":false,\"menuCheckStrictly\":true,\"menuIds\":[2001,2002,2004,2005,2008,2009,2010,2011],\"params\":{},\"roleId\":3,\"roleKey\":\"shopowner\",\"roleName\":\"\",\"roleSort\":\"3\",\"status\":\"0\",\"updateBy\":\"admin\"}', '{\"msg\":\"\",\"code\":200}', 0, NULL, '2023-01-08 10:36:44');
INSERT INTO `sys_oper_log` VALUES (351, '', 1, 'cn.wolfcode.car.web.controller.system.SysRoleController.add()', 'POST', 1, 'admin', NULL, '/system/role', '127.0.0.1', 'IP', '{\"admin\":false,\"createBy\":\"admin\",\"deptCheckStrictly\":true,\"deptIds\":[],\"flag\":false,\"menuCheckStrictly\":true,\"menuIds\":[2008,2009,2010,2011],\"params\":{},\"roleId\":4,\"roleKey\":\"finance\",\"roleName\":\"\",\"roleSort\":\"4\",\"status\":\"0\"}', '{\"msg\":\"\",\"code\":200}', 0, NULL, '2023-01-08 10:38:34');
INSERT INTO `sys_oper_log` VALUES (352, '', 1, 'cn.wolfcode.car.web.controller.system.SysUserController.add()', 'POST', 1, 'admin', NULL, '/system/user', '127.0.0.1', 'IP', '{\"admin\":false,\"createBy\":\"admin\",\"deptId\":100,\"nickName\":\"dianzhang\",\"params\":{},\"password\":\"$2a$10$csFGJBvgyeIvH.KpktWmP.B36X3HjSQv6ed5g/Fru12kNkM6kIfmC\",\"phonenumber\":\"\",\"postIds\":[4],\"remark\":\"\",\"roleIds\":[3],\"sex\":\"2\",\"status\":\"0\",\"userId\":103,\"userName\":\"dianzhang\"}', '{\"msg\":\"\",\"code\":200}', 0, NULL, '2023-01-08 10:41:43');
INSERT INTO `sys_oper_log` VALUES (353, '', 1, 'cn.wolfcode.car.web.controller.system.SysUserController.add()', 'POST', 1, 'admin', NULL, '/system/user', '127.0.0.1', 'IP', '{\"admin\":false,\"createBy\":\"admin\",\"deptId\":100,\"nickName\":\"caiwu\",\"params\":{},\"password\":\"$2a$10$/Pq3VIxeLDdnX8rWoO0lgeqBe1tjAHKVsqgdCcyuMRG7oGkMnSt.C\",\"postIds\":[4],\"remark\":\"\",\"roleIds\":[4],\"sex\":\"1\",\"status\":\"0\",\"userId\":104,\"userName\":\"caiwu\"}', '{\"msg\":\"\",\"code\":200}', 0, NULL, '2023-01-08 10:42:29');
INSERT INTO `sys_oper_log` VALUES (354, '', 2, 'cn.wolfcode.car.web.controller.system.SysMenuController.edit()', 'PUT', 1, 'admin', NULL, '/system/menu', '127.0.0.1', 'IP', '{\"children\":[],\"component\":\"business/appointment/index\",\"createTime\":\"2022-12-27 11:41:35\",\"icon\":\"#\",\"isCache\":\"0\",\"isFrame\":\"1\",\"menuId\":2002,\"menuName\":\"\",\"menuType\":\"C\",\"orderNum\":0,\"params\":{},\"parentId\":2001,\"path\":\"appointment\",\"perms\":\"appointment:appointment:list\",\"status\":\"0\",\"updateBy\":\"admin\",\"visible\":\"0\"}', '{\"msg\":\"\",\"code\":200}', 0, NULL, '2023-01-08 10:46:35');
INSERT INTO `sys_oper_log` VALUES (355, '', 2, 'cn.wolfcode.car.web.controller.system.SysMenuController.edit()', 'PUT', 1, 'admin', NULL, '/system/menu', '127.0.0.1', 'IP', '{\"children\":[],\"component\":\"business/appointment/index\",\"createTime\":\"2022-12-27 11:41:35\",\"icon\":\"#\",\"isCache\":\"0\",\"isFrame\":\"1\",\"menuId\":2002,\"menuName\":\"\",\"menuType\":\"C\",\"orderNum\":0,\"params\":{},\"parentId\":2001,\"path\":\"appointment\",\"perms\":\"appointment:appointment:list\",\"status\":\"0\",\"updateBy\":\"admin\",\"visible\":\"0\"}', '{\"msg\":\"\",\"code\":200}', 0, NULL, '2023-01-08 10:46:44');
INSERT INTO `sys_oper_log` VALUES (356, '', 1, 'cn.wolfcode.car.web.controller.system.SysMenuController.add()', 'POST', 1, 'admin', NULL, '/system/menu', '127.0.0.1', 'IP', '{\"children\":[],\"createBy\":\"admin\",\"isCache\":\"0\",\"isFrame\":\"1\",\"menuName\":\"\",\"menuType\":\"F\",\"orderNum\":0,\"params\":{},\"parentId\":2002,\"perms\":\"appointment:appointment:add\",\"status\":\"0\",\"visible\":\"0\"}', '{\"msg\":\"\",\"code\":200}', 0, NULL, '2023-01-08 11:07:10');
INSERT INTO `sys_oper_log` VALUES (357, '', 2, 'cn.wolfcode.car.web.controller.system.SysMenuController.edit()', 'PUT', 1, 'admin', NULL, '/system/menu', '127.0.0.1', 'IP', '{\"children\":[],\"createTime\":\"2023-01-08 11:07:10\",\"icon\":\"#\",\"isCache\":\"0\",\"isFrame\":\"1\",\"menuId\":2012,\"menuName\":\"\",\"menuType\":\"F\",\"orderNum\":0,\"params\":{},\"parentId\":2002,\"path\":\"\",\"perms\":\"appointment:appointment:add\",\"status\":\"0\",\"updateBy\":\"admin\",\"visible\":\"0\"}', '{\"msg\":\"\",\"code\":200}', 0, NULL, '2023-01-08 11:09:27');
INSERT INTO `sys_oper_log` VALUES (358, '', 2, 'cn.wolfcode.car.web.controller.system.SysRoleController.edit()', 'PUT', 1, 'admin', NULL, '/system/role', '127.0.0.1', 'IP', '{\"admin\":false,\"createTime\":\"2023-01-08 10:36:30\",\"dataScope\":\"1\",\"delFlag\":\"0\",\"deptCheckStrictly\":true,\"flag\":false,\"menuCheckStrictly\":true,\"menuIds\":[2001,2002,2012,2004,2005,2008,2009,2010,2011],\"params\":{},\"roleId\":3,\"roleKey\":\"shopowner\",\"roleName\":\"\",\"roleSort\":\"3\",\"status\":\"0\",\"updateBy\":\"admin\"}', '{\"msg\":\"\",\"code\":200}', 0, NULL, '2023-01-08 11:10:13');
INSERT INTO `sys_oper_log` VALUES (359, '', 2, 'cn.wolfcode.car.web.controller.system.SysMenuController.edit()', 'PUT', 1, 'admin', NULL, '/system/menu', '127.0.0.1', 'IP', '{\"children\":[],\"component\":\"business/package_audit/index\",\"createTime\":\"2023-01-07 16:58:35\",\"icon\":\"#\",\"isCache\":\"0\",\"isFrame\":\"1\",\"menuId\":2009,\"menuName\":\"\",\"menuType\":\"C\",\"orderNum\":0,\"params\":{},\"parentId\":2008,\"path\":\"info\",\"perms\":\"audit:audit:list\",\"status\":\"0\",\"updateBy\":\"admin\",\"visible\":\"0\"}', '{\"msg\":\"\",\"code\":200}', 0, NULL, '2023-01-08 11:13:55');
INSERT INTO `sys_oper_log` VALUES (360, '', 5, 'cn.wolfcode.car.appointment.controller.BusServiceItemController.export()', 'POST', 1, 'admin', NULL, '/appointment/item/export', '127.0.0.1', 'IP', '{\"params\":{}}', NULL, 0, NULL, '2023-01-08 14:12:27');
INSERT INTO `sys_oper_log` VALUES (361, '', 2, 'cn.wolfcode.car.appointment.controller.BusServiceItemController.edit()', 'PUT', 1, 'admin', NULL, '/appointment/item', '127.0.0.1', 'IP', '{\"carPackage\":1,\"createTime\":\"2022-12-30 17:28:28\",\"discountPrice\":2000,\"id\":34,\"info\":\"168\",\"name\":\"168\",\"originalPrice\":5000,\"params\":{},\"serviceCatalog\":1}', '{\"msg\":\"\",\"code\":200}', 0, NULL, '2023-01-08 14:35:01');
INSERT INTO `sys_oper_log` VALUES (362, '', 2, 'cn.wolfcode.car.appointment.controller.BusServiceItemController.edit()', 'PUT', 1, 'admin', NULL, '/appointment/item', '127.0.0.1', 'IP', '{\"carPackage\":1,\"createTime\":\"2022-12-30 17:28:28\",\"discountPrice\":3000,\"id\":34,\"info\":\"168\",\"name\":\"168\",\"originalPrice\":5000,\"params\":{},\"serviceCatalog\":1}', '{\"msg\":\"\",\"code\":200}', 0, NULL, '2023-01-08 14:35:09');
INSERT INTO `sys_oper_log` VALUES (363, '', 1, 'cn.wolfcode.car.appointment.controller.BusServiceItemController.add()', 'POST', 1, 'admin', NULL, '/appointment/item', '127.0.0.1', 'IP', '{\"carPackage\":1,\"discountPrice\":99,\"info\":\"9999\",\"name\":\"9999\",\"originalPrice\":9999,\"params\":{},\"serviceCatalog\":1}', '{\"msg\":\"\",\"code\":200}', 0, NULL, '2023-01-08 14:36:46');
INSERT INTO `sys_oper_log` VALUES (364, '', 1, 'cn.wolfcode.car.flowdefinition.controller.BusBpmnInfoController.deploy()', 'POST', 1, 'admin', NULL, '/flowdefinition/info/deploy', '127.0.0.1', 'IP', 'bus_service_car_package4000.bpmn 0 4000', '{\"msg\":\"\",\"code\":200}', 0, NULL, '2023-01-08 15:32:54');
INSERT INTO `sys_oper_log` VALUES (365, '', 1, 'cn.wolfcode.car.appointment.controller.BusServiceItemController.add()', 'POST', 1, 'admin', NULL, '/appointment/item', '127.0.0.1', 'IP', '{\"carPackage\":1,\"discountPrice\":6666,\"info\":\"8888\",\"name\":\"8888\",\"originalPrice\":8888,\"params\":{},\"serviceCatalog\":1}', '{\"msg\":\"\",\"code\":200}', 0, NULL, '2023-01-08 15:33:46');
INSERT INTO `sys_oper_log` VALUES (366, '', 1, 'cn.wolfcode.car.flowdefinition.controller.BusBpmnInfoController.deploy()', 'POST', 1, 'admin', NULL, '/flowdefinition/info/deploy', '127.0.0.1', 'IP', 'bus_service_car_package.bpmn 0 3000', '{\"msg\":\"\",\"code\":200}', 0, NULL, '2023-01-08 15:34:26');
INSERT INTO `sys_oper_log` VALUES (367, '', 1, 'cn.wolfcode.car.appointment.controller.BusServiceItemController.startAudit()', 'POST', 1, 'admin', NULL, '/appointment/item/startAudit', '127.0.0.1', 'IP', '{\"financeId\":104,\"info\":\"8888\",\"serviceItemId\":37,\"shopOwnerId\":103}', '{\"msg\":\"\",\"code\":200}', 0, NULL, '2023-01-08 17:27:34');
INSERT INTO `sys_oper_log` VALUES (368, '', 1, 'cn.wolfcode.car.appointment.controller.BusServiceItemController.startAudit()', 'POST', 1, 'admin', NULL, '/appointment/item/startAudit', '127.0.0.1', 'IP', '{\"info\":\"9999\",\"serviceItemId\":36,\"shopOwnerId\":103}', '{\"msg\":\"\",\"code\":200}', 0, NULL, '2023-01-08 17:30:46');
INSERT INTO `sys_oper_log` VALUES (369, '', 2, 'cn.wolfcode.car.web.controller.system.SysMenuController.edit()', 'PUT', 1, 'admin', NULL, '/system/menu', '127.0.0.1', 'IP', '{\"children\":[],\"component\":\"business/package_audit/todo/index\",\"createTime\":\"2023-01-07 16:59:58\",\"icon\":\"#\",\"isCache\":\"0\",\"isFrame\":\"1\",\"menuId\":2010,\"menuName\":\"\",\"menuType\":\"C\",\"orderNum\":1,\"params\":{},\"parentId\":2008,\"path\":\"todo\",\"perms\":\"audit:audit:todoQuery\",\"status\":\"0\",\"updateBy\":\"admin\",\"visible\":\"0\"}', '{\"msg\":\"\",\"code\":200}', 0, NULL, '2023-01-10 11:37:37');
INSERT INTO `sys_oper_log` VALUES (370, '', 2, 'cn.wolfcode.car.web.controller.system.SysDictDataController.edit()', 'PUT', 1, 'admin', NULL, '/system/dict/data', '127.0.0.1', 'IP', '{\"createBy\":\"admin\",\"createTime\":\"2023-01-08 09:43:33\",\"dictCode\":123,\"dictLabel\":\"\",\"dictSort\":0,\"dictType\":\"bus_package_audit_type\",\"dictValue\":\"0\",\"isDefault\":\"N\",\"listClass\":\"default\",\"params\":{},\"remark\":\"\",\"status\":\"0\",\"updateBy\":\"admin\"}', '{\"msg\":\"\",\"code\":200}', 0, NULL, '2023-01-10 11:42:44');
INSERT INTO `sys_oper_log` VALUES (371, '', 1, 'cn.wolfcode.car.appointment.controller.BusServiceItemController.startAudit()', 'POST', 1, 'admin', NULL, '/appointment/item/startAudit', '127.0.0.1', 'IP', '{\"financeId\":104,\"serviceItemId\":34,\"shopOwnerId\":103}', '{\"msg\":\"\",\"code\":200}', 0, NULL, '2023-01-10 11:43:58');
INSERT INTO `sys_oper_log` VALUES (372, '', 1, 'cn.wolfcode.car.web.controller.system.SysMenuController.add()', 'POST', 1, 'admin', NULL, '/system/menu', '127.0.0.1', 'IP', '{\"children\":[],\"createBy\":\"admin\",\"isCache\":\"0\",\"isFrame\":\"1\",\"menuName\":\"\",\"menuType\":\"F\",\"orderNum\":0,\"params\":{},\"parentId\":2010,\"perms\":\"audit:audit:audit\",\"status\":\"0\",\"visible\":\"0\"}', '{\"msg\":\"\",\"code\":200}', 0, NULL, '2023-01-10 15:37:06');
INSERT INTO `sys_oper_log` VALUES (373, '', 2, 'cn.wolfcode.car.web.controller.system.SysRoleController.edit()', 'PUT', 1, 'admin', NULL, '/system/role', '127.0.0.1', 'IP', '{\"admin\":false,\"createTime\":\"2023-01-08 10:36:30\",\"dataScope\":\"1\",\"delFlag\":\"0\",\"deptCheckStrictly\":true,\"flag\":false,\"menuCheckStrictly\":true,\"menuIds\":[2001,2002,2012,2004,2005,2008,2009,2010,2013,2011],\"params\":{},\"roleId\":3,\"roleKey\":\"shopowner\",\"roleName\":\"\",\"roleSort\":\"3\",\"status\":\"0\",\"updateBy\":\"admin\"}', '{\"msg\":\"\",\"code\":200}', 0, NULL, '2023-01-10 15:37:46');
INSERT INTO `sys_oper_log` VALUES (374, '', 2, 'cn.wolfcode.car.web.controller.system.SysRoleController.edit()', 'PUT', 1, 'admin', NULL, '/system/role', '127.0.0.1', 'IP', '{\"admin\":false,\"createTime\":\"2023-01-08 10:38:34\",\"dataScope\":\"1\",\"delFlag\":\"0\",\"deptCheckStrictly\":true,\"flag\":false,\"menuCheckStrictly\":true,\"menuIds\":[2008,2009,2010,2013,2011],\"params\":{},\"roleId\":4,\"roleKey\":\"finance\",\"roleName\":\"\",\"roleSort\":\"4\",\"status\":\"0\",\"updateBy\":\"admin\"}', '{\"msg\":\"\",\"code\":200}', 0, NULL, '2023-01-10 15:37:56');
INSERT INTO `sys_oper_log` VALUES (375, '', 1, 'cn.wolfcode.car.audit.controller.BusCarPackageAuditController.add()', 'POST', 1, 'dianzhang', NULL, '/audit/audit/audit', '127.0.0.1', 'IP', '{\"id\":10,\"info\":\"\"}', NULL, 1, '\r\n### Error querying database.  Cause: java.sql.SQLSyntaxErrorException: Table \'ry-vue-70.act_hi_actinst\' doesn\'t exist\r\n### The error may exist in org/activiti/db/mapping/entity/HistoricActivityInstance.xml\r\n### The error may involve org.activiti.engine.impl.persistence.entity.HistoricActivityInstanceEntityImpl.selectUnfinishedHistoricActivityInstanceExecutionIdAndActivityId-Inline\r\n### The error occurred while setting parameters\r\n### SQL: select * from ACT_HI_ACTINST RES     where EXECUTION_ID_ = ? and ACT_ID_ = ? and END_TIME_ is null\r\n### Cause: java.sql.SQLSyntaxErrorException: Table \'ry-vue-70.act_hi_actinst\' doesn\'t exist', '2023-01-10 15:39:00');
INSERT INTO `sys_oper_log` VALUES (376, '', 1, 'cn.wolfcode.car.appointment.controller.BusServiceItemController.add()', 'POST', 1, 'admin', NULL, '/appointment/item', '127.0.0.1', 'IP', '{\"carPackage\":1,\"discountPrice\":3333,\"info\":\"\",\"name\":\"5555\",\"originalPrice\":5555,\"params\":{},\"serviceCatalog\":1}', '{\"msg\":\"\",\"code\":200}', 0, NULL, '2023-01-10 15:40:37');
INSERT INTO `sys_oper_log` VALUES (377, '', 1, 'cn.wolfcode.car.appointment.controller.BusServiceItemController.startAudit()', 'POST', 1, 'admin', NULL, '/appointment/item/startAudit', '127.0.0.1', 'IP', '{\"financeId\":104,\"info\":\"\",\"serviceItemId\":38,\"shopOwnerId\":103}', NULL, 1, '\r\n### Error updating database.  Cause: java.sql.SQLSyntaxErrorException: Table \'ry-vue-70.act_hi_detail\' doesn\'t exist\r\n### The error may exist in org/activiti/db/mapping/entity/HistoricDetail.xml\r\n### The error may involve org.activiti.engine.impl.persistence.entity.HistoricDetailEntityImpl.bulkInsertHistoricDetailVariableInstanceUpdate-Inline\r\n### The error occurred while setting parameters\r\n### SQL: insert into ACT_HI_DETAIL (ID_, TYPE_, PROC_INST_ID_, EXECUTION_ID_, ACT_INST_ID_, TASK_ID_, NAME_, REV_, VAR_TYPE_, TIME_, BYTEARRAY_ID_, DOUBLE_, LONG_ , TEXT_, TEXT2_)     values                   (?,          ?,          ?,          ?,          ?,          ?,          ?,          ?,          ?,          ?,          ?,          ?,          ?,          ?,          ?)        ,          (?,          ?,          ?,          ?,          ?,          ?,          ?,          ?,          ?,          ?,          ?,          ?,          ?,          ?,          ?)        ,          (?,          ?,          ?,          ?,          ?,          ?,          ?,          ?,          ?,          ?,          ?,          ?,          ?,          ?,          ?)        ,          (?,          ?,          ?,          ?,          ?,          ?,          ?,          ?,          ?,          ?,          ?,          ?,          ?,          ?,          ?)        ,          (?,          ?,          ?,          ?,          ?,          ?,          ?,          ?,          ?,          ?,          ?,          ?,          ?,          ?,          ?)        ,          (?,          ?,          ?,          ?,          ?,          ?,          ?,          ?,          ?,          ?,          ?,          ?,          ?,          ?,          ?)\r\n### Cause: java.sql.SQLSyntaxErrorException: Table \'ry-vue-70.act_hi_detail\' doesn\'t exist', '2023-01-10 15:40:54');
INSERT INTO `sys_oper_log` VALUES (378, '', 1, 'cn.wolfcode.car.appointment.controller.BusServiceItemController.startAudit()', 'POST', 1, 'admin', NULL, '/appointment/item/startAudit', '127.0.0.1', 'IP', '{\"financeId\":104,\"serviceItemId\":38,\"shopOwnerId\":103}', NULL, 1, '\r\n### Error updating database.  Cause: java.sql.SQLSyntaxErrorException: Table \'ry-vue-70.act_hi_detail\' doesn\'t exist\r\n### The error may exist in org/activiti/db/mapping/entity/HistoricDetail.xml\r\n### The error may involve org.activiti.engine.impl.persistence.entity.HistoricDetailEntityImpl.bulkInsertHistoricDetailVariableInstanceUpdate-Inline\r\n### The error occurred while setting parameters\r\n### SQL: insert into ACT_HI_DETAIL (ID_, TYPE_, PROC_INST_ID_, EXECUTION_ID_, ACT_INST_ID_, TASK_ID_, NAME_, REV_, VAR_TYPE_, TIME_, BYTEARRAY_ID_, DOUBLE_, LONG_ , TEXT_, TEXT2_)     values                   (?,          ?,          ?,          ?,          ?,          ?,          ?,          ?,          ?,          ?,          ?,          ?,          ?,          ?,          ?)        ,          (?,          ?,          ?,          ?,          ?,          ?,          ?,          ?,          ?,          ?,          ?,          ?,          ?,          ?,          ?)        ,          (?,          ?,          ?,          ?,          ?,          ?,          ?,          ?,          ?,          ?,          ?,          ?,          ?,          ?,          ?)        ,          (?,          ?,          ?,          ?,          ?,          ?,          ?,          ?,          ?,          ?,          ?,          ?,          ?,          ?,          ?)        ,          (?,          ?,          ?,          ?,          ?,          ?,          ?,          ?,          ?,          ?,          ?,          ?,          ?,          ?,          ?)        ,          (?,          ?,          ?,          ?,          ?,          ?,          ?,          ?,          ?,          ?,          ?,          ?,          ?,          ?,          ?)\r\n### Cause: java.sql.SQLSyntaxErrorException: Table \'ry-vue-70.act_hi_detail\' doesn\'t exist', '2023-01-10 15:41:07');
INSERT INTO `sys_oper_log` VALUES (379, '', 1, 'cn.wolfcode.car.appointment.controller.BusServiceItemController.startAudit()', 'POST', 1, 'admin', NULL, '/appointment/item/startAudit', '127.0.0.1', 'IP', '{\"financeId\":104,\"serviceItemId\":38,\"shopOwnerId\":103}', NULL, 1, '\r\n### Error updating database.  Cause: java.sql.SQLSyntaxErrorException: Table \'ry-vue-70.act_hi_detail\' doesn\'t exist\r\n### The error may exist in org/activiti/db/mapping/entity/HistoricDetail.xml\r\n### The error may involve org.activiti.engine.impl.persistence.entity.HistoricDetailEntityImpl.bulkInsertHistoricDetailVariableInstanceUpdate-Inline\r\n### The error occurred while setting parameters\r\n### SQL: insert into ACT_HI_DETAIL (ID_, TYPE_, PROC_INST_ID_, EXECUTION_ID_, ACT_INST_ID_, TASK_ID_, NAME_, REV_, VAR_TYPE_, TIME_, BYTEARRAY_ID_, DOUBLE_, LONG_ , TEXT_, TEXT2_)     values                   (?,          ?,          ?,          ?,          ?,          ?,          ?,          ?,          ?,          ?,          ?,          ?,          ?,          ?,          ?)        ,          (?,          ?,          ?,          ?,          ?,          ?,          ?,          ?,          ?,          ?,          ?,          ?,          ?,          ?,          ?)        ,          (?,          ?,          ?,          ?,          ?,          ?,          ?,          ?,          ?,          ?,          ?,          ?,          ?,          ?,          ?)        ,          (?,          ?,          ?,          ?,          ?,          ?,          ?,          ?,          ?,          ?,          ?,          ?,          ?,          ?,          ?)        ,          (?,          ?,          ?,          ?,          ?,          ?,          ?,          ?,          ?,          ?,          ?,          ?,          ?,          ?,          ?)        ,          (?,          ?,          ?,          ?,          ?,          ?,          ?,          ?,          ?,          ?,          ?,          ?,          ?,          ?,          ?)\r\n### Cause: java.sql.SQLSyntaxErrorException: Table \'ry-vue-70.act_hi_detail\' doesn\'t exist', '2023-01-10 15:41:53');
INSERT INTO `sys_oper_log` VALUES (380, '', 1, 'cn.wolfcode.car.appointment.controller.BusServiceItemController.startAudit()', 'POST', 1, 'admin', NULL, '/appointment/item/startAudit', '127.0.0.1', 'IP', '{\"financeId\":104,\"serviceItemId\":38,\"shopOwnerId\":103}', '{\"msg\":\"\",\"code\":200}', 0, NULL, '2023-01-10 15:44:00');
INSERT INTO `sys_oper_log` VALUES (381, '', 1, 'cn.wolfcode.car.audit.controller.BusCarPackageAuditController.add()', 'POST', 1, 'dianzhang', NULL, '/audit/audit/audit', '127.0.0.1', 'IP', '{\"id\":10,\"info\":\"\"}', NULL, 1, '', '2023-01-10 15:45:19');
INSERT INTO `sys_oper_log` VALUES (382, '', 1, 'cn.wolfcode.car.audit.controller.BusCarPackageAuditController.add()', 'POST', 1, 'dianzhang', NULL, '/audit/audit/audit', '127.0.0.1', 'IP', '{\"id\":11,\"info\":\"\"}', NULL, 1, '', '2023-01-10 16:06:10');
INSERT INTO `sys_oper_log` VALUES (383, '', 1, 'cn.wolfcode.car.audit.controller.BusCarPackageAuditController.add()', 'POST', 1, 'dianzhang', NULL, '/audit/audit/audit', '127.0.0.1', 'IP', '{\"id\":9,\"info\":\"\"}', NULL, 1, '', '2023-01-10 16:08:11');
INSERT INTO `sys_oper_log` VALUES (384, '', 1, 'cn.wolfcode.car.audit.controller.BusCarPackageAuditController.add()', 'POST', 1, 'dianzhang', NULL, '/audit/audit/audit', '127.0.0.1', 'IP', '{\"id\":9,\"info\":\"111\"}', NULL, 1, '', '2023-01-10 16:17:23');
INSERT INTO `sys_oper_log` VALUES (385, '', 1, 'cn.wolfcode.car.audit.controller.BusCarPackageAuditController.add()', 'POST', 1, 'dianzhang', NULL, '/audit/audit/audit', '127.0.0.1', 'IP', '{\"id\":9,\"info\":\"\"}', NULL, 1, '', '2023-01-10 16:21:36');
INSERT INTO `sys_oper_log` VALUES (386, '', 1, 'cn.wolfcode.car.audit.controller.BusCarPackageAuditController.add()', 'POST', 1, 'dianzhang', NULL, '/audit/audit/audit', '127.0.0.1', 'IP', '{\"auditStatus\":true,\"id\":9,\"info\":\"\"}', NULL, 1, 'Error while evaluating expression: ${disCountPrice>=3000}', '2023-01-10 16:23:23');
INSERT INTO `sys_oper_log` VALUES (387, '', 1, 'cn.wolfcode.car.audit.controller.BusCarPackageAuditController.add()', 'POST', 1, 'dianzhang', NULL, '/audit/audit/audit', '127.0.0.1', 'IP', '{\"auditStatus\":true,\"id\":9,\"info\":\"\"}', NULL, 1, 'Error while evaluating expression: ${disCountPrice>=3000}', '2023-01-10 16:30:23');
INSERT INTO `sys_oper_log` VALUES (388, '', 1, 'cn.wolfcode.car.audit.controller.BusCarPackageAuditController.add()', 'POST', 1, 'dianzhang', NULL, '/audit/audit/audit', '127.0.0.1', 'IP', '{\"auditStatus\":true,\"id\":9,\"info\":\"1\"}', NULL, 1, 'Error while evaluating expression: ${disCountPrice>=3000}', '2023-01-10 16:31:38');
INSERT INTO `sys_oper_log` VALUES (389, '', 1, 'cn.wolfcode.car.audit.controller.BusCarPackageAuditController.add()', 'POST', 1, 'dianzhang', NULL, '/audit/audit/audit', '127.0.0.1', 'IP', '{\"auditStatus\":true,\"id\":9,\"info\":\"1\"}', NULL, 1, 'Error while evaluating expression: ${disCountPrice>=3000}', '2023-01-10 16:32:23');
INSERT INTO `sys_oper_log` VALUES (390, '', 1, 'cn.wolfcode.car.appointment.controller.BusServiceItemController.add()', 'POST', 1, 'admin', NULL, '/appointment/item', '127.0.0.1', 'IP', '{\"carPackage\":1,\"discountPrice\":3333,\"info\":\"1\",\"name\":\"6666\",\"originalPrice\":6666,\"params\":{},\"serviceCatalog\":1}', '{\"msg\":\"\",\"code\":200}', 0, NULL, '2023-01-10 16:33:50');
INSERT INTO `sys_oper_log` VALUES (391, '', 1, 'cn.wolfcode.car.appointment.controller.BusServiceItemController.startAudit()', 'POST', 1, 'admin', NULL, '/appointment/item/startAudit', '127.0.0.1', 'IP', '{\"financeId\":104,\"serviceItemId\":39,\"shopOwnerId\":103}', '{\"msg\":\"\",\"code\":200}', 0, NULL, '2023-01-10 16:33:56');
INSERT INTO `sys_oper_log` VALUES (392, '', 1, 'cn.wolfcode.car.audit.controller.BusCarPackageAuditController.add()', 'POST', 1, 'dianzhang', NULL, '/audit/audit/audit', '127.0.0.1', 'IP', '{\"auditStatus\":true,\"id\":12,\"info\":\"\"}', NULL, 1, 'Cannot find task with id 85a95c0a-90c1-11ed-a190-d85ed3d43c87', '2023-01-10 16:34:32');
INSERT INTO `sys_oper_log` VALUES (393, '', 1, 'cn.wolfcode.car.appointment.controller.BusServiceItemController.add()', 'POST', 1, 'admin', NULL, '/appointment/item', '127.0.0.1', 'IP', '{\"carPackage\":1,\"discountPrice\":3000,\"info\":\"1\",\"name\":\"1111\",\"originalPrice\":6666,\"params\":{},\"serviceCatalog\":0}', '{\"msg\":\"\",\"code\":200}', 0, NULL, '2023-01-10 16:38:05');
INSERT INTO `sys_oper_log` VALUES (394, '', 1, 'cn.wolfcode.car.appointment.controller.BusServiceItemController.startAudit()', 'POST', 1, 'admin', NULL, '/appointment/item/startAudit', '127.0.0.1', 'IP', '{\"financeId\":104,\"serviceItemId\":40,\"shopOwnerId\":103}', '{\"msg\":\"\",\"code\":200}', 0, NULL, '2023-01-10 16:38:14');
INSERT INTO `sys_oper_log` VALUES (395, '', 1, 'cn.wolfcode.car.audit.controller.BusCarPackageAuditController.add()', 'POST', 1, 'dianzhang', NULL, '/audit/audit/audit', '127.0.0.1', 'IP', '{\"auditStatus\":true,\"id\":13,\"info\":\"1\"}', NULL, 1, 'Cannot find task with id 1f9ef6fe-90c2-11ed-a190-d85ed3d43c87', '2023-01-10 16:40:54');
INSERT INTO `sys_oper_log` VALUES (396, '', 1, 'cn.wolfcode.car.audit.controller.BusCarPackageAuditController.add()', 'POST', 1, 'dianzhang', NULL, '/audit/audit/audit', '127.0.0.1', 'IP', '{\"auditStatus\":true,\"id\":13,\"info\":\"1\"}', NULL, 1, 'Cannot find task with id 1f9ef6fe-90c2-11ed-a190-d85ed3d43c87', '2023-01-10 16:46:57');
INSERT INTO `sys_oper_log` VALUES (397, '', 1, 'cn.wolfcode.car.appointment.controller.BusServiceItemController.add()', 'POST', 1, 'admin', NULL, '/appointment/item', '127.0.0.1', 'IP', '{\"carPackage\":1,\"discountPrice\":3000,\"info\":\"\",\"name\":\"1234\",\"originalPrice\":6666,\"params\":{},\"serviceCatalog\":1}', '{\"msg\":\"\",\"code\":200}', 0, NULL, '2023-01-10 16:47:57');
INSERT INTO `sys_oper_log` VALUES (398, '', 1, 'cn.wolfcode.car.appointment.controller.BusServiceItemController.startAudit()', 'POST', 1, 'admin', NULL, '/appointment/item/startAudit', '127.0.0.1', 'IP', '{\"financeId\":104,\"info\":\"1\",\"serviceItemId\":41,\"shopOwnerId\":103}', '{\"msg\":\"\",\"code\":200}', 0, NULL, '2023-01-10 16:48:06');
INSERT INTO `sys_oper_log` VALUES (399, '', 1, 'cn.wolfcode.car.audit.controller.BusCarPackageAuditController.add()', 'POST', 1, 'dianzhang', NULL, '/audit/audit/audit', '127.0.0.1', 'IP', '{\"auditStatus\":true,\"id\":14,\"info\":\"1\"}', NULL, 1, 'Cannot find task with id 808f97b9-90c3-11ed-aeb9-d85ed3d43c87', '2023-01-10 16:49:01');
INSERT INTO `sys_oper_log` VALUES (400, '', 1, 'cn.wolfcode.car.audit.controller.BusCarPackageAuditController.add()', 'POST', 1, 'dianzhang', NULL, '/audit/audit/audit', '127.0.0.1', 'IP', '{\"auditStatus\":true,\"id\":14,\"info\":\"1\"}', NULL, 1, 'Cannot find task with id 808f97b9-90c3-11ed-aeb9-d85ed3d43c87', '2023-01-10 16:50:21');
INSERT INTO `sys_oper_log` VALUES (401, '', 1, 'cn.wolfcode.car.audit.controller.BusCarPackageAuditController.add()', 'POST', 1, 'dianzhang', NULL, '/audit/audit/audit', '127.0.0.1', 'IP', '{\"auditStatus\":true,\"id\":14,\"info\":\"1\"}', NULL, 1, 'Cannot find task with id 808f97b9-90c3-11ed-aeb9-d85ed3d43c87', '2023-01-10 16:50:24');
INSERT INTO `sys_oper_log` VALUES (402, '', 1, 'cn.wolfcode.car.appointment.controller.BusServiceItemController.startAudit()', 'POST', 1, 'admin', NULL, '/appointment/item/startAudit', '127.0.0.1', 'IP', '{\"financeId\":104,\"serviceItemId\":41,\"shopOwnerId\":103}', '{\"msg\":\"\",\"code\":200}', 0, NULL, '2023-01-10 16:58:05');
INSERT INTO `sys_oper_log` VALUES (403, '', 1, 'cn.wolfcode.car.audit.controller.BusCarPackageAuditController.add()', 'POST', 1, 'dianzhang', NULL, '/audit/audit/audit', '127.0.0.1', 'IP', '{\"auditStatus\":true,\"id\":15,\"info\":\"1\"}', NULL, 1, 'Cannot find task with id 2511', '2023-01-10 16:58:34');
INSERT INTO `sys_oper_log` VALUES (404, '', 1, 'cn.wolfcode.car.audit.controller.BusCarPackageAuditController.add()', 'POST', 1, 'dianzhang', NULL, '/audit/audit/audit', '127.0.0.1', 'IP', '{\"auditStatus\":true,\"id\":15,\"info\":\"12\"}', NULL, 1, 'Cannot find task with id 2511', '2023-01-10 16:58:42');
INSERT INTO `sys_oper_log` VALUES (405, '', 1, 'cn.wolfcode.car.audit.controller.BusCarPackageAuditController.add()', 'POST', 1, 'dianzhang', NULL, '/audit/audit/audit', '127.0.0.1', 'IP', '{\"auditStatus\":true,\"id\":15,\"info\":\"12\"}', NULL, 1, 'Cannot find task with id 2511', '2023-01-10 17:02:31');
INSERT INTO `sys_oper_log` VALUES (406, '', 1, 'cn.wolfcode.car.audit.controller.BusCarPackageAuditController.add()', 'POST', 1, 'dianzhang', NULL, '/audit/audit/audit', '127.0.0.1', 'IP', '{\"auditStatus\":true,\"id\":15,\"info\":\"12\"}', '{\"msg\":\"\",\"code\":200}', 0, NULL, '2023-01-10 17:03:49');
INSERT INTO `sys_oper_log` VALUES (407, '', 1, 'cn.wolfcode.car.audit.controller.BusCarPackageAuditController.add()', 'POST', 1, 'dianzhang', NULL, '/audit/audit/audit', '127.0.0.1', 'IP', '{\"auditStatus\":true,\"id\":15,\"info\":\"\"}', '{\"msg\":\"\",\"code\":200}', 0, NULL, '2023-01-10 17:04:10');
INSERT INTO `sys_oper_log` VALUES (408, '', 1, 'cn.wolfcode.car.audit.controller.BusCarPackageAuditController.add()', 'POST', 1, 'dianzhang', NULL, '/audit/audit/audit', '127.0.0.1', 'IP', '{\"auditStatus\":true,\"id\":14,\"info\":\"2\"}', '{\"msg\":\"\",\"code\":200}', 0, NULL, '2023-01-10 17:20:22');
INSERT INTO `sys_oper_log` VALUES (409, '', 1, 'cn.wolfcode.car.audit.controller.BusCarPackageAuditController.add()', 'POST', 1, 'dianzhang', NULL, '/audit/audit/audit', '127.0.0.1', 'IP', '{\"auditStatus\":true,\"id\":13,\"info\":\"11\"}', '{\"msg\":\"\",\"code\":200}', 0, NULL, '2023-01-10 17:20:50');
INSERT INTO `sys_oper_log` VALUES (410, '', 1, 'cn.wolfcode.car.audit.controller.BusCarPackageAuditController.add()', 'POST', 1, 'caiwu', NULL, '/audit/audit/audit', '127.0.0.1', 'IP', '{\"auditStatus\":true,\"id\":14,\"info\":\"\"}', '{\"msg\":\"\",\"code\":200}', 0, NULL, '2023-01-10 17:23:42');
INSERT INTO `sys_oper_log` VALUES (411, '', 1, 'cn.wolfcode.car.audit.controller.BusCarPackageAuditController.add()', 'POST', 1, 'caiwu', NULL, '/audit/audit/audit', '127.0.0.1', 'IP', '{\"auditStatus\":true,\"id\":13,\"info\":\"1\"}', '{\"msg\":\"\",\"code\":200}', 0, NULL, '2023-01-10 17:24:13');
INSERT INTO `sys_oper_log` VALUES (412, '', 2, 'cn.wolfcode.car.appointment.controller.BusServiceItemController.saleOn()', 'PUT', 1, 'admin', NULL, '/appointment/item/saleOn/40', '127.0.0.1', 'IP', '40', '{\"msg\":\"\",\"code\":200}', 0, NULL, '2023-01-10 17:24:52');
INSERT INTO `sys_oper_log` VALUES (413, '', 2, 'cn.wolfcode.car.appointment.controller.BusServiceItemController.saleOn()', 'PUT', 1, 'admin', NULL, '/appointment/item/saleOn/41', '127.0.0.1', 'IP', '41', '{\"msg\":\"\",\"code\":200}', 0, NULL, '2023-01-10 17:24:57');
INSERT INTO `sys_oper_log` VALUES (414, '', 1, 'cn.wolfcode.car.audit.controller.BusCarPackageAuditController.add()', 'POST', 1, 'dianzhang', NULL, '/audit/audit/audit', '127.0.0.1', 'IP', '{\"auditStatus\":true,\"id\":12,\"info\":\"\"}', '{\"msg\":\"\",\"code\":200}', 0, NULL, '2023-01-11 09:46:39');
INSERT INTO `sys_oper_log` VALUES (415, '', 1, 'cn.wolfcode.car.web.controller.system.SysMenuController.add()', 'POST', 1, 'admin', NULL, '/system/menu', '127.0.0.1', 'IP', '{\"children\":[],\"createBy\":\"admin\",\"isCache\":\"0\",\"isFrame\":\"1\",\"menuName\":\"\",\"menuType\":\"F\",\"orderNum\":1,\"params\":{},\"parentId\":2013,\"perms\":\"audit:audit:listHistory\",\"status\":\"0\",\"visible\":\"0\"}', '{\"msg\":\"\",\"code\":200}', 0, NULL, '2023-01-11 11:20:36');
INSERT INTO `sys_oper_log` VALUES (416, '', 3, 'cn.wolfcode.car.web.controller.system.SysMenuController.remove()', 'DELETE', 1, 'admin', NULL, '/system/menu/2014', '127.0.0.1', 'IP', '{menuId=2014}', '{\"msg\":\"\",\"code\":200}', 0, NULL, '2023-01-11 11:21:33');
INSERT INTO `sys_oper_log` VALUES (417, '', 1, 'cn.wolfcode.car.web.controller.system.SysMenuController.add()', 'POST', 1, 'admin', NULL, '/system/menu', '127.0.0.1', 'IP', '{\"children\":[],\"createBy\":\"admin\",\"isCache\":\"0\",\"isFrame\":\"1\",\"menuName\":\"\",\"menuType\":\"F\",\"orderNum\":1,\"params\":{},\"parentId\":2010,\"perms\":\"audit:audit:listHistory\",\"status\":\"0\",\"visible\":\"0\"}', '{\"msg\":\"\",\"code\":200}', 0, NULL, '2023-01-11 11:21:47');
INSERT INTO `sys_oper_log` VALUES (418, '', 2, 'cn.wolfcode.car.web.controller.system.SysRoleController.edit()', 'PUT', 1, 'admin', NULL, '/system/role', '127.0.0.1', 'IP', '{\"admin\":false,\"createTime\":\"2023-01-08 10:36:30\",\"dataScope\":\"1\",\"delFlag\":\"0\",\"deptCheckStrictly\":true,\"flag\":false,\"menuCheckStrictly\":true,\"menuIds\":[2001,2002,2012,2004,2005,2008,2009,2010,2013,2015,2011],\"params\":{},\"roleId\":3,\"roleKey\":\"shopowner\",\"roleName\":\"\",\"roleSort\":\"3\",\"status\":\"0\",\"updateBy\":\"admin\"}', '{\"msg\":\"\",\"code\":200}', 0, NULL, '2023-01-11 11:22:03');
INSERT INTO `sys_oper_log` VALUES (419, '', 2, 'cn.wolfcode.car.web.controller.system.SysRoleController.edit()', 'PUT', 1, 'admin', NULL, '/system/role', '127.0.0.1', 'IP', '{\"admin\":false,\"createTime\":\"2023-01-08 10:38:34\",\"dataScope\":\"1\",\"delFlag\":\"0\",\"deptCheckStrictly\":true,\"flag\":false,\"menuCheckStrictly\":true,\"menuIds\":[2008,2009,2010,2013,2015,2011],\"params\":{},\"roleId\":4,\"roleKey\":\"finance\",\"roleName\":\"\",\"roleSort\":\"4\",\"status\":\"0\",\"updateBy\":\"admin\"}', '{\"msg\":\"\",\"code\":200}', 0, NULL, '2023-01-11 11:22:10');
INSERT INTO `sys_oper_log` VALUES (420, '', 1, 'cn.wolfcode.car.appointment.controller.BusServiceItemController.add()', 'POST', 1, 'admin', NULL, '/appointment/item', '127.0.0.1', 'IP', '{\"carPackage\":1,\"discountPrice\":3000,\"info\":\"2222\",\"name\":\"2222\",\"originalPrice\":5000,\"params\":{},\"serviceCatalog\":1}', '{\"msg\":\"\",\"code\":200}', 0, NULL, '2023-01-11 11:27:47');
INSERT INTO `sys_oper_log` VALUES (421, '', 1, 'cn.wolfcode.car.appointment.controller.BusServiceItemController.startAudit()', 'POST', 1, 'admin', NULL, '/appointment/item/startAudit', '127.0.0.1', 'IP', '{\"financeId\":104,\"info\":\"\",\"serviceItemId\":42,\"shopOwnerId\":103}', '{\"msg\":\"\",\"code\":200}', 0, NULL, '2023-01-11 11:28:05');
INSERT INTO `sys_oper_log` VALUES (422, '', 1, 'cn.wolfcode.car.audit.controller.BusCarPackageAuditController.add()', 'POST', 1, 'dianzhang', NULL, '/audit/audit/audit', '127.0.0.1', 'IP', '{\"auditStatus\":true,\"id\":16,\"info\":\"\"}', NULL, 1, 'Unknown property used in expression: ${disCountPrice>=3000}', '2023-01-11 11:28:53');
INSERT INTO `sys_oper_log` VALUES (423, '', 1, 'cn.wolfcode.car.audit.controller.BusCarPackageAuditController.add()', 'POST', 1, 'dianzhang', NULL, '/audit/audit/audit', '127.0.0.1', 'IP', '{\"auditStatus\":true,\"id\":16,\"info\":\"\"}', NULL, 1, 'Unknown property used in expression: ${disCountPrice>=3000}', '2023-01-11 11:29:22');
INSERT INTO `sys_oper_log` VALUES (424, '', 1, 'cn.wolfcode.car.appointment.controller.BusServiceItemController.add()', 'POST', 1, 'admin', NULL, '/appointment/item', '127.0.0.1', 'IP', '{\"carPackage\":1,\"discountPrice\":3000,\"info\":\"1906\",\"name\":\"1906\",\"originalPrice\":5000,\"params\":{},\"serviceCatalog\":1}', '{\"msg\":\"\",\"code\":200}', 0, NULL, '2023-01-11 11:30:46');
INSERT INTO `sys_oper_log` VALUES (425, '', 1, 'cn.wolfcode.car.appointment.controller.BusServiceItemController.startAudit()', 'POST', 1, 'admin', NULL, '/appointment/item/startAudit', '127.0.0.1', 'IP', '{\"financeId\":104,\"info\":\"1906\",\"serviceItemId\":43,\"shopOwnerId\":103}', '{\"msg\":\"\",\"code\":200}', 0, NULL, '2023-01-11 11:31:02');
INSERT INTO `sys_oper_log` VALUES (426, '', 1, 'cn.wolfcode.car.audit.controller.BusCarPackageAuditController.add()', 'POST', 1, 'dianzhang', NULL, '/audit/audit/audit', '127.0.0.1', 'IP', '{\"auditStatus\":true,\"id\":17,\"info\":\"\"}', '{\"msg\":\"\",\"code\":200}', 0, NULL, '2023-01-11 11:31:42');
INSERT INTO `sys_oper_log` VALUES (427, '', 1, 'cn.wolfcode.car.web.controller.system.SysMenuController.add()', 'POST', 1, 'admin', NULL, '/system/menu', '127.0.0.1', 'IP', '{\"children\":[],\"createBy\":\"admin\",\"isCache\":\"0\",\"isFrame\":\"1\",\"menuName\":\"\",\"menuType\":\"F\",\"orderNum\":2,\"params\":{},\"parentId\":2010,\"perms\":\"audit:audit:process\",\"status\":\"0\",\"visible\":\"0\"}', '{\"msg\":\"\",\"code\":200}', 0, NULL, '2023-01-11 14:44:40');
INSERT INTO `sys_oper_log` VALUES (428, '', 2, 'cn.wolfcode.car.web.controller.system.SysRoleController.edit()', 'PUT', 1, 'admin', NULL, '/system/role', '127.0.0.1', 'IP', '{\"admin\":false,\"createTime\":\"2023-01-08 10:36:30\",\"dataScope\":\"1\",\"delFlag\":\"0\",\"deptCheckStrictly\":true,\"flag\":false,\"menuCheckStrictly\":true,\"menuIds\":[2001,2002,2012,2004,2005,2008,2009,2010,2013,2015,2016,2011],\"params\":{},\"roleId\":3,\"roleKey\":\"shopowner\",\"roleName\":\"\",\"roleSort\":\"3\",\"status\":\"0\",\"updateBy\":\"admin\"}', '{\"msg\":\"\",\"code\":200}', 0, NULL, '2023-01-11 14:46:18');
INSERT INTO `sys_oper_log` VALUES (429, '', 2, 'cn.wolfcode.car.web.controller.system.SysRoleController.edit()', 'PUT', 1, 'admin', NULL, '/system/role', '127.0.0.1', 'IP', '{\"admin\":false,\"createTime\":\"2023-01-08 10:38:34\",\"dataScope\":\"1\",\"delFlag\":\"0\",\"deptCheckStrictly\":true,\"flag\":false,\"menuCheckStrictly\":true,\"menuIds\":[2008,2009,2010,2013,2015,2016,2011],\"params\":{},\"roleId\":4,\"roleKey\":\"finance\",\"roleName\":\"\",\"roleSort\":\"4\",\"status\":\"0\",\"updateBy\":\"admin\"}', '{\"msg\":\"\",\"code\":200}', 0, NULL, '2023-01-11 14:46:26');
INSERT INTO `sys_oper_log` VALUES (430, '', 2, 'cn.wolfcode.car.web.controller.system.SysMenuController.edit()', 'PUT', 1, 'admin', NULL, '/system/menu', '127.0.0.1', 'IP', '{\"children\":[],\"component\":\"business/package_audit/done/index\",\"createTime\":\"2023-01-07 17:01:17\",\"icon\":\"#\",\"isCache\":\"0\",\"isFrame\":\"1\",\"menuId\":2011,\"menuName\":\"\",\"menuType\":\"C\",\"orderNum\":2,\"params\":{},\"parentId\":2008,\"path\":\"done\",\"perms\":\"audit:audit:doneQuery\",\"status\":\"0\",\"updateBy\":\"admin\",\"visible\":\"0\"}', '{\"msg\":\"\",\"code\":200}', 0, NULL, '2023-01-11 15:47:58');
INSERT INTO `sys_oper_log` VALUES (431, '', 1, 'cn.wolfcode.car.appointment.controller.BusServiceItemController.add()', 'POST', 1, 'admin', NULL, '/appointment/item', '127.0.0.1', 'IP', '{\"carPackage\":1,\"discountPrice\":3999,\"info\":\"9999\",\"name\":\"\",\"originalPrice\":9999,\"params\":{},\"serviceCatalog\":0}', '{\"msg\":\"\",\"code\":200}', 0, NULL, '2023-01-11 15:53:10');
INSERT INTO `sys_oper_log` VALUES (432, '', 1, 'cn.wolfcode.car.appointment.controller.BusServiceItemController.startAudit()', 'POST', 1, 'admin', NULL, '/appointment/item/startAudit', '127.0.0.1', 'IP', '{\"financeId\":104,\"info\":\"111\",\"serviceItemId\":44,\"shopOwnerId\":103}', '{\"msg\":\"\",\"code\":200}', 0, NULL, '2023-01-11 15:53:21');
INSERT INTO `sys_oper_log` VALUES (433, '', 1, 'cn.wolfcode.car.audit.controller.BusCarPackageAuditController.add()', 'POST', 1, 'dianzhang', NULL, '/audit/audit/audit', '127.0.0.1', 'IP', '{\"auditStatus\":true,\"id\":18,\"info\":\",,\\n\\n\"}', '{\"msg\":\"\",\"code\":200}', 0, NULL, '2023-01-11 16:12:47');
INSERT INTO `sys_oper_log` VALUES (434, '', 1, 'cn.wolfcode.car.audit.controller.BusCarPackageAuditController.add()', 'POST', 1, 'caiwu', NULL, '/audit/audit/audit', '127.0.0.1', 'IP', '{\"auditStatus\":false,\"id\":18,\"info\":\",\"}', '{\"msg\":\"\",\"code\":200}', 0, NULL, '2023-01-11 16:13:59');
INSERT INTO `sys_oper_log` VALUES (435, '', 2, 'com.wolfcode.car.web.controller.system.SysMenuController.edit()', 'PUT', 1, 'admin', NULL, '/system/menu', '127.0.0.1', 'IP', '{\"children\":[],\"component\":\"business/audit/index\",\"createTime\":\"2023-01-07 16:58:35\",\"icon\":\"#\",\"isCache\":\"0\",\"isFrame\":\"1\",\"menuId\":2009,\"menuName\":\"\",\"menuType\":\"C\",\"orderNum\":0,\"params\":{},\"parentId\":2008,\"path\":\"info\",\"perms\":\"audit:audit:list\",\"status\":\"0\",\"updateBy\":\"admin\",\"visible\":\"0\"}', '{\"msg\":\"\",\"code\":200}', 0, NULL, '2023-03-08 18:41:12');
INSERT INTO `sys_oper_log` VALUES (436, '', 2, 'com.wolfcode.car.web.controller.system.SysMenuController.edit()', 'PUT', 1, 'admin', NULL, '/system/menu', '127.0.0.1', 'IP', '{\"children\":[],\"component\":\"business/audit/todo/index\",\"createTime\":\"2023-01-07 16:59:58\",\"icon\":\"#\",\"isCache\":\"0\",\"isFrame\":\"1\",\"menuId\":2010,\"menuName\":\"\",\"menuType\":\"C\",\"orderNum\":1,\"params\":{},\"parentId\":2008,\"path\":\"todo\",\"perms\":\"audit:audit:todoQuery\",\"status\":\"0\",\"updateBy\":\"admin\",\"visible\":\"0\"}', '{\"msg\":\"\",\"code\":200}', 0, NULL, '2023-03-08 18:41:18');
INSERT INTO `sys_oper_log` VALUES (437, '', 2, 'com.wolfcode.car.web.controller.system.SysMenuController.edit()', 'PUT', 1, 'admin', NULL, '/system/menu', '127.0.0.1', 'IP', '{\"children\":[],\"component\":\"business/audit/done/index\",\"createTime\":\"2023-01-07 17:01:17\",\"icon\":\"#\",\"isCache\":\"0\",\"isFrame\":\"1\",\"menuId\":2011,\"menuName\":\"\",\"menuType\":\"C\",\"orderNum\":2,\"params\":{},\"parentId\":2008,\"path\":\"done\",\"perms\":\"audit:audit:doneQuery\",\"status\":\"0\",\"updateBy\":\"admin\",\"visible\":\"0\"}', '{\"msg\":\"\",\"code\":200}', 0, NULL, '2023-03-08 18:41:24');
INSERT INTO `sys_oper_log` VALUES (438, '', 2, 'com.wolfcode.car.web.controller.system.SysMenuController.edit()', 'PUT', 1, 'admin', NULL, '/system/menu', '127.0.0.1', 'IP', '{\"children\":[],\"component\":\"business/flow/index\",\"createTime\":\"2023-01-05 16:38:19\",\"icon\":\"#\",\"isCache\":\"0\",\"isFrame\":\"1\",\"menuId\":2007,\"menuName\":\"\",\"menuType\":\"C\",\"orderNum\":0,\"params\":{},\"parentId\":2006,\"path\":\"flowdefinition\",\"perms\":\"\",\"status\":\"0\",\"updateBy\":\"admin\",\"visible\":\"0\"}', '{\"msg\":\"\",\"code\":200}', 0, NULL, '2023-03-08 18:42:13');
INSERT INTO `sys_oper_log` VALUES (439, '', 2, 'com.wolfcode.car.web.controller.system.SysDictTypeController.edit()', 'PUT', 1, 'admin', NULL, '/system/dict/type', '127.0.0.1', 'IP', '{\"createBy\":\"admin\",\"createTime\":\"2022-12-29 11:45:13\",\"dictId\":100,\"dictName\":\"\",\"dictType\":\"cmi_service_type\",\"params\":{},\"remark\":\"(0/,1/)\",\"status\":\"0\",\"updateBy\":\"admin\"}', '{\"msg\":\"\",\"code\":200}', 0, NULL, '2023-03-08 18:44:35');
INSERT INTO `sys_oper_log` VALUES (440, '', 2, 'com.wolfcode.car.web.controller.system.SysDictTypeController.edit()', 'PUT', 1, 'admin', NULL, '/system/dict/type', '127.0.0.1', 'IP', '{\"createBy\":\"admin\",\"createTime\":\"2022-12-29 17:03:25\",\"dictId\":101,\"dictName\":\"\",\"dictType\":\"cmi_status\",\"params\":{},\"remark\":\"\",\"status\":\"0\",\"updateBy\":\"admin\"}', '{\"msg\":\"\",\"code\":200}', 0, NULL, '2023-03-08 18:46:25');
INSERT INTO `sys_oper_log` VALUES (441, '', 2, 'com.wolfcode.car.web.controller.system.SysDictTypeController.edit()', 'PUT', 1, 'admin', NULL, '/system/dict/type', '127.0.0.1', 'IP', '{\"createBy\":\"admin\",\"createTime\":\"2022-12-30 15:23:26\",\"dictId\":102,\"dictName\":\"\",\"dictType\":\"si_car_package\",\"params\":{},\"remark\":\"\",\"status\":\"0\",\"updateBy\":\"admin\"}', '{\"msg\":\"\",\"code\":200}', 0, NULL, '2023-03-08 18:47:57');
INSERT INTO `sys_oper_log` VALUES (442, '', 2, 'com.wolfcode.car.web.controller.system.SysDictTypeController.edit()', 'PUT', 1, 'admin', NULL, '/system/dict/type', '127.0.0.1', 'IP', '{\"createBy\":\"admin\",\"createTime\":\"2022-12-30 15:25:28\",\"dictId\":103,\"dictName\":\"\",\"dictType\":\"si_audit_status\",\"params\":{},\"status\":\"0\",\"updateBy\":\"admin\"}', '{\"msg\":\"\",\"code\":200}', 0, NULL, '2023-03-08 18:48:15');
INSERT INTO `sys_oper_log` VALUES (443, '', 2, 'com.wolfcode.car.web.controller.system.SysDictTypeController.edit()', 'PUT', 1, 'admin', NULL, '/system/dict/type', '127.0.0.1', 'IP', '{\"createBy\":\"admin\",\"createTime\":\"2022-12-30 15:27:45\",\"dictId\":104,\"dictName\":\"\",\"dictType\":\"si_sale_status\",\"params\":{},\"remark\":\"\",\"status\":\"0\",\"updateBy\":\"admin\"}', '{\"msg\":\"\",\"code\":200}', 0, NULL, '2023-03-08 18:48:34');
INSERT INTO `sys_oper_log` VALUES (444, '', 2, 'com.wolfcode.car.web.controller.system.SysDictTypeController.edit()', 'PUT', 1, 'admin', NULL, '/system/dict/type', '127.0.0.1', 'IP', '{\"createBy\":\"admin\",\"createTime\":\"2023-01-02 15:20:24\",\"dictId\":105,\"dictName\":\"\",\"dictType\":\"statement_status\",\"params\":{},\"remark\":\"\",\"status\":\"0\",\"updateBy\":\"admin\"}', '{\"msg\":\"\",\"code\":200}', 0, NULL, '2023-03-08 18:49:23');
INSERT INTO `sys_oper_log` VALUES (445, '', 2, 'com.wolfcode.car.web.controller.system.SysDictTypeController.edit()', 'PUT', 1, 'admin', NULL, '/system/dict/type', '127.0.0.1', 'IP', '{\"createBy\":\"admin\",\"createTime\":\"2023-01-02 15:25:39\",\"dictId\":106,\"dictName\":\"\",\"dictType\":\"appointment_status\",\"params\":{},\"remark\":\"(0/1)\",\"status\":\"0\",\"updateBy\":\"admin\"}', '{\"msg\":\"\",\"code\":200}', 0, NULL, '2023-03-08 18:49:38');
INSERT INTO `sys_oper_log` VALUES (446, '', 2, 'com.wolfcode.car.web.controller.system.SysDictTypeController.edit()', 'PUT', 1, 'admin', NULL, '/system/dict/type', '127.0.0.1', 'IP', '{\"createBy\":\"admin\",\"createTime\":\"2023-01-08 09:43:10\",\"dictId\":108,\"dictName\":\"\",\"dictType\":\"package_audit_status\",\"params\":{},\"remark\":\"\",\"status\":\"0\",\"updateBy\":\"admin\"}', '{\"msg\":\"\",\"code\":200}', 0, NULL, '2023-03-08 18:50:15');
INSERT INTO `sys_oper_log` VALUES (447, '', 2, 'com.wolfcode.car.web.controller.system.SysDictTypeController.edit()', 'PUT', 1, 'admin', NULL, '/system/dict/type', '127.0.0.1', 'IP', '{\"createBy\":\"admin\",\"createTime\":\"2023-01-05 17:12:33\",\"dictId\":107,\"dictName\":\"\",\"dictType\":\"flow_audit_type\",\"params\":{},\"remark\":\"\",\"status\":\"0\",\"updateBy\":\"admin\"}', '{\"msg\":\"\",\"code\":200}', 0, NULL, '2023-03-08 18:50:51');
INSERT INTO `sys_oper_log` VALUES (448, '', 1, 'com.wolfcode.car.web.controller.system.SysDictTypeController.add()', 'POST', 1, 'admin', NULL, '/system/dict/type', '127.0.0.1', 'IP', '{\"createBy\":\"admin\",\"dictName\":\"2\",\"dictType\":\"si_service_catalog\",\"params\":{},\"remark\":\"2\",\"status\":\"0\"}', '{\"msg\":\"\",\"code\":200}', 0, NULL, '2023-03-08 18:52:03');
INSERT INTO `sys_oper_log` VALUES (449, '', 1, 'com.wolfcode.car.web.controller.system.SysDictDataController.add()', 'POST', 1, 'admin', NULL, '/system/dict/data', '127.0.0.1', 'IP', '{\"createBy\":\"admin\",\"dictLabel\":\"\",\"dictSort\":0,\"dictType\":\"si_service_catalog\",\"dictValue\":\"0\",\"listClass\":\"default\",\"params\":{},\"remark\":\"\",\"status\":\"0\"}', '{\"msg\":\"\",\"code\":200}', 0, NULL, '2023-03-08 18:52:28');
INSERT INTO `sys_oper_log` VALUES (450, '', 1, 'com.wolfcode.car.web.controller.system.SysDictDataController.add()', 'POST', 1, 'admin', NULL, '/system/dict/data', '127.0.0.1', 'IP', '{\"createBy\":\"admin\",\"cssClass\":\"\",\"dictLabel\":\"\",\"dictSort\":1,\"dictType\":\"si_service_catalog\",\"dictValue\":\"1\",\"listClass\":\"default\",\"params\":{},\"remark\":\"\",\"status\":\"0\"}', '{\"msg\":\"\",\"code\":200}', 0, NULL, '2023-03-08 18:52:49');
INSERT INTO `sys_oper_log` VALUES (451, '', 1, 'com.wolfcode.car.web.controller.system.SysDictDataController.add()', 'POST', 1, 'admin', NULL, '/system/dict/data', '127.0.0.1', 'IP', '{\"createBy\":\"admin\",\"dictLabel\":\"\",\"dictSort\":2,\"dictType\":\"si_service_catalog\",\"dictValue\":\"2\",\"listClass\":\"default\",\"params\":{},\"remark\":\"\",\"status\":\"0\"}', '{\"msg\":\"\",\"code\":200}', 0, NULL, '2023-03-08 18:53:02');
INSERT INTO `sys_oper_log` VALUES (452, '', 1, 'com.wolfcode.car.appointment.controller.BusAppointmentController.add()', 'POST', 1, 'admin', NULL, '/business/appointment', '127.0.0.1', 'IP', '{\"appointmentTime\":\"2023-03-10 11:00:00\",\"carSeries\":\"\",\"createTime\":\"2023-03-08T19:13:36.191+08:00\",\"customerName\":\"1\",\"customerPhone\":\"15918722221\",\"id\":73,\"info\":\"111\",\"licensePlate\":\"A55522\",\"serviceType\":0,\"status\":0}', '{\"msg\":\"\",\"code\":200}', 0, NULL, '2023-03-08 19:13:36');
INSERT INTO `sys_oper_log` VALUES (453, '', 2, 'com.wolfcode.car.appointment.controller.BusAppointmentController.edit()', 'PUT', 1, 'admin', NULL, '/business/appointment', '127.0.0.1', 'IP', '{\"appointmentTime\":\"2023-03-10 11:00:00\",\"carSeries\":\"\",\"createTime\":\"2023-03-08 00:00:00\",\"customerName\":\"1\",\"customerPhone\":\"15918722222\",\"id\":73,\"info\":\"111\",\"licensePlate\":\"A55522\",\"serviceType\":0,\"status\":0}', '{\"msg\":\"\",\"code\":200}', 0, NULL, '2023-03-08 19:13:47');
INSERT INTO `sys_oper_log` VALUES (454, '', 2, 'com.wolfcode.car.appointment.controller.BusAppointmentController.cancel()', 'PUT', 1, 'admin', NULL, '/business/appointment/cancel/73', '127.0.0.1', 'IP', '73', '{\"msg\":\"\",\"code\":200}', 0, NULL, '2023-03-08 19:13:51');
INSERT INTO `sys_oper_log` VALUES (455, '', 1, 'com.wolfcode.car.appointment.controller.BusAppointmentController.add()', 'POST', 1, 'admin', NULL, '/business/appointment', '127.0.0.1', 'IP', '{\"appointmentTime\":\"2023-03-17 10:00:00\",\"carSeries\":\"\",\"createTime\":\"2023-03-08T19:14:26.434+08:00\",\"customerName\":\"2\",\"customerPhone\":\"15918711111\",\"id\":74,\"info\":\"1\",\"licensePlate\":\"A22211\",\"serviceType\":0,\"status\":0}', '{\"msg\":\"\",\"code\":200}', 0, NULL, '2023-03-08 19:14:26');
INSERT INTO `sys_oper_log` VALUES (456, '', 2, 'com.wolfcode.car.appointment.controller.BusAppointmentController.arrival()', 'PUT', 1, 'admin', NULL, '/business/appointment/arrival/74', '127.0.0.1', 'IP', '74', '{\"msg\":\"\",\"code\":200}', 0, NULL, '2023-03-08 19:14:33');
INSERT INTO `sys_oper_log` VALUES (457, '', 4, 'com.wolfcode.car.web.controller.system.SysUserController.insertAuthRole()', 'PUT', 1, 'admin', NULL, '/system/user/authRole', '127.0.0.1', 'IP', '104[]', '{\"msg\":\"\",\"code\":200}', 0, NULL, '2023-03-08 19:17:16');
INSERT INTO `sys_oper_log` VALUES (458, '', 2, 'com.wolfcode.car.web.controller.system.SysRoleController.edit()', 'PUT', 1, 'admin', NULL, '/system/role', '127.0.0.1', 'IP', '{\"admin\":false,\"createTime\":\"2023-01-08 10:38:34\",\"dataScope\":\"1\",\"delFlag\":\"0\",\"deptCheckStrictly\":true,\"flag\":false,\"menuCheckStrictly\":true,\"menuIds\":[2008,2009,2010,2013,2015,2016,2011],\"params\":{},\"roleId\":4,\"roleKey\":\"financial\",\"roleName\":\"\",\"roleSort\":\"4\",\"status\":\"0\",\"updateBy\":\"admin\"}', '{\"msg\":\"\",\"code\":200}', 0, NULL, '2023-03-08 19:19:20');
INSERT INTO `sys_oper_log` VALUES (459, '', 4, 'com.wolfcode.car.web.controller.system.SysUserController.insertAuthRole()', 'PUT', 1, 'admin', NULL, '/system/user/authRole', '127.0.0.1', 'IP', '104[4]', '{\"msg\":\"\",\"code\":200}', 0, NULL, '2023-03-08 19:20:14');
INSERT INTO `sys_oper_log` VALUES (460, '', 2, 'com.wolfcode.car.appointment.controller.BusServiceItemController.edit()', 'PUT', 1, 'admin', NULL, '/business/serviceitem', '127.0.0.1', 'IP', '{\"auditStatus\":0,\"carPackage\":1,\"createTime\":\"2022-12-27 00:00:00\",\"discountPrice\":2999,\"id\":32,\"info\":\"\",\"name\":\" 168\",\"originalPrice\":6000,\"saleStatus\":0,\"serviceCatalog\":1}', '{\"msg\":\"\",\"code\":200}', 0, NULL, '2023-03-08 19:21:01');
INSERT INTO `sys_oper_log` VALUES (461, '', 2, 'com.wolfcode.car.appointment.controller.BusServiceItemController.edit()', 'PUT', 1, 'admin', NULL, '/business/serviceitem', '127.0.0.1', 'IP', '{\"auditStatus\":0,\"carPackage\":1,\"createTime\":\"2022-12-27 00:00:00\",\"discountPrice\":3001,\"id\":32,\"info\":\"\",\"name\":\" 168\",\"originalPrice\":6000,\"saleStatus\":0,\"serviceCatalog\":1}', '{\"msg\":\"\",\"code\":200}', 0, NULL, '2023-03-08 19:21:11');
INSERT INTO `sys_oper_log` VALUES (462, '', 1, 'com.wolfcode.car.appointment.controller.BusServiceItemController.add()', 'POST', 1, 'admin', NULL, '/business/serviceitem', '127.0.0.1', 'IP', '{\"auditStatus\":0,\"carPackage\":1,\"createTime\":\"2023-03-08T19:24:49.209+08:00\",\"discountPrice\":3001,\"id\":45,\"info\":\"111\",\"name\":\"112\",\"originalPrice\":6000,\"saleStatus\":0,\"serviceCatalog\":0}', '{\"msg\":\"\",\"code\":200}', 0, NULL, '2023-03-08 19:24:49');
INSERT INTO `sys_oper_log` VALUES (463, '', 1, 'com.wolfcode.car.appointment.controller.BusStatementController.add()', 'POST', 1, 'admin', NULL, '/business/statement', '127.0.0.1', 'IP', '{\"actualArrivalTime\":\"2023-03-10 11:00:00\",\"carSeries\":\"\",\"createTime\":\"2023-03-08T19:26:08.482+08:00\",\"customerName\":\"72\",\"customerPhone\":\"15922221111\",\"id\":93,\"info\":\"1\",\"licensePlate\":\"A22211\",\"params\":{},\"serviceType\":0,\"status\":0}', '{\"msg\":\"\",\"code\":200}', 0, NULL, '2023-03-08 19:26:08');
INSERT INTO `sys_oper_log` VALUES (464, '', 2, 'com.wolfcode.car.appointment.controller.BusStatementController.edit()', 'PUT', 1, 'admin', NULL, '/business/statement', '127.0.0.1', 'IP', '{\"actualArrivalTime\":\"2023-03-10 11:00:00\",\"carSeries\":\"\",\"createTime\":\"2023-03-08 00:00:00\",\"customerName\":\"72\",\"customerPhone\":\"15922221111\",\"discountAmount\":0,\"id\":93,\"info\":\"2\",\"licensePlate\":\"A22211\",\"params\":{},\"serviceType\":0,\"status\":0,\"totalAmount\":0,\"totalQuantity\":0}', '{\"msg\":\"\",\"code\":200}', 0, NULL, '2023-03-08 19:26:18');
INSERT INTO `sys_oper_log` VALUES (465, '', 2, 'com.wolfcode.car.web.controller.system.SysMenuController.edit()', 'PUT', 1, 'admin', NULL, '/system/menu', '127.0.0.1', 'IP', '{\"children\":[],\"component\":\"business/audit/index\",\"createTime\":\"2023-01-07 16:58:35\",\"icon\":\"#\",\"isCache\":\"0\",\"isFrame\":\"1\",\"menuId\":2009,\"menuName\":\"\",\"menuType\":\"C\",\"orderNum\":0,\"params\":{},\"parentId\":2008,\"path\":\"info\",\"perms\":\"business:carPackageAudit:list\",\"status\":\"0\",\"updateBy\":\"admin\",\"visible\":\"0\"}', '{\"msg\":\"\",\"code\":200}', 0, NULL, '2023-03-08 19:29:35');
INSERT INTO `sys_oper_log` VALUES (466, '', 2, 'com.wolfcode.car.web.controller.system.SysMenuController.edit()', 'PUT', 1, 'admin', NULL, '/system/menu', '127.0.0.1', 'IP', '{\"children\":[],\"component\":\"business/audit/todo/index\",\"createTime\":\"2023-01-07 16:59:58\",\"icon\":\"#\",\"isCache\":\"0\",\"isFrame\":\"1\",\"menuId\":2010,\"menuName\":\"\",\"menuType\":\"C\",\"orderNum\":1,\"params\":{},\"parentId\":2008,\"path\":\"todo\",\"perms\":\"business:carPackageAudit:todo\",\"status\":\"0\",\"updateBy\":\"admin\",\"visible\":\"0\"}', '{\"msg\":\"\",\"code\":200}', 0, NULL, '2023-03-08 19:30:21');
INSERT INTO `sys_oper_log` VALUES (467, '', 2, 'com.wolfcode.car.web.controller.system.SysMenuController.edit()', 'PUT', 1, 'admin', NULL, '/system/menu', '127.0.0.1', 'IP', '{\"children\":[],\"component\":\"business/audit/done/index\",\"createTime\":\"2023-01-07 17:01:17\",\"icon\":\"#\",\"isCache\":\"0\",\"isFrame\":\"1\",\"menuId\":2011,\"menuName\":\"\",\"menuType\":\"C\",\"orderNum\":2,\"params\":{},\"parentId\":2008,\"path\":\"done\",\"perms\":\"business:carPackageAudit:done\",\"status\":\"0\",\"updateBy\":\"admin\",\"visible\":\"0\"}', '{\"msg\":\"\",\"code\":200}', 0, NULL, '2023-03-08 19:30:42');
INSERT INTO `sys_oper_log` VALUES (468, '', 2, 'com.wolfcode.car.web.controller.system.SysMenuController.edit()', 'PUT', 1, 'admin', NULL, '/system/menu', '127.0.0.1', 'IP', '{\"children\":[],\"createTime\":\"2023-01-11 14:44:40\",\"icon\":\"#\",\"isCache\":\"0\",\"isFrame\":\"1\",\"menuId\":2016,\"menuName\":\"\",\"menuType\":\"F\",\"orderNum\":2,\"params\":{},\"parentId\":2010,\"path\":\"\",\"perms\":\"business:carPackageAudit:processImg\",\"status\":\"0\",\"updateBy\":\"admin\",\"visible\":\"0\"}', '{\"msg\":\"\",\"code\":200}', 0, NULL, '2023-03-08 19:31:19');
INSERT INTO `sys_oper_log` VALUES (469, '', 2, 'com.wolfcode.car.web.controller.system.SysMenuController.edit()', 'PUT', 1, 'admin', NULL, '/system/menu', '127.0.0.1', 'IP', '{\"children\":[],\"createTime\":\"2023-01-11 11:21:47\",\"icon\":\"#\",\"isCache\":\"0\",\"isFrame\":\"1\",\"menuId\":2015,\"menuName\":\"\",\"menuType\":\"F\",\"orderNum\":1,\"params\":{},\"parentId\":2010,\"path\":\"\",\"perms\":\"business:carPackageAudit:history\",\"status\":\"0\",\"updateBy\":\"admin\",\"visible\":\"0\"}', '{\"msg\":\"\",\"code\":200}', 0, NULL, '2023-03-08 19:31:48');
INSERT INTO `sys_oper_log` VALUES (470, '', 2, 'com.wolfcode.car.web.controller.system.SysMenuController.edit()', 'PUT', 1, 'admin', NULL, '/system/menu', '127.0.0.1', 'IP', '{\"children\":[],\"createTime\":\"2023-01-10 15:37:06\",\"icon\":\"#\",\"isCache\":\"0\",\"isFrame\":\"1\",\"menuId\":2013,\"menuName\":\"\",\"menuType\":\"F\",\"orderNum\":0,\"params\":{},\"parentId\":2010,\"path\":\"\",\"perms\":\"business:carPackageAudit:audit\",\"status\":\"0\",\"updateBy\":\"admin\",\"visible\":\"0\"}', '{\"msg\":\"\",\"code\":200}', 0, NULL, '2023-03-08 19:32:11');
INSERT INTO `sys_oper_log` VALUES (471, '', 2, 'com.wolfcode.car.appointment.controller.BusServiceItemController.saleOn()', 'PUT', 1, 'admin', NULL, '/business/serviceitem/saleOn/45', '127.0.0.1', 'IP', '45', '{\"msg\":\"\",\"code\":200}', 0, NULL, '2023-03-08 19:34:35');
INSERT INTO `sys_oper_log` VALUES (472, '', 2, 'com.wolfcode.car.appointment.controller.BusServiceItemController.edit()', 'PUT', 1, 'admin', NULL, '/business/serviceitem', '127.0.0.1', 'IP', '{\"auditStatus\":0,\"carPackage\":1,\"createTime\":\"2021-05-18 00:00:00\",\"discountPrice\":3001,\"id\":4,\"info\":\"\",\"name\":\"\",\"originalPrice\":6000,\"saleStatus\":0,\"serviceCatalog\":1}', '{\"msg\":\"\",\"code\":200}', 0, NULL, '2023-03-08 19:35:21');
INSERT INTO `sys_oper_log` VALUES (473, '', 2, 'com.wolfcode.car.appointment.controller.BusAppointmentController.edit()', 'PUT', 1, 'admin', NULL, '/business/appointment', '127.0.0.1', 'IP', '{\"appointmentTime\":\"2023-05-28 08:53:22\",\"carSeries\":\"SUV\",\"createTime\":\"2022-10-10 00:00:00\",\"customerName\":\"\",\"customerPhone\":\"15915834111\",\"id\":50,\"info\":\"\",\"licensePlate\":\"B33333\",\"serviceType\":0,\"status\":0}', NULL, 1, '', '2023-05-28 08:53:44');
INSERT INTO `sys_oper_log` VALUES (474, '', 2, 'com.wolfcode.car.appointment.controller.BusAppointmentController.edit()', 'PUT', 1, 'admin', NULL, '/business/appointment', '127.0.0.1', 'IP', '{\"appointmentTime\":\"2023-04-29 08:53:22\",\"carSeries\":\"SUV\",\"createTime\":\"2022-10-10 00:00:00\",\"customerName\":\"\",\"customerPhone\":\"15915834111\",\"id\":50,\"info\":\"\",\"licensePlate\":\"B33333\",\"serviceType\":0,\"status\":0}', NULL, 1, '', '2023-05-28 08:53:58');
INSERT INTO `sys_oper_log` VALUES (475, '', 2, 'com.wolfcode.car.appointment.controller.BusAppointmentController.edit()', 'PUT', 1, 'admin', NULL, '/business/appointment', '127.0.0.1', 'IP', '{\"appointmentTime\":\"2023-05-31 08:54:02\",\"carSeries\":\"SUV\",\"createTime\":\"2022-10-10 00:00:00\",\"customerName\":\"\",\"customerPhone\":\"15915834111\",\"id\":50,\"info\":\"\",\"licensePlate\":\"B33333\",\"serviceType\":0,\"status\":0}', '{\"msg\":\"\",\"code\":200}', 0, NULL, '2023-05-28 08:54:07');
INSERT INTO `sys_oper_log` VALUES (476, '', 2, 'com.wolfcode.car.appointment.controller.BusAppointmentController.arrival()', 'PUT', 1, 'admin', NULL, '/business/appointment/arrival/50', '127.0.0.1', 'IP', '50', '{\"msg\":\"\",\"code\":200}', 0, NULL, '2023-05-28 08:54:27');
INSERT INTO `sys_oper_log` VALUES (477, '', 2, 'com.wolfcode.car.appointment.controller.BusAppointmentController.cancel()', 'PUT', 1, 'admin', NULL, '/business/appointment/cancel/59', '127.0.0.1', 'IP', '59', '{\"msg\":\"\",\"code\":200}', 0, NULL, '2023-05-28 08:54:47');

-- ----------------------------
-- Table structure for sys_post
-- ----------------------------
DROP TABLE IF EXISTS `sys_post`;
CREATE TABLE `sys_post`  (
  `post_id` bigint(20) NOT NULL AUTO_INCREMENT COMMENT 'ID',
  `post_code` varchar(64) CHARACTER SET utf8mb4 COLLATE utf8mb4_general_ci NOT NULL COMMENT '',
  `post_name` varchar(50) CHARACTER SET utf8mb4 COLLATE utf8mb4_general_ci NOT NULL COMMENT '',
  `post_sort` int(4) NOT NULL COMMENT '',
  `status` char(1) CHARACTER SET utf8mb4 COLLATE utf8mb4_general_ci NOT NULL COMMENT '0 1',
  `create_by` varchar(64) CHARACTER SET utf8mb4 COLLATE utf8mb4_general_ci NULL DEFAULT '' COMMENT '',
  `create_time` datetime(0) NULL DEFAULT NULL COMMENT '',
  `update_by` varchar(64) CHARACTER SET utf8mb4 COLLATE utf8mb4_general_ci NULL DEFAULT '' COMMENT '',
  `update_time` datetime(0) NULL DEFAULT NULL COMMENT '',
  `remark` varchar(500) CHARACTER SET utf8mb4 COLLATE utf8mb4_general_ci NULL DEFAULT NULL COMMENT '',
  PRIMARY KEY (`post_id`) USING BTREE
) ENGINE = InnoDB AUTO_INCREMENT = 5 CHARACTER SET = utf8mb4 COLLATE = utf8mb4_general_ci COMMENT = '' ROW_FORMAT = Compact;

-- ----------------------------
-- Records of sys_post
-- ----------------------------
INSERT INTO `sys_post` VALUES (1, 'ceo', '', 1, '0', 'admin', '2022-12-24 10:03:11', '', NULL, '');
INSERT INTO `sys_post` VALUES (2, 'se', '', 2, '0', 'admin', '2022-12-24 10:03:11', '', NULL, '');
INSERT INTO `sys_post` VALUES (3, 'hr', '', 3, '0', 'admin', '2022-12-24 10:03:11', '', NULL, '');
INSERT INTO `sys_post` VALUES (4, 'user', '', 4, '0', 'admin', '2022-12-24 10:03:11', '', NULL, '');

-- ----------------------------
-- Table structure for sys_role
-- ----------------------------
DROP TABLE IF EXISTS `sys_role`;
CREATE TABLE `sys_role`  (
  `role_id` bigint(20) NOT NULL AUTO_INCREMENT COMMENT 'ID',
  `role_name` varchar(30) CHARACTER SET utf8mb4 COLLATE utf8mb4_general_ci NOT NULL COMMENT '',
  `role_key` varchar(100) CHARACTER SET utf8mb4 COLLATE utf8mb4_general_ci NOT NULL COMMENT '',
  `role_sort` int(4) NOT NULL COMMENT '',
  `data_scope` char(1) CHARACTER SET utf8mb4 COLLATE utf8mb4_general_ci NULL DEFAULT '1' COMMENT '1 2 3 4',
  `menu_check_strictly` tinyint(1) NULL DEFAULT 1 COMMENT '',
  `dept_check_strictly` tinyint(1) NULL DEFAULT 1 COMMENT '',
  `status` char(1) CHARACTER SET utf8mb4 COLLATE utf8mb4_general_ci NOT NULL COMMENT '0 1',
  `del_flag` char(1) CHARACTER SET utf8mb4 COLLATE utf8mb4_general_ci NULL DEFAULT '0' COMMENT '0 2',
  `create_by` varchar(64) CHARACTER SET utf8mb4 COLLATE utf8mb4_general_ci NULL DEFAULT '' COMMENT '',
  `create_time` datetime(0) NULL DEFAULT NULL COMMENT '',
  `update_by` varchar(64) CHARACTER SET utf8mb4 COLLATE utf8mb4_general_ci NULL DEFAULT '' COMMENT '',
  `update_time` datetime(0) NULL DEFAULT NULL COMMENT '',
  `remark` varchar(500) CHARACTER SET utf8mb4 COLLATE utf8mb4_general_ci NULL DEFAULT NULL COMMENT '',
  PRIMARY KEY (`role_id`) USING BTREE
) ENGINE = InnoDB AUTO_INCREMENT = 5 CHARACTER SET = utf8mb4 COLLATE = utf8mb4_general_ci COMMENT = '' ROW_FORMAT = Compact;

-- ----------------------------
-- Records of sys_role
-- ----------------------------
INSERT INTO `sys_role` VALUES (1, '', 'admin', 1, '1', 1, 1, '0', '0', 'admin', '2022-12-24 10:03:11', '', NULL, '');
INSERT INTO `sys_role` VALUES (2, '', 'common', 2, '2', 1, 1, '0', '0', 'admin', '2022-12-24 10:03:11', '', NULL, '');
INSERT INTO `sys_role` VALUES (3, '', 'shopowner', 3, '1', 1, 1, '0', '0', 'admin', '2023-01-08 10:36:30', 'admin', '2023-01-11 14:46:18', NULL);
INSERT INTO `sys_role` VALUES (4, '', 'financial', 4, '1', 1, 1, '0', '0', 'admin', '2023-01-08 10:38:34', 'admin', '2023-03-08 19:19:20', NULL);

-- ----------------------------
-- Table structure for sys_role_dept
-- ----------------------------
DROP TABLE IF EXISTS `sys_role_dept`;
CREATE TABLE `sys_role_dept`  (
  `role_id` bigint(20) NOT NULL COMMENT 'ID',
  `dept_id` bigint(20) NOT NULL COMMENT 'ID',
  PRIMARY KEY (`role_id`, `dept_id`) USING BTREE
) ENGINE = InnoDB CHARACTER SET = utf8mb4 COLLATE = utf8mb4_general_ci COMMENT = '' ROW_FORMAT = Compact;

-- ----------------------------
-- Records of sys_role_dept
-- ----------------------------
INSERT INTO `sys_role_dept` VALUES (2, 100);
INSERT INTO `sys_role_dept` VALUES (2, 101);
INSERT INTO `sys_role_dept` VALUES (2, 105);

-- ----------------------------
-- Table structure for sys_role_menu
-- ----------------------------
DROP TABLE IF EXISTS `sys_role_menu`;
CREATE TABLE `sys_role_menu`  (
  `role_id` bigint(20) NOT NULL COMMENT 'ID',
  `menu_id` bigint(20) NOT NULL COMMENT 'ID',
  PRIMARY KEY (`role_id`, `menu_id`) USING BTREE
) ENGINE = InnoDB CHARACTER SET = utf8mb4 COLLATE = utf8mb4_general_ci COMMENT = '' ROW_FORMAT = Compact;

-- ----------------------------
-- Records of sys_role_menu
-- ----------------------------
INSERT INTO `sys_role_menu` VALUES (2, 1);
INSERT INTO `sys_role_menu` VALUES (2, 2);
INSERT INTO `sys_role_menu` VALUES (2, 3);
INSERT INTO `sys_role_menu` VALUES (2, 4);
INSERT INTO `sys_role_menu` VALUES (2, 100);
INSERT INTO `sys_role_menu` VALUES (2, 101);
INSERT INTO `sys_role_menu` VALUES (2, 102);
INSERT INTO `sys_role_menu` VALUES (2, 103);
INSERT INTO `sys_role_menu` VALUES (2, 104);
INSERT INTO `sys_role_menu` VALUES (2, 105);
INSERT INTO `sys_role_menu` VALUES (2, 106);
INSERT INTO `sys_role_menu` VALUES (2, 107);
INSERT INTO `sys_role_menu` VALUES (2, 108);
INSERT INTO `sys_role_menu` VALUES (2, 109);
INSERT INTO `sys_role_menu` VALUES (2, 110);
INSERT INTO `sys_role_menu` VALUES (2, 111);
INSERT INTO `sys_role_menu` VALUES (2, 112);
INSERT INTO `sys_role_menu` VALUES (2, 113);
INSERT INTO `sys_role_menu` VALUES (2, 114);
INSERT INTO `sys_role_menu` VALUES (2, 115);
INSERT INTO `sys_role_menu` VALUES (2, 116);
INSERT INTO `sys_role_menu` VALUES (2, 117);
INSERT INTO `sys_role_menu` VALUES (2, 500);
INSERT INTO `sys_role_menu` VALUES (2, 501);
INSERT INTO `sys_role_menu` VALUES (2, 1000);
INSERT INTO `sys_role_menu` VALUES (2, 1001);
INSERT INTO `sys_role_menu` VALUES (2, 1002);
INSERT INTO `sys_role_menu` VALUES (2, 1003);
INSERT INTO `sys_role_menu` VALUES (2, 1004);
INSERT INTO `sys_role_menu` VALUES (2, 1005);
INSERT INTO `sys_role_menu` VALUES (2, 1006);
INSERT INTO `sys_role_menu` VALUES (2, 1007);
INSERT INTO `sys_role_menu` VALUES (2, 1008);
INSERT INTO `sys_role_menu` VALUES (2, 1009);
INSERT INTO `sys_role_menu` VALUES (2, 1010);
INSERT INTO `sys_role_menu` VALUES (2, 1011);
INSERT INTO `sys_role_menu` VALUES (2, 1012);
INSERT INTO `sys_role_menu` VALUES (2, 1013);
INSERT INTO `sys_role_menu` VALUES (2, 1014);
INSERT INTO `sys_role_menu` VALUES (2, 1015);
INSERT INTO `sys_role_menu` VALUES (2, 1016);
INSERT INTO `sys_role_menu` VALUES (2, 1017);
INSERT INTO `sys_role_menu` VALUES (2, 1018);
INSERT INTO `sys_role_menu` VALUES (2, 1019);
INSERT INTO `sys_role_menu` VALUES (2, 1020);
INSERT INTO `sys_role_menu` VALUES (2, 1021);
INSERT INTO `sys_role_menu` VALUES (2, 1022);
INSERT INTO `sys_role_menu` VALUES (2, 1023);
INSERT INTO `sys_role_menu` VALUES (2, 1024);
INSERT INTO `sys_role_menu` VALUES (2, 1025);
INSERT INTO `sys_role_menu` VALUES (2, 1026);
INSERT INTO `sys_role_menu` VALUES (2, 1027);
INSERT INTO `sys_role_menu` VALUES (2, 1028);
INSERT INTO `sys_role_menu` VALUES (2, 1029);
INSERT INTO `sys_role_menu` VALUES (2, 1030);
INSERT INTO `sys_role_menu` VALUES (2, 1031);
INSERT INTO `sys_role_menu` VALUES (2, 1032);
INSERT INTO `sys_role_menu` VALUES (2, 1033);
INSERT INTO `sys_role_menu` VALUES (2, 1034);
INSERT INTO `sys_role_menu` VALUES (2, 1035);
INSERT INTO `sys_role_menu` VALUES (2, 1036);
INSERT INTO `sys_role_menu` VALUES (2, 1037);
INSERT INTO `sys_role_menu` VALUES (2, 1038);
INSERT INTO `sys_role_menu` VALUES (2, 1039);
INSERT INTO `sys_role_menu` VALUES (2, 1040);
INSERT INTO `sys_role_menu` VALUES (2, 1041);
INSERT INTO `sys_role_menu` VALUES (2, 1042);
INSERT INTO `sys_role_menu` VALUES (2, 1043);
INSERT INTO `sys_role_menu` VALUES (2, 1044);
INSERT INTO `sys_role_menu` VALUES (2, 1045);
INSERT INTO `sys_role_menu` VALUES (2, 1046);
INSERT INTO `sys_role_menu` VALUES (2, 1047);
INSERT INTO `sys_role_menu` VALUES (2, 1048);
INSERT INTO `sys_role_menu` VALUES (2, 1049);
INSERT INTO `sys_role_menu` VALUES (2, 1050);
INSERT INTO `sys_role_menu` VALUES (2, 1051);
INSERT INTO `sys_role_menu` VALUES (2, 1052);
INSERT INTO `sys_role_menu` VALUES (2, 1053);
INSERT INTO `sys_role_menu` VALUES (2, 1054);
INSERT INTO `sys_role_menu` VALUES (2, 1055);
INSERT INTO `sys_role_menu` VALUES (2, 1056);
INSERT INTO `sys_role_menu` VALUES (2, 1057);
INSERT INTO `sys_role_menu` VALUES (2, 1058);
INSERT INTO `sys_role_menu` VALUES (2, 1059);
INSERT INTO `sys_role_menu` VALUES (3, 2001);
INSERT INTO `sys_role_menu` VALUES (3, 2002);
INSERT INTO `sys_role_menu` VALUES (3, 2004);
INSERT INTO `sys_role_menu` VALUES (3, 2005);
INSERT INTO `sys_role_menu` VALUES (3, 2008);
INSERT INTO `sys_role_menu` VALUES (3, 2009);
INSERT INTO `sys_role_menu` VALUES (3, 2010);
INSERT INTO `sys_role_menu` VALUES (3, 2011);
INSERT INTO `sys_role_menu` VALUES (3, 2012);
INSERT INTO `sys_role_menu` VALUES (3, 2013);
INSERT INTO `sys_role_menu` VALUES (3, 2015);
INSERT INTO `sys_role_menu` VALUES (3, 2016);
INSERT INTO `sys_role_menu` VALUES (4, 2008);
INSERT INTO `sys_role_menu` VALUES (4, 2009);
INSERT INTO `sys_role_menu` VALUES (4, 2010);
INSERT INTO `sys_role_menu` VALUES (4, 2011);
INSERT INTO `sys_role_menu` VALUES (4, 2013);
INSERT INTO `sys_role_menu` VALUES (4, 2015);
INSERT INTO `sys_role_menu` VALUES (4, 2016);

-- ----------------------------
-- Table structure for sys_user
-- ----------------------------
DROP TABLE IF EXISTS `sys_user`;
CREATE TABLE `sys_user`  (
  `user_id` bigint(20) NOT NULL AUTO_INCREMENT COMMENT 'ID',
  `dept_id` bigint(20) NULL DEFAULT NULL COMMENT 'ID',
  `user_name` varchar(30) CHARACTER SET utf8mb4 COLLATE utf8mb4_general_ci NOT NULL COMMENT '',
  `nick_name` varchar(30) CHARACTER SET utf8mb4 COLLATE utf8mb4_general_ci NOT NULL COMMENT '',
  `user_type` varchar(2) CHARACTER SET utf8mb4 COLLATE utf8mb4_general_ci NULL DEFAULT '00' COMMENT '00',
  `email` varchar(50) CHARACTER SET utf8mb4 COLLATE utf8mb4_general_ci NULL DEFAULT '' COMMENT '',
  `phonenumber` varchar(11) CHARACTER SET utf8mb4 COLLATE utf8mb4_general_ci NULL DEFAULT '' COMMENT '',
  `sex` char(1) CHARACTER SET utf8mb4 COLLATE utf8mb4_general_ci NULL DEFAULT '0' COMMENT '0 1 2',
  `avatar` varchar(100) CHARACTER SET utf8mb4 COLLATE utf8mb4_general_ci NULL DEFAULT '' COMMENT '',
  `password` varchar(100) CHARACTER SET utf8mb4 COLLATE utf8mb4_general_ci NULL DEFAULT '' COMMENT '',
  `status` char(1) CHARACTER SET utf8mb4 COLLATE utf8mb4_general_ci NULL DEFAULT '0' COMMENT '0 1',
  `del_flag` char(1) CHARACTER SET utf8mb4 COLLATE utf8mb4_general_ci NULL DEFAULT '0' COMMENT '0 2',
  `login_ip` varchar(128) CHARACTER SET utf8mb4 COLLATE utf8mb4_general_ci NULL DEFAULT '' COMMENT 'IP',
  `login_date` datetime(0) NULL DEFAULT NULL COMMENT '',
  `create_by` varchar(64) CHARACTER SET utf8mb4 COLLATE utf8mb4_general_ci NULL DEFAULT '' COMMENT '',
  `create_time` datetime(0) NULL DEFAULT NULL COMMENT '',
  `update_by` varchar(64) CHARACTER SET utf8mb4 COLLATE utf8mb4_general_ci NULL DEFAULT '' COMMENT '',
  `update_time` datetime(0) NULL DEFAULT NULL COMMENT '',
  `remark` varchar(500) CHARACTER SET utf8mb4 COLLATE utf8mb4_general_ci NULL DEFAULT NULL COMMENT '',
  PRIMARY KEY (`user_id`) USING BTREE
) ENGINE = InnoDB AUTO_INCREMENT = 105 CHARACTER SET = utf8mb4 COLLATE = utf8mb4_general_ci COMMENT = '' ROW_FORMAT = Compact;

-- ----------------------------
-- Records of sys_user
-- ----------------------------
INSERT INTO `sys_user` VALUES (1, 103, 'admin', '', '00', 'ry@163.com', '15888888888', '1', '', '$2a$10$7JB720yubVSZvUI0rEqK/.VqGOZTH.ulu33dHOiBE8ByOhJIrdAu2', '0', '0', '127.0.0.1', '2023-05-28 08:51:58', 'admin', '2022-12-24 10:03:11', '', '2023-05-28 08:51:57', '');
INSERT INTO `sys_user` VALUES (2, 105, 'ry', '', '00', 'ry@qq.com', '15666666666', '1', '', '$2a$10$7JB720yubVSZvUI0rEqK/.VqGOZTH.ulu33dHOiBE8ByOhJIrdAu2', '0', '0', '127.0.0.1', '2022-12-24 10:03:11', 'admin', '2022-12-24 10:03:11', '', NULL, '');
INSERT INTO `sys_user` VALUES (103, 100, 'dianzhang', 'dianzhang', '00', '', '', '2', '', '$2a$10$csFGJBvgyeIvH.KpktWmP.B36X3HjSQv6ed5g/Fru12kNkM6kIfmC', '0', '0', '127.0.0.1', '2023-03-08 19:32:33', 'admin', '2023-01-08 10:41:43', '', '2023-03-08 19:32:32', '');
INSERT INTO `sys_user` VALUES (104, 100, 'caiwu', 'caiwu', '00', '', '', '1', '', '$2a$10$/Pq3VIxeLDdnX8rWoO0lgeqBe1tjAHKVsqgdCcyuMRG7oGkMnSt.C', '0', '0', '127.0.0.1', '2023-03-08 19:33:34', 'admin', '2023-01-08 10:42:29', '', '2023-03-08 19:33:34', '');

-- ----------------------------
-- Table structure for sys_user_post
-- ----------------------------
DROP TABLE IF EXISTS `sys_user_post`;
CREATE TABLE `sys_user_post`  (
  `user_id` bigint(20) NOT NULL COMMENT 'ID',
  `post_id` bigint(20) NOT NULL COMMENT 'ID',
  PRIMARY KEY (`user_id`, `post_id`) USING BTREE
) ENGINE = InnoDB CHARACTER SET = utf8mb4 COLLATE = utf8mb4_general_ci COMMENT = '' ROW_FORMAT = Compact;

-- ----------------------------
-- Records of sys_user_post
-- ----------------------------
INSERT INTO `sys_user_post` VALUES (1, 1);
INSERT INTO `sys_user_post` VALUES (2, 2);
INSERT INTO `sys_user_post` VALUES (101, 4);
INSERT INTO `sys_user_post` VALUES (103, 4);
INSERT INTO `sys_user_post` VALUES (104, 4);

-- ----------------------------
-- Table structure for sys_user_role
-- ----------------------------
DROP TABLE IF EXISTS `sys_user_role`;
CREATE TABLE `sys_user_role`  (
  `user_id` bigint(20) NOT NULL COMMENT 'ID',
  `role_id` bigint(20) NOT NULL COMMENT 'ID',
  PRIMARY KEY (`user_id`, `role_id`) USING BTREE
) ENGINE = InnoDB CHARACTER SET = utf8mb4 COLLATE = utf8mb4_general_ci COMMENT = '' ROW_FORMAT = Compact;

-- ----------------------------
-- Records of sys_user_role
-- ----------------------------
INSERT INTO `sys_user_role` VALUES (1, 1);
INSERT INTO `sys_user_role` VALUES (2, 2);
INSERT INTO `sys_user_role` VALUES (101, 2);
INSERT INTO `sys_user_role` VALUES (103, 3);
INSERT INTO `sys_user_role` VALUES (104, 4);

SET FOREIGN_KEY_CHECKS = 1;
